source,target
1,1000
11,1001
9,1002
11,1003
10,1004
11,1005
15,1006
12,1007
11,1008
9,1009
4,1010
6,1011
1,1012
12,1013
9,1014
11,1015
9,1016
12,1017
11,1018
1,1019
9,1020
11,1021
23,1022
3,1023
1,1024
3,1025
1,1026
12,1027
11,1028
9,1029
11,1030
23,1031
9,1032
1,1033
12,1034
11,1035
12,1036
11,1037
6,1038
6,1039
1,1040
11,1041
23,1042
5,1043
1,1044
7,1045
9,1046
12,1047
27,1048
9,1049
3,1050
1,1051
11,1052
27,1053
23,1054
9,1055
9,1056
28,1057
9,1058
1,1059
1,1060
9,1061
11,1062
4,1063
16,1064
11,1065
27,1066
1,1067
12,1068
1,1069
7,1070
1,1071
9,1072
4,1073
6,1074
1,1075
1,1076
1,1077
1,1078
1,1079
1,1080
1,1081
11,1082
12,1083
11,1084
1,1085
5,1086
12,1087
12,1088
11,1089
12,1090
1,1091
11,1092
11,1093
23,1094
11,1095
19,1096
12,1097
12,1098
4,1099
27,1100
12,1101
19,1102
12,1103
12,1104
9,1105
5,1106
9,1107
9,1108
27,1109
9,1110
27,1111
11,1112
9,1113
27,1114
12,1115
28,1116
1,1117
27,1118
12,1119
11,1120
30,1121
22,1122
3,1123
1,1124
27,1125
9,1126
12,1127
11,1128
14,1129
27,1130
9,1131
9,1132
27,1133
27,1134
27,1135
1,1136
14,1137
12,1138
11,1139
15,1140
1,1141
1,1142
1,1143
12,1144
11,1145
9,1146
23,1147
27,1148
9,1149
6,1150
1,1151
1,1152
12,1153
27,1154
9,1155
9,1156
11,1157
5,1158
1,1159
11,1160
27,1161
9,1162
5,1163
27,1164
1,1165
11,1166
25,1167
27,1168
1,1169
11,1170
23,1171
1,1172
19,1173
7,1174
1,1175
27,1176
11,1177
1,1178
1,1179
12,1180
11,1181
6,1182
12,1183
6,1184
11,1185
15,1186
6,1187
12,1188
1,1189
27,1190
27,1191
12,1192
18,1193
1,1194
3,1195
27,1196
12,1197
19,1198
11,1199
26,1200
27,1201
12,1202
1,1203
1,1204
1,1205
12,1206
15,1207
8,1208
5,1209
27,1210
22,1211
7,1212
27,1213
1,1214
27,1215
24,1216
1,1217
1,1218
7,1219
12,1220
9,1221
1,1222
12,1223
23,1224
5,1225
15,1226
3,1227
19,1228
6,1229
6,1230
9,1231
9,1232
5,1233
15,1234
27,1235
1,1236
5,1237
1,1238
12,1239
11,1240
11,1241
11,1242
11,1243
12,1244
12,1245
11,1246
23,1247
3,1248
3,1249
5,1250
1,1251
12,1252
12,1253
19,1254
19,1255
5,1256
12,1257
1,1258
3,1259
12,1260
1,1261
12,1262
27,1263
9,1264
6,1265
12,1266
15,1267
9,1268
6,1269
12,1270
26,1271
25,1272
27,1273
12,1274
27,1275
27,1276
19,1277
1,1278
11,1279
5,1280
1,1281
1,1282
15,1283
12,1284
15,1285
1,1286
6,1287
27,1288
12,1289
22,1290
1,1291
7,1292
19,1293
1,1294
27,1295
9,1296
6,1297
12,1298
26,1299
12,1300
10,1301
9,1302
27,1303
9,1304
9,1305
1,1306
12,1307
11,1308
9,1309
1,1310
11,1311
9,1312
11,1313
12,1314
6,1315
1,1316
11,1317
23,1318
27,1319
12,1320
15,1321
1,1322
11,1323
27,1324
6,1325
6,1326
3,1327
1,1328
1,1329
1,1330
12,1331
11,1332
11,1333
9,1334
28,1335
1,1336
12,1337
9,1338
27,1339
27,1340
15,1341
12,1342
26,1343
11,1344
26,1345
27,1346
1,1347
1,1348
27,1349
28,1350
1,1351
11,1352
9,1353
11,1354
25,1355
12,1356
1,1357
1,1358
1,1359
9,1360
10,1361
3,1362
27,1363
27,1364
12,1365
1,1366
7,1367
9,1368
34,1369
9,1370
15,1371
12,1372
11,1373
9,1374
27,1375
11,1376
5,1377
1,1378
27,1379
27,1380
7,1381
11,1382
27,1383
32,1384
10,1385
11,1386
27,1387
11,1388
5,1389
1,1390
27,1391
22,1392
27,1393
5,1394
32,1395
11,1396
6,1397
1,1398
24,1399
1,1400
26,1401
25,1402
27,1403
12,1404
1,1405
19,1406
20,1407
9,1408
1,1409
1,1410
14,1411
14,1412
11,1413
11,1414
12,1415
28,1416
27,1417
11,1418
12,1419
11,1420
1,1421
1,1422
12,1423
7,1424
3,1425
27,1426
3,1427
9,1428
12,1429
11,1430
12,1431
9,1432
1,1433
27,1434
1,1435
1,1436
11,1437
1,1438
12,1439
11,1440
1,1441
1,1442
12,1443
27,1444
3,1445
9,1446
12,1447
7,1448
27,1449
9,1450
1,1451
4,1452
1,1453
27,1454
1,1455
19,1456
12,1457
7,1458
1,1459
1,1460
32,1461
12,1462
11,1463
1,1464
9,1465
1,1466
27,1467
12,1468
9,1469
12,1470
9,1471
1,1472
27,1473
11,1474
1,1475
12,1476
11,1477
27,1478
12,1479
9,1480
19,1481
12,1482
9,1483
15,1484
1,1485
27,1486
19,1487
1,1488
19,1489
1,1490
26,1491
12,1492
1,1493
9,1494
6,1495
12,1496
25,1497
12,1498
27,1499
11,1500
19,1501
1,1502
30,1503
1,1504
27,1505
5,1506
27,1507
9,1508
12,1509
19,1510
9,1511
12,1512
11,1513
27,1514
15,1515
9,1516
1,1517
1,1518
1,1519
27,1520
7,1521
6,1522
1,1523
12,1524
1,1525
9,1526
11,1527
23,1528
9,1529
12,1530
12,1531
4,1532
1,1533
1,1534
1,1535
6,1536
12,1537
11,1538
6,1539
9,1540
11,1541
5,1542
6,1543
27,1544
27,1545
12,1546
11,1547
1,1548
1,1549
25,1550
12,1551
11,1552
9,1553
4,1554
15,1555
12,1556
5,1557
12,1558
15,1559
27,1560
1,1561
12,1562
6,1563
1,1564
7,1565
1,1566
6,1567
1,1568
20,1569
4,1570
9,1571
25,1572
27,1573
1,1574
15,1575
12,1576
7,1577
1,1578
11,1579
6,1580
1,1581
12,1582
9,1583
9,1584
1,1585
5,1586
1,1587
27,1588
11,1589
27,1590
1,1591
25,1592
27,1593
11,1594
3,1595
15,1596
1,1597
3,1598
19,1599
1,1600
4,1601
1,1602
8,1603
12,1604
27,1605
19,1606
1,1607
9,1608
4,1609
19,1610
6,1611
11,1612
1,1613
9,1614
27,1615
1,1616
9,1617
27,1618
7,1619
9,1620
27,1621
1,1622
1,1623
1,1624
9,1625
28,1626
5,1627
23,1628
7,1629
7,1630
1,1631
3,1632
27,1633
3,1634
1,1635
5,1636
1,1637
11,1638
9,1639
11,1640
12,1641
27,1642
4,1643
9,1644
28,1645
27,1646
9,1647
27,1648
3,1649
12,1650
11,1651
1,1652
9,1653
16,1654
9,1655
11,1656
11,1657
11,1658
9,1659
11,1660
3,1661
11,1662
27,1663
1,1664
9,1665
1,1666
11,1667
11,1668
1,1669
9,1670
3,1671
3,1672
19,1673
27,1674
3,1675
19,1676
27,1677
27,1678
1,1679
27,1680
6,1681
19,1682
1,1683
19,1684
27,1685
1,1686
15,1687
27,1688
1,1689
1,1690
1,1691
1,1692
32,1693
19,1694
1,1695
9,1696
9,1697
11,1698
11,1699
9,1700
27,1701
11,1702
28,1703
1,1704
11,1705
23,1706
3,1707
19,1708
2,1709
1,1710
1,1711
5,1712
27,1713
11,1714
7,1715
9,1716
9,1717
27,1718
23,1719
1,1720
19,1721
1,1722
1,1723
3,1724
1,1725
11,1726
4,1727
5,1728
3,1729
1,1730
1,1731
27,1732
9,1733
27,1734
4,1735
1,1736
3,1737
1,1738
19,1739
19,1740
19,1741
32,1742
1,1743
7,1744
9,1745
1,1746
9,1747
7,1748
27,1749
1,1750
3,1751
3,1752
12,1753
27,1754
1,1755
27,1756
11,1757
24,1758
12,1759
11,1760
9,1761
19,1762
9,1763
21,1764
1,1765
1,1766
27,1767
1,1768
27,1769
5,1770
27,1771
1,1772
19,1773
11,1774
3,1775
19,1776
27,1777
9,1778
1,1779
1,1780
1,1781
1,1782
1,1783
9,1784
9,1785
12,1786
1,1787
27,1788
9,1789
9,1790
27,1791
5,1792
11,1793
1,1794
23,1795
1,1796
1,1797
1,1798
1,1799
12,1800
12,1801
12,1802
19,1803
3,1804
3,1805
1,1806
3,1807
12,1808
4,1809
12,1810
1,1811
1,1812
19,1813
25,1814
19,1815
1,1816
12,1817
28,1818
1,1819
3,1820
9,1821
11,1822
27,1823
1,1824
27,1825
32,1826
27,1827
27,1828
27,1829
23,1830
27,1831
9,1832
27,1833
27,1834
27,1835
23,1836
9,1837
27,1838
27,1839
23,1840
16,1841
11,1842
23,1843
27,1844
23,1845
27,1846
23,1847
27,1848
27,1849
27,1850
27,1851
27,1852
23,1853
11,1854
23,1855
1,1856
27,1857
11,1858
11,1859
11,1860
27,1861
27,1862
23,1863
16,1864
9,1865
27,1866
27,1867
18,1868
23,1869
27,1870
27,1871
23,1872
9,1873
27,1874
23,1875
23,1876
27,1877
11,1878
27,1879
23,1880
25,1881
27,1882
9,1883
11,1884
27,1885
27,1886
23,1887
27,1888
9,1889
27,1890
23,1891
9,1892
27,1893
27,1894
1,1895
23,1896
11,1897
27,1898
27,1899
9,1900
27,1901
11,1902
16,1903
11,1904
27,1905
9,1906
27,1907
23,1908
27,1909
27,1910
23,1911
27,1912
27,1913
11,1914
1,1915
7,1916
3,1917
1,1918
1,1919
27,1920
12,1921
12,1922
1,1923
15,1924
11,1925
9,1926
4,1927
4,1928
12,1929
9,1930
11,1931
19,1932
11,1933
5,1934
25,1935
12,1936
9,1937
11,1938
11,1939
11,1940
3,1941
5,1942
27,1943
3,1944
22,1945
4,1946
11,1947
12,1948
1,1949
1,1950
29,1951
27,1952
12,1953
26,1954
12,1955
22,1956
4,1957
1,1958
9,1959
12,1960
15,1961
1,1962
27,1963
20,1964
11,1965
7,1966
20,1967
11,1968
4,1969
1,1970
28,1971
27,1972
1,1973
27,1974
19,1975
9,1976
9,1977
23,1978
11,1979
3,1980
9,1981
11,1982
19,1983
11,1984
12,1985
29,1986
9,1987
27,1988
27,1989
11,1990
9,1991
9,1992
27,1993
32,1994
27,1995
19,1996
27,1997
4,1998
12,1999
27,2000
23,2001
27,2002
23,2003
12,2004
23,2005
27,2006
19,2007
9,2008
22,2009
27,2010
12,2011
27,2012
11,2013
16,2014
9,2015
9,2016
11,2017
11,2018
26,2019
1,2020
5,2021
9,2022
19,2023
12,2024
11,2025
28,2026
1,2027
9,2028
27,2029
1,2030
5,2031
22,2032
9,2033
9,2034
11,2035
22,2036
1,2037
23,2038
27,2039
1,2040
9,2041
27,2042
7,2043
27,2044
23,2045
1,2046
4,2047
3,2048
9,2049
23,2050
11,2051
12,2052
4,2053
9,2054
32,2055
16,2056
9,2057
9,2058
9,2059
11,2060
1,2061
1,2062
19,2063
9,2064
11,2065
27,2066
5,2067
11,2068
9,2069
12,2070
1,2071
25,2072
19,2073
19,2074
9,2075
16,2076
1,2077
19,2078
9,2079
11,2080
27,2081
11,2082
9,2083
11,2084
19,2085
19,2086
27,2087
27,2088
9,2089
9,2090
27,2091
5,2092
27,2093
23,2094
1,2095
1,2096
1,2097
27,2098
27,2099
21,2100
6,2101
1,2102
27,2103
23,2104
9,2105
9,2106
5,2107
9,2108
1,2109
12,2110
9,2111
19,2112
27,2113
23,2114
27,2115
11,2116
1,2117
1,2118
6,2119
1,2120
14,2121
4,2122
9,2123
9,2124
27,2125
23,2126
30,2127
27,2128
23,2129
16,2130
1,2131
1,2132
9,2133
11,2134
5,2135
27,2136
1,2137
27,2138
1,2139
3,2140
4,2141
12,2142
1,2143
18,2144
15,2145
27,2146
3,2147
7,2148
31,2149
16,2150
1,2151
12,2152
11,2153
9,2154
1,2155
27,2156
11,2157
25,2158
1,2159
27,2160
19,2161
1,2162
1,2163
1,2164
19,2165
1,2166
11,2167
9,2168
11,2169
1,2170
1,2171
12,2172
11,2173
27,2174
9,2175
1,2176
19,2177
12,2178
9,2179
1,2180
27,2181
19,2182
27,2183
23,2184
11,2185
26,2186
5,2187
1,2188
26,2189
11,2190
9,2191
12,2192
11,2193
23,2194
11,2195
9,2196
25,2197
27,2198
4,2199
11,2200
16,2201
24,2202
1,2203
12,2204
1,2205
4,2206
19,2207
5,2208
1,2209
1,2210
27,2211
19,2212
19,2213
19,2214
16,2215
1,2216
23,2217
27,2218
23,2219
28,2220
1,2221
11,2222
12,2223
5,2224
16,2225
27,2226
4,2227
11,2228
19,2229
19,2230
4,2231
23,2232
1,2233
9,2234
1,2235
12,2236
27,2237
9,2238
11,2239
19,2240
23,2241
1,2242
23,2243
11,2244
9,2245
27,2246
4,2247
24,2248
1,2249
9,2250
11,2251
22,2252
9,2253
11,2254
9,2255
19,2256
12,2257
12,2258
1,2259
13,2260
5,2261
36,2262
19,2263
19,2264
9,2265
23,2266
9,2267
11,2268
19,2269
11,2270
32,2271
27,2272
1,2273
1,2274
12,2275
1,2276
27,2277
28,2278
1,2279
27,2280
12,2281
11,2282
9,2283
11,2284
27,2285
1,2286
9,2287
1,2288
11,2289
23,2290
3,2291
1,2292
1,2293
1,2294
1,2295
28,2296
9,2297
27,2298
27,2299
11,2300
11,2301
27,2302
1,2303
1,2304
12,2305
9,2306
11,2307
11,2308
1,2309
9,2310
1,2311
27,2312
12,2313
27,2314
4,2315
11,2316
3,2317
12,2318
19,2319
11,2320
9,2321
19,2322
1,2323
1,2324
27,2325
27,2326
11,2327
19,2328
19,2329
27,2330
1,2331
27,2332
9,2333
7,2334
1,2335
9,2336
11,2337
1,2338
27,2339
9,2340
7,2341
27,2342
5,2343
11,2344
11,2345
19,2346
19,2347
9,2348
27,2349
11,2350
9,2351
27,2352
23,2353
3,2354
3,2355
27,2356
12,2357
1,2358
5,2359
19,2360
11,2361
19,2362
5,2363
12,2364
1,2365
5,2366
25,2367
1,2368
1,2369
14,2370
5,2371
27,2372
3,2373
9,2374
11,2375
5,2376
1,2377
1,2378
1,2379
11,2380
11,2381
9,2382
19,2383
19,2384
27,2385
12,2386
11,2387
1,2388
19,2389
15,2390
11,2391
1,2392
11,2393
9,2394
1,2395
1,2396
1,2397
9,2398
19,2399
11,2400
9,2401
11,2402
11,2403
9,2404
23,2405
11,2406
1,2407
1,2408
27,2409
28,2410
27,2411
12,2412
9,2413
27,2414
9,2415
27,2416
28,2417
27,2418
10,2419
9,2420
27,2421
23,2422
1,2423
27,2424
15,2425
3,2426
11,2427
9,2428
1,2429
1,2430
1,2431
1,2432
1,2433
9,2434
11,2435
7,2436
12,2437
23,2438
27,2439
1,2440
36,2441
27,2442
11,2443
27,2444
1,2445
19,2446
1,2447
12,2448
27,2449
16,2450
4,2451
27,2452
27,2453
1,2454
27,2455
23,2456
19,2457
19,2458
1,2459
27,2460
12,2461
1,2462
16,2463
27,2464
1,2465
27,2466
9,2467
9,2468
11,2469
1,2470
9,2471
6,2472
3,2473
11,2474
9,2475
27,2476
11,2477
11,2478
4,2479
9,2480
1,2481
24,2482
9,2483
27,2484
33,2485
19,2486
9,2487
11,2488
11,2489
16,2490
25,2491
16,2492
9,2493
1,2494
28,2495
27,2496
11,2497
23,2498
27,2499
11,2500
24,2501
27,2502
4,2503
4,2504
3,2505
1,2506
1,2507
24,2508
4,2509
12,2510
27,2511
27,2512
9,2513
27,2514
11,2515
7,2516
23,2517
1,2518
1,2519
7,2520
11,2521
19,2522
19,2523
9,2524
9,2525
9,2526
24,2527
11,2528
19,2529
5,2530
27,2531
12,2532
1,2533
9,2534
1,2535
1,2536
19,2537
5,2538
27,2539
19,2540
12,2541
9,2542
6,2543
4,2544
12,2545
19,2546
11,2547
3,2548
11,2549
11,2550
11,2551
23,2552
1,2553
27,2554
9,2555
1,2556
28,2557
1,2558
9,2559
9,2560
27,2561
23,2562
9,2563
5,2564
12,2565
27,2566
9,2567
1,2568
6,2569
1,2570
11,2571
23,2572
5,2573
1,2574
11,2575
27,2576
9,2577
19,2578
27,2579
27,2580
9,2581
3,2582
12,2583
7,2584
11,2585
28,2586
12,2587
12,2588
11,2589
27,2590
9,2591
9,2592
1,2593
1,2594
15,2595
27,2596
9,2597
7,2598
1,2599
1,2600
30,2601
11,2602
28,2603
19,2604
1,2605
27,2606
23,2607
1,2608
1,2609
1,2610
11,2611
19,2612
28,2613
27,2614
3,2615
9,2616
27,2617
1,2618
15,2619
25,2620
27,2621
4,2622
5,2623
27,2624
1,2625
27,2626
1,2627
1,2628
11,2629
11,2630
27,2631
1,2632
1,2633
19,2634
9,2635
1,2636
28,2637
27,2638
1,2639
11,2640
27,2641
21,2642
27,2643
9,2644
9,2645
25,2646
12,2647
12,2648
1,2649
12,2650
1,2651
26,2652
25,2653
12,2654
22,2655
11,2656
9,2657
4,2658
21,2659
1,2660
4,2661
9,2662
9,2663
11,2664
27,2665
23,2666
27,2667
11,2668
12,2669
20,2670
16,2671
27,2672
19,2673
27,2674
27,2675
12,2676
27,2677
19,2678
36,2679
22,2680
7,2681
27,2682
1,2683
19,2684
11,2685
9,2686
20,2687
21,2688
9,2689
2,2690
14,2691
19,2692
27,2693
19,2694
5,2695
27,2696
7,2697
28,2698
27,2699
11,2700
12,2701
27,2702
1,2703
27,2704
23,2705
11,2706
9,2707
12,2708
1,2709
33,2710
22,2711
1,2712
16,2713
9,2714
23,2715
19,2716
27,2717
19,2718
4,2719
9,2720
1,2721
27,2722
7,2723
21,2724
19,2725
29,2726
27,2727
12,2728
1,2729
27,2730
15,2731
27,2732
33,2733
9,2734
1,2735
14,2736
11,2737
1,2738
9,2739
7,2740
1,2741
11,2742
11,2743
39,2744
9,2745
27,2746
19,2747
9,2748
4,2749
11,2750
21,2751
9,2752
11,2753
6,2754
27,2755
6,2756
27,2757
25,2758
25,2759
27,2760
5,2761
9,2762
9,2763
9,2764
1,2765
9,2766
20,2767
1,2768
1,2769
6,2770
27,2771
9,2772
21,2773
11,2774
16,2775
27,2776
11,2777
9,2778
9,2779
27,2780
9,2781
21,2782
16,2783
1,2784
27,2785
9,2786
16,2787
27,2788
19,2789
19,2790
27,2791
12,2792
9,2793
7,2794
27,2795
11,2796
9,2797
9,2798
27,2799
15,2800
39,2801
1,2802
27,2803
14,2804
23,2805
1,2806
1,2807
1,2808
27,2809
11,2810
9,2811
1,2812
27,2813
9,2814
27,2815
9,2816
12,2817
11,2818
11,2819
1,2820
9,2821
1,2822
1,2823
9,2824
27,2825
11,2826
9,2827
11,2828
27,2829
11,2830
11,2831
9,2832
9,2833
11,2834
9,2835
9,2836
9,2837
19,2838
19,2839
27,2840
11,2841
12,2842
11,2843
27,2844
9,2845
27,2846
23,2847
9,2848
11,2849
9,2850
12,2851
1,2852
9,2853
11,2854
9,2855
9,2856
27,2857
33,2858
1,2859
27,2860
3,2861
11,2862
1,2863
1,2864
12,2865
12,2866
1,2867
1,2868
27,2869
19,2870
5,2871
19,2872
1,2873
1,2874
1,2875
4,2876
1,2877
27,2878
1,2879
1,2880
27,2881
23,2882
1,2883
1,2884
1,2885
11,2886
7,2887
1,2888
27,2889
1,2890
19,2891
9,2892
9,2893
9,2894
11,2895
12,2896
11,2897
9,2898
11,2899
1,2900
15,2901
19,2902
1,2903
27,2904
12,2905
1,2906
27,2907
23,2908
27,2909
1,2910
27,2911
23,2912
12,2913
27,2914
9,2915
9,2916
27,2917
23,2918
3,2919
27,2920
9,2921
7,2922
1,2923
12,2924
11,2925
11,2926
1,2927
27,2928
16,2929
1,2930
27,2931
27,2932
19,2933
27,2934
1,2935
19,2936
11,2937
1,2938
27,2939
9,2940
8,2941
19,2942
7,2943
11,2944
9,2945
9,2946
11,2947
9,2948
9,2949
9,2950
27,2951
23,2952
9,2953
9,2954
11,2955
27,2956
1,2957
27,2958
9,2959
5,2960
1,2961
5,2962
1,2963
1,2964
28,2965
11,2966
1,2967
4,2968
28,2969
11,2970
1,2971
11,2972
1,2973
26,2974
19,2975
9,2976
9,2977
11,2978
7,2979
27,2980
19,2981
19,2982
11,2983
16,2984
1,2985
27,2986
9,2987
7,2988
1,2989
23,2990
1,2991
27,2992
19,2993
19,2994
9,2995
11,2996
19,2997
9,2998
25,2999
1,3000
1,3001
15,3002
3,3003
24,3004
1,3005
1,3006
1,3007
15,3008
5,3009
27,3010
25,3011
19,3012
15,3013
33,3014
1,3015
27,3016
1,3017
1,3018
11,3019
11,3020
27,3021
23,3022
9,3023
27,3024
23,3025
9,3026
27,3027
27,3028
14,3029
11,3030
28,3031
1,3032
11,3033
1,3034
26,3035
9,3036
4,3037
22,3038
9,3039
27,3040
3,3041
11,3042
9,3043
9,3044
27,3045
11,3046
23,3047
19,3048
19,3049
11,3050
9,3051
1,3052
1,3053
12,3054
6,3055
7,3056
12,3057
27,3058
27,3059
11,3060
9,3061
27,3062
6,3063
27,3064
23,3065
9,3066
27,3067
9,3068
1,3069
1,3070
1,3071
27,3072
9,3073
7,3074
1,3075
11,3076
5,3077
11,3078
9,3079
9,3080
1,3081
9,3082
27,3083
11,3084
11,3085
23,3086
24,3087
11,3088
1,3089
7,3090
5,3091
9,3092
9,3093
11,3094
12,3095
1,3096
11,3097
5,3098
9,3099
30,3100
12,3101
1,3102
23,3103
11,3104
27,3105
9,3106
27,3107
11,3108
11,3109
12,3110
11,3111
12,3112
11,3113
1,3114
27,3115
12,3116
12,3117
11,3118
9,3119
12,3120
12,3121
5,3122
9,3123
12,3124
9,3125
27,3126
12,3127
27,3128
27,3129
1,3130
12,3131
6,3132
12,3133
27,3134
9,3135
9,3136
5,3137
9,3138
12,3139
5,3140
12,3141
11,3142
11,3143
9,3144
11,3145
9,3146
1,3147
12,3148
9,3149
11,3150
9,3151
3,3152
1,3153
9,3154
9,3155
11,3156
1,3157
9,3158
12,3159
3,3160
4,3161
29,3162
27,3163
12,3164
12,3165
9,3166
25,3167
9,3168
1,3169
12,3170
11,3171
9,3172
12,3173
9,3174
11,3175
9,3176
11,3177
27,3178
9,3179
32,3180
9,3181
12,3182
11,3183
5,3184
19,3185
27,3186
19,3187
9,3188
12,3189
9,3190
12,3191
9,3192
9,3193
11,3194
6,3195
12,3196
11,3197
23,3198
27,3199
9,3200
12,3201
12,3202
11,3203
5,3204
5,3205
12,3206
12,3207
9,3208
27,3209
1,3210
26,3211
27,3212
12,3213
1,3214
1,3215
4,3216
19,3217
12,3218
11,3219
1,3220
27,3221
11,3222
9,3223
1,3224
12,3225
9,3226
12,3227
11,3228
9,3229
9,3230
12,3231
11,3232
1,3233
12,3234
11,3235
19,3236
19,3237
7,3238
11,3239
23,3240
27,3241
12,3242
14,3243
1,3244
5,3245
9,3246
11,3247
12,3248
11,3249
12,3250
12,3251
12,3252
9,3253
12,3254
27,3255
11,3256
9,3257
12,3258
1,3259
12,3260
9,3261
9,3262
5,3263
12,3264
12,3265
11,3266
12,3267
12,3268
3,3269
4,3270
27,3271
19,3272
27,3273
19,3274
27,3275
15,3276
27,3277
19,3278
1,3279
12,3280
27,3281
19,3282
1,3283
9,3284
1,3285
1,3286
11,3287
6,3288
12,3289
1,3290
9,3291
26,3292
27,3293
1,3294
9,3295
27,3296
11,3297
23,3298
14,3299
1,3300
27,3301
1,3302
12,3303
11,3304
1,3305
11,3306
26,3307
1,3308
12,3309
7,3310
11,3311
27,3312
11,3313
12,3314
5,3315
9,3316
27,3317
7,3318
11,3319
13,3320
3,3321
27,3322
9,3323
9,3324
5,3325
27,3326
12,3327
11,3328
1,3329
9,3330
12,3331
11,3332
4,3333
15,3334
5,3335
1,3336
27,3337
27,3338
12,3339
1,3340
3,3341
6,3342
9,3343
25,3344
27,3345
1,3346
1,3347
27,3348
27,3349
9,3350
1,3351
9,3352
9,3353
27,3354
27,3355
11,3356
9,3357
29,3358
11,3359
1,3360
4,3361
9,3362
1,3363
19,3364
28,3365
1,3366
27,3367
1,3368
4,3369
11,3370
1,3371
27,3372
12,3373
12,3374
11,3375
9,3376
23,3377
13,3378
12,3379
9,3380
11,3381
5,3382
12,3383
12,3384
9,3385
18,3386
12,3387
27,3388
9,3389
11,3390
5,3391
1,3392
27,3393
19,3394
18,3395
9,3396
11,3397
12,3398
11,3399
23,3400
12,3401
16,3402
12,3403
9,3404
11,3405
27,3406
12,3407
9,3408
5,3409
9,3410
1,3411
11,3412
19,3413
4,3414
4,3415
3,3416
1,3417
11,3418
1,3419
9,3420
12,3421
28,3422
1,3423
27,3424
12,3425
24,3426
9,3427
10,3428
27,3429
1,3430
19,3431
1,3432
1,3433
27,3434
19,3435
28,3436
11,3437
9,3438
1,3439
36,3440
1,3441
12,3442
21,3443
1,3444
11,3445
9,3446
9,3447
4,3448
27,3449
23,3450
27,3451
27,3452
9,3453
27,3454
12,3455
24,3456
15,3457
27,3458
27,3459
9,3460
19,3461
27,3462
9,3463
27,3464
1,3465
9,3466
15,3467
1,3468
19,3469
11,3470
1,3471
9,3472
9,3473
9,3474
3,3475
4,3476
16,3477
11,3478
24,3479
23,3480
11,3481
18,3482
7,3483
27,3484
27,3485
1,3486
12,3487
27,3488
11,3489
9,3490
19,3491
23,3492
27,3493
9,3494
9,3495
10,3496
19,3497
27,3498
1,3499
9,3500
11,3501
19,3502
27,3503
12,3504
11,3505
7,3506
11,3507
9,3508
11,3509
11,3510
9,3511
9,3512
1,3513
9,3514
9,3515
11,3516
9,3517
11,3518
24,3519
9,3520
11,3521
12,3522
1,3523
9,3524
9,3525
1,3526
27,3527
9,3528
11,3529
4,3530
9,3531
39,3532
9,3533
27,3534
9,3535
11,3536
9,3537
1,3538
27,3539
9,3540
11,3541
9,3542
11,3543
27,3544
9,3545
19,3546
27,3547
23,3548
27,3549
7,3550
27,3551
15,3552
4,3553
11,3554
27,3555
9,3556
27,3557
9,3558
11,3559
11,3560
11,3561
11,3562
27,3563
9,3564
1,3565
27,3566
11,3567
27,3568
9,3569
1,3570
1,3571
27,3572
22,3573
11,3574
9,3575
11,3576
9,3577
9,3578
11,3579
22,3580
9,3581
27,3582
27,3583
27,3584
11,3585
9,3586
11,3587
9,3588
9,3589
1,3590
9,3591
11,3592
27,3593
9,3594
1,3595
27,3596
25,3597
11,3598
9,3599
27,3600
9,3601
1,3602
11,3603
9,3604
27,3605
27,3606
11,3607
9,3608
6,3609
23,3610
27,3611
11,3612
27,3613
9,3614
11,3615
22,3616
27,3617
11,3618
9,3619
12,3620
9,3621
1,3622
9,3623
9,3624
11,3625
22,3626
9,3627
9,3628
9,3629
9,3630
1,3631
12,3632
9,3633
27,3634
27,3635
11,3636
9,3637
11,3638
27,3639
9,3640
11,3641
27,3642
11,3643
9,3644
11,3645
9,3646
9,3647
11,3648
3,3649
11,3650
9,3651
9,3652
9,3653
22,3654
27,3655
1,3656
9,3657
1,3658
22,3659
9,3660
12,3661
1,3662
1,3663
11,3664
27,3665
11,3666
11,3667
11,3668
9,3669
9,3670
9,3671
11,3672
5,3673
12,3674
11,3675
9,3676
9,3677
1,3678
11,3679
9,3680
11,3681
11,3682
27,3683
9,3684
27,3685
1,3686
9,3687
9,3688
27,3689
9,3690
11,3691
19,3692
9,3693
19,3694
19,3695
12,3696
19,3697
12,3698
1,3699
11,3700
9,3701
11,3702
1,3703
27,3704
9,3705
9,3706
12,3707
27,3708
1,3709
11,3710
14,3711
1,3712
1,3713
12,3714
19,3715
9,3716
9,3717
27,3718
9,3719
11,3720
9,3721
1,3722
27,3723
9,3724
27,3725
35,3726
27,3727
27,3728
11,3729
11,3730
9,3731
5,3732
9,3733
9,3734
25,3735
22,3736
11,3737
11,3738
27,3739
9,3740
27,3741
3,3742
9,3743
26,3744
15,3745
12,3746
11,3747
9,3748
7,3749
11,3750
27,3751
27,3752
11,3753
9,3754
19,3755
9,3756
9,3757
9,3758
19,3759
11,3760
27,3761
9,3762
9,3763
27,3764
23,3765
11,3766
9,3767
11,3768
11,3769
12,3770
11,3771
8,3772
9,3773
11,3774
27,3775
23,3776
9,3777
9,3778
22,3779
9,3780
9,3781
9,3782
9,3783
9,3784
1,3785
12,3786
9,3787
1,3788
11,3789
9,3790
19,3791
22,3792
9,3793
11,3794
11,3795
9,3796
9,3797
9,3798
9,3799
9,3800
8,3801
9,3802
9,3803
17,3804
9,3805
9,3806
13,3807
9,3808
16,3809
1,3810
11,3811
9,3812
11,3813
11,3814
9,3815
9,3816
27,3817
19,3818
19,3819
1,3820
11,3821
27,3822
9,3823
11,3824
9,3825
7,3826
1,3827
11,3828
11,3829
9,3830
1,3831
11,3832
9,3833
24,3834
9,3835
11,3836
11,3837
11,3838
11,3839
27,3840
11,3841
27,3842
9,3843
27,3844
9,3845
11,3846
11,3847
19,3848
23,3849
24,3850
9,3851
11,3852
9,3853
11,3854
12,3855
16,3856
9,3857
27,3858
19,3859
27,3860
9,3861
9,3862
9,3863
19,3864
10,3865
27,3866
1,3867
4,3868
9,3869
19,3870
11,3871
27,3872
9,3873
11,3874
24,3875
9,3876
9,3877
9,3878
27,3879
9,3880
9,3881
27,3882
11,3883
9,3884
9,3885
7,3886
9,3887
9,3888
1,3889
8,3890
9,3891
12,3892
9,3893
11,3894
13,3895
19,3896
27,3897
9,3898
11,3899
11,3900
11,3901
27,3902
19,3903
40,3904
19,3905
9,3906
9,3907
9,3908
11,3909
9,3910
11,3911
9,3912
19,3913
27,3914
27,3915
9,3916
27,3918
27,3918
11,3919
9,3920
11,3921
9,3922
11,3923
27,3924
27,3925
23,3926
11,3927
9,3928
19,3929
11,3930
19,3931
27,3932
9,3933
11,3934
27,3935
28,3936
11,3937
9,3938
1,3939
27,3940
10,3941
27,3942
9,3943
9,3944
11,3945
11,3946
9,3947
13,3948
12,3949
11,3950
11,3951
9,3952
9,3953
11,3954
9,3955
11,3956
27,3957
9,3958
9,3959
9,3960
9,3961
19,3962
9,3963
11,3964
9,3965
11,3966
9,3967
11,3968
5,3969
12,3970
9,3971
27,3972
11,3973
11,3975
11,3975
27,3976
9,3977
11,3978
9,3979
11,3980
19,3981
9,3982
9,3983
27,3984
9,3985
9,3986
9,3987
9,3988
9,3989
27,3990
9,3991
27,3992
9,3993
9,3994
11,3995
27,3996
25,3997
9,3998
11,3999
9,4000
9,4001
4,4002
27,4003
1,4004
19,4005
19,4006
1,4007
25,4008
19,4009
1,4010
12,4011
9,4012
1,4013
9,4014
26,4015
27,4016
23,4017
9,4018
11,4019
25,4020
16,4021
9,4022
27,4023
12,4024
12,4025
1,4026
11,4027
1,4028
11,4029
19,4030
27,4031
9,4032
30,4033
1,4034
11,4035
9,4036
11,4037
7,4038
25,4039
32,4040
11,4041
15,4042
19,4043
1,4044
11,4045
1,4046
9,4047
11,4048
9,4049
7,4050
19,4051
9,4052
9,4053
19,4054
1,4055
9,4057
9,4057
19,4058
9,4059
22,4060
30,4061
27,4062
23,4063
27,4064
27,4065
1,4066
12,4067
23,4068
9,4069
3,4070
20,4071
22,4072
11,4073
1,4074
9,4075
23,4076
27,4077
19,4078
9,4079
27,4080
23,4081
21,4082
24,4083
25,4084
27,4085
27,4086
19,4087
27,4088
22,4089
12,4090
1,4091
9,4092
1,4093
11,4094
11,4095
19,4096
4,4097
9,4098
3,4099
2,4100
1,4101
28,4102
20,4103
27,4104
25,4105
9,4106
27,4107
9,4108
19,4109
19,4110
11,4111
1,4112
11,4113
27,4114
19,4115
9,4116
9,4117
27,4118
11,4119
1,4120
1,4121
27,4122
32,4123
1,4124
4,4125
1,4126
1,4127
9,4128
7,4129
1,4130
19,4131
15,4132
1,4133
3,4134
27,4135
24,4136
27,4137
27,4138
1,4139
4,4140
4,4141
9,4142
11,4143
19,4144
19,4145
25,4146
27,4147
19,4148
9,4149
4,4150
1,4151
1,4152
27,4153
9,4154
1,4155
1,4156
1,4157
27,4158
11,4159
11,4160
9,4161
25,4162
34,4163
1,4164
11,4165
9,4166
9,4167
19,4168
11,4169
9,4170
3,4171
27,4172
3,4173
4,4174
27,4175
9,4176
19,4177
27,4178
9,4179
1,4180
1,4181
27,4182
11,4183
12,4184
11,4185
27,4186
11,4187
9,4188
27,4189
9,4190
1,4191
27,4192
12,4193
11,4194
12,4195
27,4196
1,4197
4,4198
19,4199
19,4200
12,4201
7,4202
11,4203
12,4204
1,4205
16,4206
19,4207
11,4208
1,4209
1,4210
9,4211
16,4212
3,4213
9,4214
1,4215
5,4216
9,4217
9,4218
23,4219
11,4220
1,4221
9,4222
9,4223
27,4224
12,4225
12,4226
11,4227
19,4228
1,4229
12,4230
1,4231
28,4232
1,4233
23,4234
12,4235
11,4236
27,4237
1,4238
27,4239
12,4240
27,4241
11,4242
19,4243
19,4244
27,4245
23,4246
36,4247
11,4248
9,4249
27,4250
9,4251
1,4252
27,4253
9,4254
21,4255
11,4256
4,4257
19,4258
27,4259
11,4260
1,4261
3,4262
39,4263
16,4264
19,4265
4,4266
1,4267
1,4268
27,4269
4,4270
1,4271
1,4272
4,4273
9,4274
1,4275
1,4276
11,4277
11,4278
11,4279
9,4280
27,4281
27,4282
19,4283
11,4284
1,4285
27,4286
1,4287
1,4288
12,4289
23,4290
27,4291
4,4292
4,4293
19,4294
19,4295
16,4296
27,4297
11,4298
1,4299
9,4300
1,4301
9,4302
27,4303
23,4304
11,4305
15,4306
11,4307
25,4308
23,4309
27,4310
23,4311
11,4312
3,4313
1,4314
27,4315
11,4316
9,4317
1,4318
27,4319
27,4320
9,4321
24,4322
11,4323
27,4324
9,4325
12,4326
4,4327
19,4328
27,4329
4,4330
24,4331
1,4332
1,4333
16,4334
27,4335
1,4336
27,4337
11,4338
11,4339
9,4340
11,4341
27,4342
9,4343
27,4344
23,4345
27,4346
25,4347
25,4348
1,4349
12,4350
4,4351
4,4352
20,4353
28,4354
27,4355
1,4356
27,4357
27,4358
11,4359
19,4360
4,4361
27,4362
1,4363
16,4364
9,4365
1,4366
1,4367
27,4368
11,4369
13,4370
1,4371
19,4372
27,4373
13,4374
36,4375
1,4376
11,4377
9,4378
3,4379
9,4380
11,4381
12,4382
11,4383
22,4384
12,4385
23,4386
13,4387
11,4388
9,4389
19,4390
23,4391
27,4392
23,4393
27,4394
1,4395
13,4396
27,4397
23,4398
19,4399
9,4400
27,4401
23,4402
12,4403
27,4404
9,4405
19,4406
23,4407
1,4408
22,4409
27,4410
20,4411
27,4412
12,4413
9,4414
19,4415
27,4416
23,4417
9,4418
23,4419
9,4420
27,4421
23,4422
3,4423
19,4424
6,4425
3,4426
12,4427
15,4428
1,4429
27,4430
25,4431
20,4432
3,4433
27,4434
1,4435
1,4436
4,4437
9,4438
3,4439
12,4440
9,4441
12,4442
11,4443
5,4444
1,4445
27,4446
9,4447
11,4448
12,4449
11,4450
11,4451
6,4452
1,4453
9,4454
11,4455
23,4456
11,4457
23,4458
15,4459
1,4460
27,4461
6,4462
27,4463
6,4464
1,4465
26,4466
25,4467
27,4468
6,4469
25,4470
12,4471
1,4472
1,4473
9,4474
9,4475
3,4476
12,4477
11,4478
12,4479
3,4480
25,4481
27,4482
12,4483
27,4484
28,4485
12,4486
11,4487
15,4488
1,4489
4,4490
9,4491
1,4492
1,4493
27,4494
7,4495
5,4496
5,4497
3,4498
27,4499
1,4500
1,4501
21,4502
27,4503
19,4504
1,4505
19,4506
1,4507
1,4508
9,4509
11,4510
12,4511
12,4512
11,4513
9,4514
1,4515
27,4516
1,4517
11,4518
5,4519
3,4520
14,4521
7,4522
27,4523
12,4524
11,4525
4,4526
6,4527
4,4528
7,4529
11,4530
12,4531
9,4532
1,4533
11,4534
12,4535
12,4536
9,4537
27,4538
9,4539
12,4540
11,4541
11,4542
23,4543
11,4544
12,4545
27,4546
27,4547
12,4548
1,4549
27,4550
12,4551
26,4552
12,4553
1,4554
1,4555
20,4556
12,4557
19,4558
1,4559
25,4560
27,4561
12,4562
1,4563
11,4564
23,4565
1,4566
26,4567
27,4568
12,4569
11,4570
11,4571
6,4572
27,4573
6,4574
12,4575
26,4576
12,4577
11,4578
12,4579
12,4580
27,4581
19,4582
26,4583
29,4584
7,4585
1,4586
27,4587
11,4588
1,4589
11,4590
18,4591
12,4592
15,4593
11,4594
12,4595
27,4596
12,4597
1,4598
12,4599
11,4600
12,4601
27,4602
12,4603
9,4604
1,4605
11,4606
18,4607
1,4608
27,4609
12,4610
11,4611
12,4612
9,4613
5,4614
1,4615
1,4616
11,4617
9,4618
4,4619
4,4620
9,4621
1,4622
25,4623
27,4624
19,4625
1,4626
3,4627
1,4628
11,4629
9,4630
27,4631
3,4632
1,4633
27,4634
27,4635
25,4636
1,4637
1,4638
12,4639
6,4640
29,4641
27,4642
12,4643
1,4644
26,4645
12,4646
12,4647
1,4648
15,4649
27,4650
12,4651
27,4652
15,4653
24,4654
4,4655
12,4656
12,4657
11,4658
27,4659
6,4660
19,4661
9,4662
1,4663
11,4664
23,4665
12,4666
11,4667
23,4668
11,4669
27,4670
9,4671
12,4672
11,4673
11,4674
9,4675
19,4676
12,4677
1,4678
11,4679
1,4680
5,4681
27,4682
11,4683
23,4684
11,4685
28,4686
12,4687
12,4688
15,4689
1,4690
12,4691
7,4692
27,4693
12,4694
15,4695
11,4696
11,4697
23,4698
9,4699
11,4700
1,4701
9,4702
12,4703
15,4704
1,4705
27,4706
1,4707
9,4708
11,4709
12,4710
11,4711
11,4712
12,4713
11,4714
11,4715
5,4716
9,4717
1,4718
11,4719
11,4720
23,4721
12,4722
11,4723
23,4724
9,4725
27,4726
9,4727
9,4728
11,4729
9,4730
5,4731
12,4732
1,4733
15,4734
1,4735
11,4736
5,4737
27,4738
1,4739
1,4740
11,4741
23,4742
1,4743
12,4744
12,4745
11,4746
15,4747
1,4748
27,4749
9,4750
6,4751
11,4752
23,4753
12,4754
9,4755
15,4756
1,4757
12,4758
9,4759
25,4760
27,4761
27,4762
6,4763
1,4764
12,4765
11,4766
27,4767
9,4768
1,4769
11,4770
11,4771
5,4772
19,4773
3,4774
9,4775
6,4776
27,4777
9,4778
11,4779
11,4780
19,4781
15,4782
1,4783
9,4784
11,4785
11,4786
11,4787
1,4788
2,4789
19,4790
12,4791
25,4792
1,4793
12,4794
9,4795
6,4796
1,4797
1,4798
3,4799
1,4800
9,4801
27,4802
27,4803
12,4804
12,4805
6,4806
11,4807
9,4808
28,4809
1,4810
27,4811
9,4812
11,4813
19,4814
28,4815
1,4816
12,4817
27,4818
9,4819
11,4820
9,4821
1,4822
11,4823
11,4824
23,4825
7,4826
27,4827
9,4828
3,4829
9,4830
1,4831
27,4832
9,4833
12,4834
1,4835
1,4836
19,4837
1,4838
12,4839
15,4840
12,4841
11,4842
1,4843
3,4844
15,4845
1,4846
27,4847
1,4848
1,4849
19,4850
1,4851
19,4852
1,4853
12,4854
11,4855
3,4856
20,4857
12,4858
11,4859
27,4860
3,4861
1,4862
9,4863
7,4864
19,4865
33,4866
11,4867
15,4868
7,4869
11,4870
27,4871
19,4872
1,4873
27,4874
4,4875
12,4876
1,4877
7,4878
1,4879
1,4880
1,4881
12,4882
9,4883
1,4884
11,4885
1,4886
9,4887
11,4888
11,4889
1,4890
12,4891
11,4892
12,4893
12,4894
1,4895
16,4896
1,4897
12,4898
1,4899
6,4900
28,4901
1,4902
1,4903
27,4904
12,4905
9,4906
1,4907
11,4908
27,4909
26,4910
12,4911
29,4912
12,4913
9,4914
11,4915
11,4916
5,4917
12,4918
11,4919
30,4920
1,4921
1,4922
12,4923
12,4924
27,4925
11,4926
11,4927
11,4928
19,4929
1,4930
27,4931
9,4932
33,4933
1,4934
12,4935
23,4936
11,4937
7,4938
1,4939
12,4940
6,4941
4,4942
15,4943
12,4944
11,4945
27,4946
9,4947
9,4948
22,4949
3,4950
4,4951
5,4952
27,4953
7,4954
27,4955
24,4956
19,4957
5,4958
9,4959
1,4960
19,4961
19,4962
27,4963
1,4964
11,4965
23,4966
1,4967
20,4968
9,4969
11,4970
5,4971
1,4972
7,4973
1,4974
1,4975
1,4976
1,4977
1,4978
12,4979
1,4980
19,4981
1,4982
11,4983
12,4984
22,4985
5,4986
6,4987
9,4988
1,4989
1,4990
1,4991
27,4992
19,4993
1,4994
12,4995
5,4996
11,4997
15,4998
12,4999
7,5000
19,5001
28,5002
5,5003
1,5004
22,5005
12,5006
27,5007
9,5008
1,5009
1,5010
1,5011
11,5012
1,5013
12,5014
22,5015
15,5016
1,5017
3,5018
1,5019
27,5020
9,5021
11,5022
11,5023
12,5024
12,5025
1,5026
9,5027
11,5028
27,5029
28,5030
11,5031
23,5032
9,5033
11,5034
9,5035
12,5036
1,5037
5,5038
27,5039
9,5040
12,5041
7,5042
1,5043
1,5044
27,5045
9,5046
1,5047
6,5048
9,5049
14,5050
5,5051
1,5052
1,5053
12,5054
29,5055
12,5056
1,5057
27,5058
11,5059
9,5060
2,5061
1,5062
1,5063
12,5064
19,5065
1,5066
32,5067
3,5068
9,5069
32,5070
5,5071
32,5072
1,5073
12,5074
20,5075
1,5076
5,5077
11,5078
9,5079
9,5080
11,5081
15,5082
19,5083
25,5084
5,5085
9,5086
5,5087
9,5088
1,5089
19,5090
19,5091
9,5092
5,5093
1,5094
1,5095
19,5096
3,5097
27,5098
1,5099
12,5100
12,5101
9,5102
11,5103
27,5104
3,5105
1,5106
27,5107
7,5108
12,5109
11,5110
9,5111
1,5112
7,5113
9,5114
3,5115
11,5116
30,5117
12,5118
11,5119
12,5120
11,5121
1,5122
28,5123
12,5124
1,5125
9,5126
11,5127
9,5128
1,5129
5,5130
15,5131
1,5132
11,5133
27,5134
23,5135
15,5136
22,5137
11,5138
7,5139
9,5140
11,5141
11,5142
19,5143
12,5144
1,5145
9,5146
11,5147
11,5148
9,5149
3,5150
9,5151
9,5152
4,5153
7,5154
27,5155
15,5156
27,5157
6,5158
25,5159
1,5160
9,5161
3,5162
25,5163
19,5164
1,5165
11,5166
23,5167
12,5168
26,5169
25,5170
12,5171
9,5172
1,5173
1,5174
19,5175
11,5176
1,5177
4,5178
12,5179
27,5180
34,5181
9,5182
11,5183
9,5184
27,5185
23,5186
7,5187
19,5188
15,5189
12,5190
19,5191
27,5192
19,5193
6,5194
12,5195
12,5196
11,5197
9,5198
1,5199
1,5200
9,5201
27,5202
12,5203
9,5204
11,5205
23,5206
5,5207
12,5208
12,5209
12,5210
11,5211
1,5212
1,5213
3,5214
27,5215
1,5216
1,5217
1,5218
9,5219
5,5220
11,5221
12,5222
26,5223
12,5224
9,5225
1,5226
11,5227
1,5228
1,5229
27,5230
1,5231
9,5232
1,5233
1,5234
32,5235
27,5236
12,5237
21,5238
1,5239
1,5240
5,5241
1,5242
26,5243
27,5244
12,5245
12,5246
1,5247
12,5248
27,5249
11,5250
23,5251
27,5252
6,5253
27,5254
11,5255
9,5256
7,5257
1,5258
5,5259
25,5260
27,5261
19,5262
1,5263
1,5264
12,5265
15,5266
11,5267
23,5268
1,5269
11,5270
22,5271
6,5272
20,5273
26,5274
9,5275
29,5276
25,5277
27,5278
12,5279
26,5280
12,5281
25,5282
25,5283
27,5284
12,5285
27,5286
11,5287
22,5288
1,5289
27,5290
1,5291
12,5292
9,5293
4,5294
5,5295
3,5296
1,5297
9,5298
12,5299
7,5300
9,5301
1,5302
1,5303
5,5304
6,5305
27,5306
9,5307
1,5308
9,5309
23,5310
1,5311
5,5312
28,5313
5,5314
1,5315
27,5316
9,5317
3,5318
9,5319
12,5320
15,5321
3,5322
27,5323
4,5324
6,5325
9,5326
29,5327
1,5328
1,5329
1,5330
26,5331
1,5332
27,5333
1,5334
1,5335
9,5336
12,5337
9,5338
29,5339
8,5340
25,5341
27,5342
1,5343
3,5344
1,5345
26,5346
12,5347
6,5348
27,5349
1,5350
1,5351
3,5352
27,5353
9,5354
12,5355
11,5356
9,5357
9,5358
27,5359
12,5360
27,5361
9,5362
19,5363
27,5364
9,5365
15,5366
12,5367
9,5368
9,5369
1,5370
11,5371
12,5372
20,5373
12,5374
29,5375
7,5376
11,5377
27,5378
9,5379
11,5380
1,5381
26,5382
1,5383
33,5384
9,5385
11,5386
1,5387
12,5388
25,5389
7,5390
7,5391
33,5392
1,5393
1,5394
19,5395
1,5396
9,5397
3,5398
17,5399
4,5400
5,5401
1,5402
1,5403
1,5404
11,5405
1,5406
1,5407
6,5408
26,5409
12,5410
1,5411
20,5412
15,5413
3,5414
1,5415
1,5416
5,5417
12,5418
1,5419
1,5420
5,5421
27,5422
25,5423
11,5424
19,5425
3,5426
17,5427
27,5428
1,5429
1,5430
15,5431
27,5432
23,5433
1,5434
9,5435
1,5436
1,5437
3,5438
12,5439
3,5440
11,5441
9,5442
13,5443
25,5444
28,5445
5,5446
9,5447
27,5448
5,5449
1,5450
12,5451
20,5452
27,5453
11,5454
9,5455
9,5456
27,5457
23,5458
9,5459
27,5460
11,5461
9,5462
16,5463
1,5464
11,5465
11,5466
11,5467
12,5468
1,5469
25,5470
27,5471
12,5472
1,5473
6,5474
11,5475
6,5476
1,5477
9,5478
21,5479
1,5480
1,5481
3,5482
9,5483
3,5484
12,5485
1,5486
28,5487
22,5488
11,5489
9,5490
5,5491
11,5492
1,5493
9,5494
27,5495
23,5496
9,5497
27,5498
9,5499
28,5500
11,5501
4,5502
3,5503
1,5504
9,5505
5,5506
27,5507
27,5508
5,5509
1,5510
28,5511
1,5512
9,5513
6,5514
1,5515
12,5516
6,5517
3,5518
25,5519
11,5520
9,5521
1,5522
27,5523
9,5524
27,5525
20,5526
3,5527
27,5528
1,5529
19,5530
1,5531
22,5532
11,5533
28,5534
16,5535
27,5536
11,5537
1,5538
3,5539
1,5540
11,5541
27,5542
3,5543
15,5544
4,5545
11,5546
7,5547
11,5548
5,5549
27,5550
19,5551
12,5552
9,5553
27,5554
12,5555
29,5556
15,5557
1,5558
12,5559
25,5560
12,5561
19,5562
15,5563
11,5564
1,5565
1,5566
1,5567
22,5568
9,5569
9,5570
27,5571
5,5572
1,5573
1,5574
28,5575
27,5576
11,5577
9,5578
25,5579
7,5580
9,5581
15,5582
7,5583
1,5584
9,5585
27,5586
23,5587
1,5588
11,5589
9,5590
11,5591
27,5592
23,5593
11,5594
1,5595
36,5596
1,5597
9,5598
11,5599
23,5600
6,5601
16,5602
3,5603
27,5604
11,5605
11,5606
21,5607
9,5608
4,5609
23,5610
19,5611
11,5612
9,5613
40,5614
3,5615
27,5616
1,5617
19,5618
27,5619
27,5620
9,5621
24,5622
2,5623
11,5624
9,5625
27,5626
9,5627
19,5628
3,5629
1,5630
12,5631
4,5632
27,5633
27,5634
27,5635
27,5636
19,5637
27,5638
19,5639
9,5640
27,5641
23,5642
1,5643
11,5644
9,5645
21,5646
27,5647
11,5648
11,5649
1,5650
1,5651
11,5652
27,5653
1,5654
11,5655
27,5656
9,5657
21,5658
1,5659
9,5660
11,5661
27,5662
11,5663
1,5664
1,5665
1,5666
27,5667
9,5668
27,5669
23,5670
27,5671
27,5672
1,5673
9,5674
11,5675
27,5676
23,5677
1,5678
28,5679
13,5680
11,5681
11,5682
27,5683
1,5684
11,5685
1,5686
27,5687
15,5688
27,5689
9,5690
11,5691
27,5692
9,5693
4,5694
9,5695
15,5696
9,5697
11,5698
9,5699
9,5700
9,5701
9,5702
23,5703
11,5704
4,5705
19,5706
11,5707
14,5708
9,5709
18,5710
19,5711
18,5712
1,5713
24,5714
1,5715
1,5716
25,5717
1,5718
25,5719
28,5720
27,5721
11,5722
9,5723
9,5724
11,5725
9,5726
28,5727
1,5728
9,5729
7,5730
27,5731
11,5732
9,5733
27,5734
27,5735
23,5736
9,5737
15,5738
9,5739
11,5740
11,5741
25,5742
11,5743
9,5744
9,5745
27,5746
23,5747
11,5748
18,5749
7,5750
1,5751
1,5752
1,5753
1,5754
27,5755
28,5756
1,5757
11,5758
11,5759
36,5760
11,5761
1,5762
1,5763
27,5764
9,5765
21,5766
1,5767
11,5768
1,5769
9,5770
27,5771
27,5772
19,5773
9,5774
2,5775
12,5776
1,5777
11,5778
1,5779
1,5780
1,5781
11,5782
12,5783
1,5784
11,5785
12,5786
1,5787
7,5788
11,5789
6,5790
1,5791
1,5792
12,5793
27,5794
11,5795
28,5796
9,5797
23,5798
27,5799
19,5800
11,5801
1,5802
1,5803
11,5804
1,5805
23,5806
27,5807
27,5808
9,5809
11,5810
23,5811
4,5812
27,5813
27,5814
27,5815
9,5816
9,5817
27,5818
3,5819
11,5820
23,5821
27,5822
11,5823
1,5824
27,5825
19,5826
16,5827
27,5828
11,5829
23,5830
5,5831
27,5832
20,5833
11,5834
9,5835
27,5836
12,5837
25,5838
27,5839
19,5840
9,5841
16,5842
12,5843
9,5844
1,5845
11,5846
9,5847
11,5848
27,5849
23,5850
1,5851
9,5852
27,5853
23,5854
28,5855
1,5856
25,5857
11,5858
1,5859
9,5860
7,5861
1,5862
12,5863
1,5864
16,5865
10,5866
27,5867
7,5868
1,5869
27,5870
9,5871
11,5872
11,5873
7,5874
11,5875
1,5876
1,5877
9,5878
11,5879
27,5880
23,5881
19,5882
1,5883
28,5884
11,5885
9,5886
27,5887
1,5888
27,5889
27,5890
29,5891
12,5892
23,5893
9,5894
9,5895
1,5896
9,5897
4,5898
11,5899
9,5900
27,5901
1,5902
11,5903
12,5904
1,5905
5,5906
1,5907
27,5908
12,5909
1,5910
1,5911
25,5912
11,5913
9,5914
1,5915
11,5916
9,5917
27,5918
23,5919
5,5920
30,5921
27,5922
9,5923
11,5924
11,5925
11,5926
27,5927
12,5928
12,5929
16,5930
11,5931
9,5932
11,5933
9,5934
9,5935
27,5936
1,5937
27,5938
19,5939
12,5940
19,5941
19,5942
19,5943
1,5944
9,5945
33,5946
11,5947
23,5948
11,5949
1,5950
16,5951
27,5952
11,5953
22,5954
1,5955
11,5956
4,5957
9,5958
23,5959
4,5960
11,5961
11,5962
1,5963
27,5964
19,5965
9,5966
11,5967
28,5968
7,5969
19,5970
27,5971
9,5972
27,5973
9,5974
27,5975
23,5976
1,5977
27,5978
1,5979
1,5980
27,5981
11,5982
27,5983
9,5984
7,5985
19,5986
11,5987
1,5988
1,5989
25,5990
27,5991
11,5992
1,5993
4,5994
9,5995
27,5996
9,5997
16,5998
19,5999
19,6000
27,6001
19,6002
28,6003
27,6004
11,6005
2,6006
28,6007
1,6008
19,6009
27,6010
24,6011
1,6013
1,6013
27,6014
23,6015
11,6016
11,6017
12,6018
11,6019
22,6020
19,6021
1,6022
9,6023
9,6024
11,6025
19,6026
1,6027
3,6028
1,6029
9,6030
27,6031
23,6032
4,6033
27,6034
33,6035
23,6036
11,6037
11,6038
19,6039
9,6040
1,6041
3,6042
16,6043
12,6044
3,6045
1,6046
9,6047
27,6048
23,6049
27,6050
1,6051
40,6052
36,6053
1,6054
12,6055
27,6056
9,6057
23,6058
24,6059
19,6060
9,6061
25,6062
13,6063
27,6064
1,6065
27,6066
21,6067
25,6068
27,6069
11,6070
19,6071
27,6072
1,6073
27,6074
23,6075
27,6076
1,6077
27,6078
11,6079
12,6080
1,6081
9,6082
9,6083
7,6084
1,6085
12,6086
9,6087
11,6088
19,6089
16,6090
9,6091
15,6092
1,6093
11,6094
12,6095
11,6096
4,6097
5,6098
1,6099
27,6100
27,6101
5,6102
15,6103
11,6104
11,6105
9,6106
3,6107
1,6108
5,6109
1,6110
27,6111
1,6112
25,6113
9,6114
1,6115
27,6116
11,6117
27,6118
11,6119
11,6120
19,6121
11,6122
9,6123
11,6124
27,6125
21,6126
22,6127
22,6128
19,6129
9,6130
1,6131
12,6132
27,6133
1,6134
1,6135
1,6136
28,6137
27,6138
9,6139
27,6140
9,6141
27,6142
22,6143
11,6144
1,6145
9,6146
12,6147
11,6148
9,6149
25,6150
1,6151
26,6152
27,6153
1,6154
15,6155
1,6156
19,6157
1,6158
1,6159
1,6160
15,6161
1,6162
11,6163
12,6164
9,6165
1,6166
11,6167
1,6168
27,6169
11,6170
1,6171
1,6172
11,6173
27,6174
12,6175
9,6176
1,6177
9,6178
19,6179
1,6180
11,6181
11,6182
1,6183
11,6184
19,6185
1,6186
11,6187
28,6188
1,6189
10,6190
11,6191
27,6192
9,6193
19,6194
27,6195
11,6196
9,6197
23,6198
6,6199
9,6200
27,6201
11,6202
9,6203
23,6204
27,6205
20,6206
9,6207
11,6208
14,6209
11,6210
16,6211
3,6212
1,6213
27,6214
19,6215
19,6216
3,6217
27,6218
9,6219
2,6220
1,6221
23,6222
9,6223
27,6224
9,6225
11,6226
9,6227
19,6228
4,6229
23,6230
24,6231
7,6232
1,6233
1,6234
19,6235
1,6236
1,6237
15,6238
19,6239
1,6240
15,6241
1,6242
27,6243
27,6244
9,6245
12,6246
11,6247
27,6248
9,6249
5,6250
1,6251
25,6252
27,6253
12,6254
27,6255
23,6256
7,6257
11,6258
23,6259
6,6260
27,6261
7,6262
27,6263
1,6264
9,6265
1,6266
37,6267
12,6268
12,6269
9,6270
11,6271
1,6272
1,6273
27,6274
1,6275
11,6276
12,6277
27,6278
12,6279
11,6280
11,6281
27,6282
9,6283
5,6284
12,6285
1,6286
11,6287
11,6288
12,6289
9,6290
11,6291
12,6292
11,6293
12,6294
9,6295
11,6296
5,6297
5,6298
11,6299
9,6300
12,6301
14,6302
15,6303
1,6304
27,6305
5,6306
12,6307
27,6308
9,6309
9,6310
12,6311
11,6312
9,6313
11,6314
23,6315
11,6316
9,6317
11,6318
27,6319
9,6320
5,6321
12,6322
11,6323
11,6324
23,6325
12,6326
27,6327
9,6328
12,6329
15,6330
1,6331
27,6332
12,6333
11,6334
9,6335
5,6336
15,6337
13,6338
23,6339
11,6340
6,6341
1,6342
11,6343
11,6344
26,6345
12,6346
12,6347
12,6348
11,6349
12,6350
9,6351
34,6352
12,6353
4,6354
12,6355
11,6356
27,6357
9,6358
5,6359
27,6360
12,6361
15,6362
1,6363
27,6364
1,6365
12,6366
6,6367
12,6368
27,6369
9,6370
11,6371
12,6372
11,6373
11,6374
9,6375
12,6376
11,6377
27,6378
9,6379
12,6380
9,6381
14,6382
6,6383
12,6384
4,6385
6,6386
7,6387
12,6388
19,6389
1,6390
11,6391
9,6392
27,6393
11,6394
9,6395
11,6396
5,6397
1,6398
1,6399
11,6400
11,6401
12,6402
9,6403
12,6404
12,6405
11,6406
9,6407
5,6408
5,6409
9,6410
12,6411
1,6412
11,6413
27,6414
9,6415
1,6416
5,6417
1,6418
12,6419
32,6420
11,6421
27,6422
9,6423
12,6424
9,6425
11,6426
12,6427
4,6428
9,6429
12,6430
9,6431
27,6432
12,6433
11,6434
5,6435
12,6436
5,6437
11,6438
12,6439
9,6440
11,6441
9,6442
5,6443
12,6444
11,6445
27,6446
9,6447
11,6448
5,6449
22,6450
11,6451
12,6452
11,6453
12,6454
12,6455
11,6456
12,6457
5,6458
1,6459
12,6460
11,6461
12,6462
5,6463
27,6464
11,6465
27,6466
11,6467
9,6468
12,6469
11,6470
9,6471
11,6472
23,6473
12,6474
11,6475
9,6476
12,6477
5,6478
1,6479
32,6480
11,6481
9,6482
12,6483
1,6484
9,6485
12,6486
11,6487
1,6488
27,6489
9,6490
11,6491
7,6492
11,6493
9,6494
7,6495
1,6496
11,6497
23,6498
12,6499
11,6500
23,6501
11,6502
12,6503
9,6504
12,6505
1,6506
11,6507
12,6508
1,6509
11,6510
12,6511
5,6512
27,6513
1,6514
12,6515
11,6516
9,6517
1,6518
27,6519
9,6520
9,6521
11,6522
12,6523
11,6524
9,6525
12,6526
11,6527
23,6528
1,6529
12,6530
7,6531
27,6532
12,6533
9,6534
1,6535
9,6536
23,6537
11,6538
12,6539
12,6540
11,6541
12,6542
9,6543
1,6544
9,6545
11,6546
12,6547
1,6548
1,6549
11,6550
12,6551
1,6552
12,6553
1,6554
11,6555
28,6556
11,6557
12,6558
12,6559
11,6560
9,6561
5,6562
27,6563
27,6564
9,6565
11,6566
11,6567
12,6568
9,6569
11,6570
9,6571
3,6572
12,6573
9,6574
5,6575
1,6576
27,6577
11,6578
9,6579
27,6580
1,6581
11,6582
6,6583
25,6584
12,6585
19,6586
9,6587
12,6588
6,6589
28,6590
12,6591
9,6592
11,6593
1,6594
9,6595
27,6596
23,6597
9,6598
5,6599
20,6600
27,6601
4,6602
36,6603
27,6604
4,6605
1,6606
28,6607
27,6608
26,6609
9,6610
27,6611
4,6612
1,6613
19,6614
27,6615
8,6616
12,6617
25,6618
3,6619
9,6620
27,6621
8,6622
8,6623
16,6624
5,6625
11,6626
19,6627
4,6628
11,6629
3,6630
27,6631
4,6632
9,6633
16,6634
27,6635
23,6636
36,6637
11,6638
11,6639
27,6640
1,6641
5,6642
27,6643
19,6644
27,6645
23,6646
16,6647
13,6648
19,6649
1,6650
11,6651
3,6652
16,6653
9,6654
19,6655
23,6656
27,6657
12,6658
1,6659
27,6660
19,6661
27,6662
11,6663
11,6664
9,6665
7,6666
1,6667
11,6668
1,6669
27,6670
27,6671
1,6672
1,6673
1,6674
9,6675
27,6676
27,6677
16,6678
27,6679
23,6680
27,6681
1,6682
27,6683
1,6684
1,6685
27,6686
16,6687
23,6688
9,6689
27,6690
23,6691
9,6692
27,6693
9,6694
27,6695
11,6696
27,6697
9,6698
23,6699
27,6700
11,6701
9,6702
27,6703
1,6704
27,6705
1,6706
3,6707
12,6708
1,6709
3,6710
11,6711
27,6712
23,6713
11,6714
1,6715
4,6716
9,6717
3,6718
4,6719
9,6720
27,6721
1,6722
23,6723
1,6724
28,6725
12,6726
25,6727
2,6728
11,6729
7,6730
1,6731
9,6732
23,6733
16,6734
4,6735
11,6736
9,6737
11,6738
11,6739
4,6740
16,6741
19,6742
1,6743
27,6744
1,6745
4,6746
4,6747
3,6748
27,6749
11,6750
1,6751
27,6752
2,6753
19,6754
5,6755
1,6756
11,6757
19,6758
11,6759
33,6760
22,6761
22,6762
1,6763
6,6764
19,6765
9,6766
6,6767
3,6768
12,6769
25,6770
18,6771
25,6772
27,6773
28,6774
1,6775
11,6776
9,6777
1,6778
11,6779
1,6780
9,6781
21,6782
1,6783
11,6784
27,6785
12,6786
4,6787
7,6788
9,6789
11,6790
1,6791
1,6792
1,6793
11,6794
27,6795
11,6796
11,6797
25,6798
11,6799
27,6800
9,6801
7,6802
16,6803
27,6804
23,6805
1,6806
23,6807
11,6808
9,6809
4,6810
11,6811
9,6812
27,6813
3,6814
9,6815
4,6816
1,6817
27,6818
4,6819
11,6820
9,6821
11,6822
6,6823
9,6824
15,6825
1,6826
9,6827
1,6828
4,6829
34,6830
5,6831
1,6832
27,6833
1,6834
27,6835
19,6836
12,6837
1,6838
25,6839
9,6840
12,6841
11,6842
1,6843
27,6844
11,6845
4,6846
1,6847
27,6848
16,6849
1,6850
1,6851
9,6852
11,6853
1,6854
27,6855
3,6856
1,6857
1,6858
11,6859
19,6860
4,6861
19,6862
27,6863
11,6864
9,6865
1,6866
11,6867
27,6868
16,6869
9,6870
1,6871
1,6872
1,6873
30,6874
11,6875
27,6876
1,6877
9,6878
1,6879
27,6880
1,6881
9,6882
5,6883
11,6884
7,6885
1,6886
1,6887
27,6888
1,6889
27,6890
1,6891
9,6892
11,6893
1,6894
27,6895
9,6896
16,6897
19,6898
7,6899
27,6900
19,6901
1,6902
1,6903
11,6904
28,6905
27,6906
12,6907
9,6908
1,6909
28,6910
12,6911
11,6912
19,6913
1,6914
4,6915
12,6916
4,6917
3,6918
19,6919
28,6920
1,6921
9,6922
1,6923
19,6924
15,6925
1,6926
11,6927
28,6928
6,6929
20,6930
6,6931
28,6932
11,6933
19,6934
25,6935
25,6936
27,6937
5,6938
12,6939
11,6940
24,6941
27,6942
12,6943
1,6944
19,6945
23,6946
7,6947
12,6948
1,6949
15,6950
5,6951
27,6952
12,6953
36,6954
20,6955
32,6956
19,6957
22,6958
9,6959
27,6960
16,6961
11,6962
1,6963
27,6964
27,6965
4,6966
27,6967
6,6968
9,6969
19,6970
1,6971
3,6972
1,6973
27,6974
19,6975
3,6976
27,6977
1,6978
28,6979
36,6980
15,6981
19,6982
32,6983
19,6984
12,6985
19,6986
1,6987
25,6988
12,6989
11,6990
12,6991
28,6992
7,6993
28,6994
1,6995
27,6996
11,6997
5,6998
1,6999
11,7000
9,7001
1,7002
11,7003
27,7004
9,7005
27,7006
16,7007
7,7008
3,7009
12,7010
1,7011
27,7012
1,7013
1,7014
3,7015
27,7016
12,7017
12,7018
1,7019
5,7020
1,7021
27,7022
19,7023
1,7024
5,7025
1,7026
1,7027
1,7028
1,7029
7,7030
19,7031
27,7032
5,7033
19,7034
3,7035
1,7036
11,7037
23,7038
11,7039
1,7040
27,7041
27,7042
25,7043
9,7044
1,7045
1,7046
1,7047
19,7048
30,7049
11,7050
19,7051
1,7052
1,7053
12,7054
11,7055
1,7056
1,7057
12,7058
11,7059
7,7060
11,7061
23,7062
3,7063
1,7064
1,7065
1,7066
27,7067
3,7068
12,7069
1,7070
1,7071
32,7072
5,7085
1,7074
11,7075
1,7076
1,7077
12,7078
28,7079
1,7080
12,7081
3,7082
1,7083
1,7084
5,7085
11,7086
19,7087
1,7088
9,7089
7,7090
7,7091
1,7092
27,7093
1,7094
11,7095
12,7096
15,7097
12,7098
1,7099
1,7100
1,7101
19,7102
22,7103
3,7104
27,7105
5,7106
3,7107
11,7108
6,7109
6,7110
19,7111
7,7112
11,7113
4,7114
26,7115
26,7116
1,7117
11,7118
8,7119
1,7120
1,7121
9,7122
1,7123
1,7124
11,7125
1,7126
3,7127
27,7128
7,7129
27,7130
1,7131
12,7132
1,7133
3,7134
1,7135
11,7136
1,7137
7,7138
27,7139
1,7140
29,7141
27,7142
12,7143
3,7144
1,7145
21,7146
1,7147
3,7148
19,7149
9,7150
27,7151
1,7152
11,7153
4,7154
1,7155
5,7156
27,7157
1,7158
27,7159
11,7160
1,7161
3,7162
1,7163
12,7164
7,7165
19,7166
1,7167
25,7168
19,7169
25,7170
26,7171
27,7172
27,7173
5,7174
3,7175
3,7176
9,7177
9,7178
1,7179
12,7180
5,7181
1,7182
27,7183
11,7184
11,7185
15,7186
1,7187
1,7188
11,7189
25,7190
27,7191
12,7192
5,7193
9,7194
1,7195
27,7196
11,7197
19,7198
5,7199
5,7200
12,7201
1,7202
11,7203
19,7204
7,7205
16,7206
12,7207
5,7208
1,7209
1,7210
27,7211
1,7212
1,7213
19,7214
7,7215
1,7216
1,7217
27,7218
19,7219
9,7220
9,7221
1,7222
1,7223
1,7224
5,7225
19,7226
1,7227
12,7228
7,7229
1,7230
9,7231
11,7232
5,7233
27,7234
1,7235
27,7236
5,7237
19,7238
3,7239
27,7240
11,7241
23,7242
23,7243
11,7244
27,7245
19,7246
12,7247
8,7248
8,7249
2,7250
1,7251
1,7252
5,7253
12,7254
28,7255
27,7256
15,7257
9,7258
19,7259
20,7260
9,7261
11,7262
27,7263
19,7264
1,7265
1,7266
3,7267
20,7268
27,7269
19,7270
17,7271
15,7272
4,7273
6,7274
27,7275
7,7276
5,7277
27,7278
27,7279
4,7280
28,7281
29,7282
27,7283
12,7284
27,7285
4,7286
7,7287
19,7288
8,7289
19,7290
19,7291
22,7292
11,7293
27,7294
1,7295
4,7296
28,7297
1,7298
1,7299
18,7300
27,7301
23,7302
4,7303
27,7304
6,7305
9,7306
3,7307
11,7308
9,7309
1,7310
1,7311
9,7312
9,7313
11,7314
9,7315
1,7316
27,7317
15,7318
1,7319
12,7320
11,7321
27,7322
9,7323
19,7324
1,7325
5,7326
1,7327
3,7328
1,7329
27,7330
12,7331
11,7332
1,7333
5,7334
1,7335
1,7336
11,7337
16,7338
27,7339
9,7340
12,7341
28,7342
27,7343
1,7344
9,7345
12,7346
27,7347
11,7348
19,7349
9,7350
27,7351
20,7352
9,7353
4,7354
9,7355
11,7356
19,7357
9,7358
9,7359
9,7360
11,7361
11,7362
1,7363
21,7364
11,7365
25,7366
23,7367
22,7368
9,7369
27,7370
9,7371
1,7372
1,7373
27,7374
19,7375
1,7376
9,7377
11,7378
28,7379
9,7380
11,7381
27,7382
19,7383
11,7384
1,7385
6,7386
25,7387
12,7388
11,7389
27,7390
26,7391
12,7392
27,7393
1,7394
20,7395
27,7396
1,7397
1,7398
9,7399
11,7400
11,7401
15,7402
30,7403
19,7404
27,7405
19,7406
1,7407
1,7408
3,7409
9,7410
19,7411
3,7412
9,7413
9,7414
11,7415
1,7416
9,7417
27,7418
9,7419
11,7420
2,7421
9,7422
11,7423
27,7424
27,7425
11,7426
9,7427
27,7428
1,7429
19,7430
11,7431
19,7432
9,7433
2,7434
4,7435
1,7436
27,7437
4,7438
19,7439
1,7440
15,7441
9,7442
19,7443
23,7444
27,7445
27,7446
1,7447
11,7448
19,7449
5,7450
11,7451
9,7452
11,7453
19,7454
9,7455
1,7456
1,7457
12,7458
25,7459
5,7460
11,7461
1,7462
19,7463
3,7464
27,7465
27,7466
1,7467
21,7468
19,7469
1,7470
11,7471
9,7472
9,7473
11,7474
27,7475
11,7476
23,7477
27,7478
3,7479
27,7480
9,7481
9,7482
9,7483
9,7484
27,7485
11,7486
5,7487
1,7488
3,7489
19,7490
1,7491
19,7492
1,7493
28,7494
27,7495
16,7496
27,7497
11,7498
7,7499
1,7500
12,7501
27,7502
1,7503
19,7504
19,7505
12,7506
11,7507
19,7508
27,7509
19,7510
9,7511
5,7512
21,7513
19,7514
12,7515
11,7516
11,7517
1,7518
1,7519
13,7520
1,7521
27,7522
11,7523
1,7524
12,7525
11,7526
11,7527
27,7528
16,7529
19,7530
1,7531
1,7532
19,7533
1,7534
1,7535
1,7536
11,7537
11,7538
5,7539
19,7540
1,7541
1,7542
19,7543
34,7544
9,7545
9,7546
12,7547
12,7548
11,7549
11,7550
11,7551
1,7552
9,7553
19,7554
27,7555
11,7556
9,7557
10,7558
9,7559
11,7560
1,7561
3,7562
27,7563
11,7564
9,7565
11,7566
3,7567
15,7568
27,7569
9,7570
15,7571
1,7572
9,7573
9,7574
27,7575
7,7576
11,7577
12,7578
9,7579
3,7580
27,7581
15,7582
27,7583
12,7584
11,7585
9,7586
23,7587
13,7588
1,7589
19,7590
1,7591
1,7592
11,7593
23,7594
18,7595
23,7596
12,7597
11,7598
27,7599
19,7600
12,7601
14,7602
15,7603
27,7604
12,7605
11,7606
23,7607
5,7608
27,7609
6,7610
11,7611
11,7612
4,7613
4,7614
27,7615
4,7616
27,7617
28,7618
1,7619
19,7620
9,7621
19,7622
1,7623
9,7624
12,7625
11,7626
27,7627
11,7628
12,7629
4,7630
27,7631
4,7632
24,7633
1,7634
27,7635
28,7636
6,7637
1,7638
15,7639
12,7640
1,7641
12,7642
5,7643
1,7644
1,7645
9,7646
27,7647
15,7648
11,7649
21,7650
28,7651
24,7652
9,7653
19,7654
9,7655
11,7656
1,7657
21,7658
32,7659
1,7660
19,7661
4,7662
11,7663
9,7664
27,7665
19,7666
4,7667
12,7668
11,7669
23,7670
9,7671
11,7672
11,7673
9,7674
1,7675
9,7676
12,7677
11,7678
1,7679
9,7680
27,7681
11,7682
9,7683
11,7684
5,7685
27,7686
28,7687
1,7688
11,7689
23,7690
25,7691
27,7692
19,7693
1,7694
15,7695
27,7696
19,7697
28,7698
12,7699
28,7700
1,7701
1,7702
1,7703
11,7704
9,7705
1,7706
10,7707
11,7708
23,7709
27,7710
11,7711
9,7712
9,7713
11,7714
23,7715
12,7716
13,7717
1,7718
15,7719
1,7720
11,7721
12,7722
11,7723
9,7724
12,7725
9,7726
23,7727
11,7728
12,7729
11,7730
11,7731
23,7732
34,7733
1,7734
9,7735
23,7736
11,7737
16,7738
12,7739
9,7740
27,7741
23,7742
9,7743
9,7744
9,7745
9,7746
1,7747
1,7748
27,7749
9,7750
11,7751
11,7752
9,7753
1,7754
5,7755
9,7756
27,7757
12,7758
9,7759
11,7760
12,7761
5,7762
27,7763
15,7764
9,7765
11,7766
1,7767
22,7768
12,7769
9,7770
9,7771
11,7772
5,7773
1,7774
27,7775
1,7776
1,7777
11,7778
5,7779
3,7780
19,7781
27,7782
1,7783
11,7784
9,7785
12,7786
11,7787
27,7788
23,7789
9,7790
9,7791
12,7792
9,7793
11,7794
11,7795
23,7796
3,7797
9,7798
11,7799
23,7800
9,7801
11,7802
12,7803
28,7804
27,7805
27,7806
7,7807
9,7808
9,7809
11,7810
1,7811
11,7812
27,7813
5,7814
12,7815
5,7816
12,7817
11,7818
6,7819
5,7820
16,7821
9,7822
27,7823
5,7824
14,7825
12,7826
19,7827
9,7828
10,7829
19,7830
27,7831
23,7832
12,7833
12,7834
11,7835
12,7836
1,7837
9,7838
12,7839
11,7840
9,7841
12,7842
27,7843
9,7844
9,7845
9,7846
1,7847
12,7848
11,7849
9,7850
9,7851
12,7852
15,7853
3,7854
27,7855
27,7856
16,7857
1,7858
12,7859
1,7860
12,7861
9,7862
11,7863
23,7864
1,7865
12,7866
9,7867
27,7868
9,7869
1,7870
9,7871
11,7872
13,7873
11,7874
12,7875
12,7876
15,7877
13,7878
12,7879
11,7880
27,7881
6,7882
12,7883
11,7884
1,7885
11,7886
9,7887
11,7888
12,7889
27,7890
12,7891
9,7892
11,7893
11,7894
12,7895
9,7896
15,7897
11,7898
5,7899
11,7900
23,7901
9,7902
11,7903
7,7904
9,7905
9,7906
11,7907
12,7908
27,7909
9,7910
9,7911
9,7912
11,7913
9,7914
1,7915
6,7916
11,7917
4,7918
9,7919
5,7920
1,7921
22,7922
15,7923
12,7924
12,7925
12,7926
9,7927
11,7928
11,7929
1,7930
9,7931
11,7932
11,7933
1,7934
1,7935
11,7936
5,7937
1,7938
27,7939
9,7940
27,7941
11,7942
11,7943
12,7944
11,7945
12,7946
11,7947
1,7948
11,7949
9,7950
5,7951
12,7952
11,7953
23,7954
12,7955
11,7956
11,7957
5,7958
9,7959
12,7960
11,7961
12,7962
9,7963
12,7964
1,7965
18,7966
1,7967
9,7968
15,7969
9,7970
11,7971
1,7972
28,7973
11,7974
27,7975
9,7976
11,7977
1,7978
5,7979
12,7980
12,7981
27,7982
7,7983
1,7984
12,7985
1,7986
11,7987
9,7988
11,7989
9,7990
6,7991
9,7992
9,7993
19,7994
1,7995
19,7996
1,7997
1,7998
9,7999
11,8000
9,8001
1,8002
27,8003
7,8004
12,8006
12,8006
11,8007
11,8008
9,8009
9,8010
12,8011
11,8012
27,8013
9,8014
5,8015
1,8016
1,8017
16,8018
9,8019
1,8020
16,8021
19,8022
27,8023
12,8024
9,8025
11,8026
27,8027
1,8028
12,8029
11,8030
5,8031
1,8032
12,8033
19,8034
4,8035
11,8036
21,8037
11,8038
1,8039
11,8040
9,8041
11,8042
11,8043
19,8044
1,8045
27,8046
1,8047
7,8048
22,8049
1,8050
3,8051
19,8052
12,8053
9,8054
11,8055
5,8056
1,8057
11,8058
12,8059
9,8060
12,8061
9,8062
11,8063
9,8064
11,8065
5,8066
5,8067
9,8068
11,8069
27,8070
19,8071
4,8072
9,8073
3,8074
9,8075
5,8076
11,8077
14,8078
12,8079
11,8080
12,8081
11,8082
15,8083
22,8084
22,8085
1,8086
1,8087
11,8088
12,8089
27,8090
9,8091
11,8092
27,8093
12,8094
11,8095
19,8096
4,8097
9,8098
4,8099
9,8100
5,8101
2,8102
7,8103
12,8104
19,8105
27,8106
25,8107
27,8108
25,8109
3,8110
4,8111
33,8112
1,8113
16,8114
1,8115
9,8116
25,8117
1,8118
9,8119
1,8120
16,8121
9,8122
7,8123
11,8124
19,8125
19,8126
11,8127
15,8128
7,8129
1,8130
1,8131
16,8132
12,8133
11,8134
1,8135
21,8136
6,8137
19,8138
27,8139
27,8140
16,8141
7,8142
1,8143
19,8144
11,8145
1,8146
1,8147
19,8148
27,8149
27,8150
7,8151
21,8152
19,8153
27,8154
27,8155
16,8156
21,8157
1,8158
11,8159
27,8160
12,8161
9,8162
23,8163
23,8164
9,8165
9,8166
7,8167
11,8168
28,8169
1,8170
27,8171
12,8172
11,8173
9,8174
19,8175
11,8176
23,8177
9,8178
7,8179
1,8180
27,8181
27,8182
11,8183
27,8184
9,8185
23,8186
9,8187
27,8188
19,8189
9,8190
11,8191
11,8192
19,8193
9,8194
19,8195
12,8196
27,8197
19,8198
27,8199
23,8200
11,8201
4,8202
9,8203
21,8204
19,8205
9,8206
11,8207
28,8208
11,8209
9,8210
11,8211
1,8212
27,8213
9,8214
1,8215
39,8216
27,8217
9,8218
19,8219
11,8220
1,8221
28,8222
27,8223
11,8224
1,8225
1,8226
7,8227
16,8228
19,8229
24,8230
16,8231
19,8232
11,8233
1,8234
25,8235
11,8236
1,8237
3,8238
27,8239
11,8240
5,8241
19,8242
1,8243
27,8244
11,8245
19,8246
1,8247
3,8248
12,8249
27,8250
1,8251
1,8252
11,8253
11,8254
27,8255
9,8256
19,8257
27,8258
5,8259
12,8260
1,8261
27,8262
9,8263
9,8264
11,8265
23,8266
19,8267
28,8268
1,8269
27,8270
11,8271
7,8272
1,8273
4,8274
27,8275
24,8276
1,8277
27,8278
1,8279
27,8280
19,8281
24,8282
1,8283
11,8284
2,8285
12,8286
1,8287
27,8288
11,8289
24,8290
9,8291
11,8292
11,8293
27,8294
16,8295
18,8296
3,8297
1,8298
1,8299
1,8300
27,8301
1,8302
27,8303
27,8304
28,8305
1,8306
12,8307
9,8308
23,8309
11,8310
27,8311
1,8312
19,8313
16,8314
19,8315
12,8316
9,8317
9,8318
11,8319
19,8320
12,8321
28,8322
27,8323
9,8324
16,8325
12,8326
12,8327
28,8328
27,8329
11,8330
22,8331
27,8332
12,8333
1,8334
1,8335
1,8336
7,8337
11,8338
3,8339
25,8340
12,8341
3,8342
16,8343
1,8344
11,8345
23,8346
1,8347
16,8348
1,8349
9,8350
1,8351
11,8352
5,8353
27,8354
10,8355
11,8356
28,8357
5,8358
12,8359
6,8360
7,8361
12,8362
27,8363
1,8364
1,8365
27,8366
11,8367
27,8368
11,8369
9,8370
28,8371
14,8372
1,8373
11,8374
9,8375
27,8376
1,8377
1,8378
1,8379
1,8380
12,8381
7,8382
1,8383
19,8384
1,8385
25,8386
27,8387
19,8388
1,8389
27,8390
9,8391
11,8392
1,8393
9,8394
6,8395
27,8396
23,8397
12,8398
16,8399
11,8400
27,8401
9,8402
4,8403
4,8404
11,8405
18,8406
27,8407
27,8408
19,8409
6,8410
9,8411
1,8412
14,8413
7,8414
11,8415
5,8416
27,8417
1,8418
28,8419
11,8420
11,8421
9,8422
15,8423
1,8424
27,8425
19,8426
7,8427
11,8428
27,8429
1,8430
11,8431
9,8432
19,8433
11,8434
9,8435
27,8436
11,8437
27,8438
14,8439
1,8440
7,8441
19,8442
19,8443
34,8444
24,8445
27,8446
19,8447
21,8448
21,8449
28,8450
12,8451
27,8452
5,8453
1,8454
11,8455
1,8456
9,8457
27,8458
23,8459
9,8460
12,8461
4,8462
27,8463
23,8464
11,8465
1,8466
27,8467
27,8468
1,8469
11,8470
11,8471
9,8472
27,8473
19,8474
12,8475
27,8476
1,8477
1,8478
28,8479
19,8480
7,8481
19,8482
27,8483
27,8484
11,8485
9,8486
1,8487
11,8488
27,8489
11,8490
32,8491
11,8492
27,8493
9,8494
21,8495
7,8496
11,8497
1,8498
25,8499
27,8500
11,8501
19,8502
1,8503
19,8504
6,8505
19,8506
25,8507
19,8508
27,8509
1,8510
1,8511
27,8512
23,8513
12,8514
5,8515
9,8516
4,8517
23,8518
11,8519
27,8520
9,8521
9,8522
27,8523
1,8524
11,8525
9,8526
4,8527
6,8528
9,8529
19,8530
9,8531
1,8532
28,8533
11,8534
18,8535
1,8536
11,8537
19,8538
1,8539
15,8540
1,8541
28,8542
1,8543
19,8544
36,8545
1,8546
27,8547
1,8548
1,8549
1,8550
27,8551
25,8552
5,8553
19,8554
1,8555
36,8556
9,8557
1,8558
12,8559
27,8560
4,8561
1,8562
25,8563
12,8564
19,8565
9,8566
1,8567
24,8568
11,8569
28,8570
27,8571
1,8572
19,8573
21,8574
1,8575
1,8576
1,8577
1,8578
12,8579
9,8580
27,8581
12,8582
27,8583
5,8584
11,8585
9,8586
12,8587
11,8588
9,8589
27,8590
9,8591
11,8592
1,8593
1,8594
27,8595
1,8596
1,8597
9,8598
11,8599
19,8600
7,8601
11,8602
27,8603
9,8604
28,8605
1,8606
1,8607
16,8608
27,8609
9,8610
1,8611
9,8612
28,8613
11,8614
11,8615
17,8616
12,8617
9,8618
11,8619
11,8620
30,8621
3,8622
11,8623
9,8624
17,8625
1,8626
1,8627
11,8628
1,8629
19,8630
11,8631
1,8632
13,8633
5,8634
5,8635
1,8636
27,8637
32,8638
5,8639
11,8640
9,8641
4,8642
15,8643
27,8644
22,8645
27,8646
9,8647
7,8648
27,8649
11,8650
24,8651
1,8652
27,8653
9,8654
19,8655
1,8656
1,8657
12,8658
11,8660
11,8660
4,8661
27,8662
19,8663
1,8664
4,8665
12,8666
7,8667
1,8668
28,8669
1,8670
27,8671
1,8672
19,8673
27,8674
27,8675
9,8676
12,8677
11,8678
27,8679
1,8680
12,8681
9,8682
1,8683
6,8684
6,8685
27,8686
23,8687
19,8688
19,8689
9,8690
4,8691
7,8692
11,8693
5,8694
15,8695
1,8696
27,8697
9,8698
12,8699
27,8700
27,8701
11,8702
2,8703
11,8704
11,8705
9,8706
4,8707
9,8708
9,8709
1,8710
5,8711
4,8712
9,8713
11,8714
9,8715
19,8716
4,8717
11,8718
13,8719
9,8720
11,8721
1,8722
27,8723
21,8724
28,8725
1,8726
11,8727
19,8728
27,8729
27,8730
19,8731
27,8732
22,8733
27,8734
1,8735
1,8736
26,8737
9,8738
20,8739
26,8740
27,8741
12,8742
9,8743
11,8744
27,8745
11,8746
11,8747
9,8748
21,8749
27,8750
12,8751
1,8752
1,8753
1,8754
4,8755
27,8756
19,8757
19,8758
27,8759
1,8760
1,8761
1,8762
27,8763
1,8764
1,8765
16,8766
4,8767
27,8768
23,8769
27,8770
7,8771
11,8772
11,8773
9,8774
5,8775
9,8776
27,8777
3,8778
33,8779
1,8780
12,8781
3,8782
23,8783
1,8784
9,8785
1,8786
27,8787
27,8788
1,8789
19,8790
5,8791
27,8792
9,8793
36,8794
27,8795
12,8796
11,8797
1,8798
4,8799
1,8800
27,8801
9,8802
11,8803
11,8804
12,8805
1,8806
1,8901
1,8808
7,8809
9,8810
9,8811
11,8812
11,8813
1,8814
1,8815
9,8816
11,8817
27,8818
5,8819
12,8820
9,8821
27,8822
3,8823
27,8824
21,8825
19,8826
3,8827
9,8828
27,8829
1,8830
11,8831
27,8832
11,8833
9,8834
4,8835
9,8836
4,8837
9,8838
11,8839
4,8840
3,8841
1,8842
11,8843
21,8844
19,8845
4,8846
19,8847
23,8848
1,8849
1,8850
19,8851
27,8852
9,8853
11,8854
7,8855
27,8856
19,8857
27,8858
9,8859
1,8860
19,8861
11,8862
11,8863
19,8864
1,8865
13,8866
4,8867
11,8868
25,8869
9,8870
27,8871
9,8872
27,8873
1,8874
9,8875
11,8876
1,8877
12,8878
11,8879
19,8880
1,8881
4,8882
1,8883
27,8884
32,8885
1,8886
19,8887
11,8888
27,8889
9,8890
1,8891
27,8892
1,8893
9,8894
28,8895
9,8896
11,8897
9,8898
1,8899
12,8900
1,8901
1,8902
16,8903
1,8904
12,8905
4,8906
12,8907
1,8908
9,8909
28,8910
9,8911
5,8912
11,8913
39,8914
25,8915
19,8916
9,8917
3,8918
11,8919
4,8920
23,8921
27,8922
9,8923
9,8924
27,8925
23,8926
11,8927
27,8928
1,8929
1,8930
9,8931
27,8932
23,8933
1,8934
1,8935
27,8936
1,8937
11,8938
25,8939
19,8940
16,8941
27,8942
1,8943
9,8944
1,8945
11,8946
12,8947
11,8948
1,8949
19,8950
19,8951
1,8952
21,8953
1,8954
1,8955
27,8956
12,8957
4,8958
9,8959
9,8960
27,8961
1,8962
3,8963
19,8964
27,8965
1,8966
9,8967
33,8968
4,8969
27,8970
4,8971
1,8972
27,8973
32,8974
12,8975
21,8976
1,8977
6,8978
23,8979
1,8980
20,8981
12,8982
1,8983
11,8984
1,8985
27,8986
23,8987
1,8988
4,8989
1,8990
12,8991
11,8992
1,8993
11,8994
1,8995
9,8996
1,8997
12,8998
1,8999
27,9000
1,9001
9,9002
11,9003
9,9004
19,9005
1,9006
11,9007
27,9008
11,9009
1,9010
11,9011
1,9012
24,9013
9,9014
27,9015
3,9016
28,9017
12,9018
3,9019
12,9020
1,9021
11,9022
16,9023
22,9024
9,9025
27,9026
16,9027
1,9028
27,9029
1,9030
1,9031
27,9032
19,9033
1,9034
9,9035
4,9036
1,9037
11,9038
12,9039
28,9040
1,9041
1,9042
16,9043
11,9044
23,9045
12,9046
1,9047
9,9048
11,9049
9,9050
4,9051
12,9052
1,9053
3,9054
9,9055
11,9056
25,9057
9,9058
12,9059
4,9060
9,9061
27,9062
9,9063
9,9064
27,9065
27,9066
9,9067
12,9068
27,9069
27,9070
4,9071
27,9072
12,9073
27,9074
9,9075
11,9076
3,9077
5,9078
1,9079
27,9080
9,9081
11,9082
11,9083
5,9084
9,9085
24,9086
22,9087
1,9088
9,9089
11,9090
9,9091
1,9092
1,9093
22,9094
11,9095
1,9096
27,9097
11,9098
4,9099
9,9100
21,9101
4,9102
1,9103
9,9104
9,9105
9,9106
11,9107
11,9108
1,9109
19,9110
9,9111
27,9112
11,9113
19,9114
19,9115
1,9116
9,9117
19,9118
19,9119
4,9120
4,9121
4,9122
12,9123
16,9124
4,9125
11,9126
1,9127
27,9128
27,9129
11,9130
23,9131
1,9132
4,9133
27,9134
12,9135
1,9136
11,9137
22,9138
19,9139
15,9140
9,9141
9,9142
15,9143
4,9144
27,9145
11,9146
1,9147
19,9148
27,9149
19,9150
9,9151
9,9152
12,9153
1,9154
12,9155
27,9156
1,9157
19,9158
7,9159
9,9160
12,9161
12,9162
9,9163
23,9164
12,9165
9,9166
11,9167
27,9168
19,9169
27,9170
27,9171
27,9172
3,9173
11,9174
16,9175
11,9176
11,9177
11,9178
9,9179
11,9180
27,9181
11,9182
9,9183
19,9184
9,9185
11,9186
23,9187
11,9188
9,9189
27,9190
23,9191
28,9192
1,9193
1,9194
12,9195
11,9196
4,9197
3,9198
7,9199
11,9200
23,9201
19,9202
9,9203
27,9204
23,9205
12,9206
1,9207
4,9208
27,9209
23,9210
1,9211
12,9212
27,9213
11,9214
11,9215
9,9216
27,9217
1,9218
28,9219
27,9220
27,9221
12,9222
22,9223
20,9224
16,9225
1,9226
9,9227
27,9228
9,9229
9,9230
25,9231
27,9232
11,9233
7,9234
27,9235
1,9236
27,9237
5,9238
1,9239
27,9240
16,9241
19,9242
9,9243
23,9244
12,9245
11,9246
1,9247
27,9248
9,9249
11,9250
11,9251
5,9252
5,9253
1,9254
1,9255
19,9256
12,9257
1,9258
27,9259
9,9260
1,9261
12,9262
11,9263
27,9264
9,9265
11,9266
1,9267
27,9268
1,9269
1,9270
12,9271
27,9272
19,9273
1,9274
27,9275
4,9276
9,9277
11,9278
9,9279
3,9280
22,9281
1,9282
12,9283
27,9284
1,9285
11,9286
27,9287
9,9288
1,9289
9,9290
3,9291
1,9292
27,9293
33,9294
1,9295
22,9296
9,9297
11,9298
11,9299
11,9300
27,9301
11,9302
12,9303
1,9304
1,9305
9,9306
6,9307
1,9308
27,9309
12,9310
9,9311
5,9312
27,9313
12,9314
11,9315
27,9316
19,9317
9,9318
1,9319
1,9320
1,9321
27,9322
19,9323
11,9324
11,9325
1,9326
9,9327
27,9328
1,9329
11,9330
1,9331
25,9332
22,9333
1,9334
11,9335
19,9336
1,9337
12,9338
12,9339
27,9340
15,9341
27,9342
25,9343
27,9344
19,9345
1,9346
25,9347
27,9348
19,9349
1,9350
4,9351
22,9352
27,9353
12,9354
20,9355
12,9356
18,9357
1,9358
12,9359
11,9360
27,9361
9,9362
9,9363
1,9364
1,9365
11,9366
1,9367
7,9368
1,9369
23,9370
11,9371
5,9372
27,9373
3,9374
27,9375
13,9376
8,9377
1,9378
1,9379
1,9380
9,9381
24,9382
22,9383
4,9384
1,9385
15,9386
11,9387
1,9388
9,9389
11,9390
12,9391
11,9392
4,9393
15,9394
27,9395
5,9396
11,9397
9,9398
24,9399
1,9400
27,9401
9,9402
11,9403
32,9404
27,9405
27,9406
19,9407
27,9408
9,9409
11,9410
9,9411
19,9412
1,9413
16,9414
28,9415
27,9416
11,9417
1,9418
21,9419
11,9420
23,9421
9,9422
1,9423
11,9424
12,9425
1,9426
16,9427
27,9428
11,9429
9,9430
23,9431
11,9432
1,9433
4,9434
27,9435
12,9436
4,9437
27,9438
27,9439
27,9440
11,9441
9,9442
27,9443
1,9444
1,9445
1,9446
1,9447
16,9448
27,9449
3,9450
20,9451
1,9452
1,9453
19,9454
11,9455
1,9456
3,9457
1,9458
21,9459
1,9460
9,9461
1,9462
12,9463
11,9464
9,9465
3,9466
9,9467
11,9468
15,9469
11,9470
11,9471
9,9472
7,9473
1,9474
11,9475
12,9476
12,9477
19,9478
6,9479
1,9480
1,9481
27,9482
6,9483
21,9484
9,9485
11,9486
27,9487
19,9488
1,9489
1,9490
1,9491
27,9492
28,9493
1,9494
12,9495
9,9496
11,9497
19,9498
1,9499
5,9500
14,9501
4,9502
11,9503
9,9504
23,9505
27,9506
11,9507
27,9508
9,9509
1,9510
27,9511
23,9512
1,9513
27,9514
1,9515
1,9516
27,9517
36,9518
10,9519
27,9520
11,9521
23,9522
28,9523
1,9524
27,9525
11,9526
12,9527
27,9528
11,9529
1,9530
12,9531
27,9532
1,9533
19,9534
4,9535
11,9536
9,9537
27,9538
4,9539
12,9540
9,9541
1,9542
1,9543
11,9544
27,9545
9,9546
7,9547
1,9548
27,9549
27,9550
1,9551
4,9552
1,9553
9,9554
9,9555
9,9556
25,9557
11,9558
12,9559
27,9560
5,9561
23,9562
36,9563
11,9564
16,9565
19,9566
23,9567
27,9568
1,9569
9,9570
1,9571
27,9572
19,9573
19,9574
27,9575
4,9576
16,9577
19,9578
9,9579
9,9580
11,9581
11,9582
4,9583
11,9584
4,9585
9,9586
4,9587
11,9588
5,9589
12,9590
4,9591
9,9592
4,9593
27,9594
4,9595
4,9596
1,9597
27,9598
1,9599
12,9600
1,9601
1,9602
12,9603
5,9604
9,9605
6,9606
4,9607
1,9608
4,9609
12,9610
3,9611
12,9612
25,9613
27,9614
1,9615
27,9616
5,9617
1,9618
1,9619
9,9620
11,9621
1,9622
9,9623
15,9624
1,9625
3,9626
27,9627
12,9628
9,9629
12,9630
3,9631
27,9632
9,9633
9,9634
27,9635
19,9636
27,9637
27,9638
7,9639
1,9640
1,9641
5,9642
15,9643
1,9644
11,9645
1,9646
19,9647
15,9648
27,9649
19,9650
11,9651
19,9652
3,9653
9,9654
1,9655
1,9656
20,9657
28,9658
27,9659
12,9660
27,9661
4,9662
26,9663
1,9664
9,9665
1,9666
9,9667
23,9668
27,9669
9,9670
27,9671
1,9672
11,9673
1,9674
4,9675
27,9676
1,9677
27,9678
19,9679
4,9680
9,9681
27,9682
4,9683
22,9684
9,9685
11,9686
9,9687
27,9688
5,9689
19,9690
19,9691
28,9692
1,9693
27,9694
11,9695
27,9696
1,9697
1,9698
1,9699
1,9700
29,9701
27,9702
3,9703
9,9704
11,9705
5,9706
1,9707
27,9708
1,9709
1,9710
11,9711
1,9712
7,9713
12,9714
36,9715
1,9716
1,9717
9,9718
11,9719
27,9720
3,9721
1,9722
3,9723
4,9724
22,9725
27,9726
19,9727
27,9728
12,9729
11,9730
9,9731
1,9732
1,9733
12,9734
11,9735
11,9736
27,9737
9,9738
27,9739
11,9740
5,9741
4,9742
7,9743
1,9744
7,9745
11,9746
23,9747
5,9748
11,9749
9,9750
11,9751
32,9752
1,9753
27,9754
25,9755
9,9756
5,9757
27,9758
7,9759
1,9760
11,9761
1,9762
1,9763
1,9764
9,9765
11,9766
27,9767
11,9768
9,9769
3,9770
16,9771
3,9772
27,9773
1,9774
3,9775
11,9776
1,9777
27,9778
1,9779
1,9780
27,9781
11,9782
9,9783
1,9784
1,9785
33,9786
27,9787
19,9788
1,9789
11,9790
23,9791
5,9792
9,9793
26,9794
27,9795
5,9796
27,9797
11,9798
23,9799
13,9800
1,9801
1,9802
9,9803
27,9804
9,9805
27,9806
23,9807
22,9808
1,9809
9,9810
11,9811
8,9812
15,9813
1,9814
27,9815
1,9816
33,9817
7,9818
19,9819
12,9820
1,9821
5,9822
14,9823
23,9824
11,9825
1,9826
9,9827
11,9828
27,9829
9,9830
11,9831
12,9832
27,9833
5,9834
1,9835
1,9836
1,9837
27,9838
1,9839
9,9840
27,9841
23,9842
16,9843
27,9844
9,9845
9,9846
1,9847
1,9848
1,9849
27,9850
32,9851
11,9852
5,9853
1,9854
27,9855
9,9856
11,9857
14,9858
11,9859
4,9860
5,9861
19,9862
1,9863
11,9864
27,9865
7,9866
11,9867
27,9868
23,9869
1,9870
1,9871
27,9872
11,9873
1,9874
1,9875
11,9876
1,9877
23,9878
27,9879
12,9880
12,9881
28,9882
1,9883
1,9884
9,9885
1,9886
1,9887
11,9888
9,9889
6,9890
15,9891
27,9892
12,9893
9,9894
6,9895
11,9896
16,9897
27,9898
23,9899
21,9900
9,9901
16,9902
4,9903
11,9904
9,9905
19,9906
19,9907
27,9908
1,9909
9,9910
19,9911
19,9912
11,9913
1,9914
9,9915
11,9916
19,9917
27,9918
11,9919
9,9920
1,9921
12,9922
1,9923
12,9924
1,9925
1,9926
12,9927
1,9928
7,9929
1,9930
27,9931
4,9932
1,9933
27,9934
5,9935
33,9936
1,9937
24,9938
25,9939
27,9940
19,9941
1,9942
15,9943
12,9944
11,9945
15,9946
27,9947
5,9948
27,9949
12,9950
1,9951
1,9952
3,9953
19,9954
27,9955
23,9956
12,9957
12,9958
9,9959
11,9960
11,9961
1,9962
27,9963
12,9964
9,9965
12,9966
11,9967
11,9968
6,9969
11,9970
23,9971
3,9972
27,9973
19,9974
27,9975
23,9976
1,9977
23,9978
22,9979
11,9980
1,9981
1,9982
3,9983
7,9984
9,9985
1,9986
25,9987
27,9988
12,9989
19,9990
3,9991
6,9992
1,9993
3,9994
12,9995
11,9996
12,9997
1,9998
9,9999
1,10000
27,10001
24,10002
3,10003
5,10004
1,10005
27,10006
4,10007
6,10008
7,10009
11,10010
9,10011
5,10012
25,10013
1,10014
19,10015
27,10016
15,10017
12,10018
11,10019
9,10020
1,10021
7,10022
11,10023
23,10024
17,10025
1,10026
1,10027
27,10028
3,10029
6,10030
19,10031
1,10032
27,10033
33,10034
1,10035
27,10036
9,10037
15,10038
3,10039
1,10040
1,10041
7,10042
27,10043
27,10044
12,10045
1,10046
3,10047
1,10048
3,10049
7,10050
27,10051
27,10052
1,10053
28,10054
5,10055
27,10056
9,10057
26,10058
27,10059
12,10060
1,10061
1,10062
1,10063
1,10064
25,10065
27,10066
19,10067
1,10068
1,10069
27,10070
12,10071
5,10072
27,10073
1,10074
4,10075
6,10076
7,10077
12,10078
27,10079
19,10080
32,10081
5,10082
7,10083
19,10084
1,10085
11,10086
11,10087
1,10088
27,10089
27,10090
27,10091
11,10092
11,10093
11,10094
36,10095
11,10096
27,10097
11,10098
15,10099
11,10100
19,10101
1,10102
3,10103
27,10104
19,10105
1,10106
11,10107
9,10108
12,10109
9,10110
11,10111
1,10112
9,10113
9,10114
27,10115
12,10116
2,10117
26,10118
27,10119
12,10120
11,10121
15,10122
1,10123
3,10124
1,10125
15,10126
5,10127
3,10128
15,10129
5,10130
3,10131
20,10132
27,10133
19,10134
1,10135
27,10136
4,10137
20,10138
12,10139
4,10140
16,10141
27,10142
1,10143
1,10144
27,10145
28,10146
12,10147
28,10148
6,10149
5,10150
5,10151
27,10152
3,10153
27,10154
28,10155
1,10156
1,10157
9,10158
11,10159
15,10160
19,10161
5,10162
11,10163
27,10164
23,10165
9,10166
27,10167
23,10168
27,10169
9,10170
12,10171
19,10172
11,10173
10,10174
19,10175
28,10176
27,10177
27,10178
1,10179
4,10180
4,10181
4,10182
19,10183
11,10184
3,10185
9,10186
27,10187
23,10188
11,10189
1,10190
9,10191
12,10192
1,10193
12,10194
27,10195
26,10196
27,10197
12,10198
7,10199
1,10200
11,10201
1,10202
12,10203
11,10204
15,10205
29,10206
15,10207
1,10208
25,10209
27,10210
9,10211
6,10212
11,10213
21,10214
27,10215
4,10216
5,10217
9,10218
9,10219
11,10220
23,10221
23,10222
12,10223
3,10224
13,10225
4,10226
9,10227
27,10228
5,10229
27,10230
9,10231
12,10232
15,10233
27,10234
1,10235
1,10236
27,10237
12,10238
12,10239
11,10240
28,10241
1,10242
27,10243
1,10244
5,10245
27,10246
25,10247
27,10248
11,10249
10,10250
23,10251
12,10252
5,10253
27,10254
9,10255
11,10256
11,10257
5,10258
11,10259
9,10260
1,10261
23,10262
27,10263
12,10264
11,10265
33,10266
12,10267
1,10268
27,10269
27,10270
4,10271
9,10272
19,10273
19,10274
27,10275
9,10276
11,10277
9,10278
27,10279
11,10280
3,10281
11,10282
27,10283
4,10284
1,10285
27,10286
23,10287
1,10288
1,10289
27,10290
9,10291
27,10292
23,10293
3,10294
11,10295
11,10296
27,10297
9,10298
1,10299
12,10300
11,10301
28,10302
27,10303
11,10304
19,10305
16,10306
32,10307
27,10308
9,10309
11,10310
23,10311
11,10312
9,10313
1,10314
11,10315
4,10316
27,10317
4,10318
1,10319
27,10320
23,10321
9,10322
4,10323
3,10324
19,10325
12,10326
27,10327
9,10328
11,10329
9,10330
25,10331
11,10332
11,10333
9,10334
27,10335
24,10336
4,10337
9,10338
27,10339
9,10340
27,10341
27,10342
27,10343
27,10344
11,10345
27,10346
11,10347
1,10348
9,10349
27,10350
27,10351
11,10352
11,10353
11,10354
1,10355
7,10356
1,10357
12,10358
11,10359
27,10360
9,10361
28,10362
27,10363
23,10364
1,10365
7,10366
12,10367
1,10368
26,10369
27,10370
11,10371
9,10372
11,10373
28,10374
27,10375
1,10376
1,10377
15,10378
27,10379
1,10380
12,10381
11,10382
27,10383
9,10384
9,10385
11,10386
27,10387
9,10388
11,10389
5,10390
27,10391
12,10392
27,10393
9,10394
1,10395
11,10396
9,10397
1,10398
1,10399
11,10400
11,10401
7,10402
12,10403
27,10404
1,10405
3,10406
27,10407
11,10408
9,10409
27,10410
1,10411
27,10412
4,10413
3,10414
1,10415
4,10416
27,10417
22,10418
11,10419
1,10420
1,10421
27,10422
11,10423
3,10424
27,10425
4,10426
24,10427
9,10428
6,10429
11,10430
1,10431
12,10432
27,10433
11,10434
5,10435
26,10436
11,10437
9,10438
11,10439
11,10440
27,10441
12,10442
11,10443
12,10444
6,10445
9,10446
27,10447
26,10448
7,10449
11,10450
9,10451
11,10452
1,10453
6,10454
27,10455
9,10456
1,10457
11,10458
32,10459
11,10460
5,10461
1,10462
25,10463
9,10464
11,10465
3,10466
27,10467
22,10468
1,10469
1,10470
9,10471
11,10472
6,10473
11,10474
22,10475
1,10476
3,10477
6,10478
12,10479
27,10480
3,10481
15,10482
27,10483
1,10484
1,10485
12,10486
1,10487
11,10488
23,10489
12,10490
13,10491
27,10492
9,10493
11,10494
27,10495
9,10496
7,10497
14,10498
12,10499
27,10500
9,10501
11,10502
5,10503
7,10504
1,10505
27,10506
2,10507
15,10508
28,10509
27,10510
1,10511
27,10512
5,10513
9,10514
27,10515
1,10516
15,10517
27,10518
1,10519
12,10520
1,10521
28,10522
27,10523
19,10524
13,10525
4,10526
1,10527
19,10528
7,10529
19,10530
11,10531
1,10532
4,10533
9,10534
27,10535
12,10536
1,10537
1,10538
27,10539
1,10540
27,10541
19,10542
27,10543
11,10544
27,10545
1,10546
27,10547
19,10548
19,10549
1,10550
27,10551
7,10552
11,10553
9,10554
27,10555
1,10556
22,10557
7,10558
1,10559
12,10560
11,10561
16,10562
4,10563
9,10564
27,10565
9,10566
11,10567
1,10568
19,10569
20,10570
5,10571
27,10572
14,10573
16,10574
19,10575
19,10576
23,10577
11,10578
11,10579
11,10580
11,10581
27,10582
11,10583
27,10584
11,10585
9,10586
27,10587
23,10588
1,10589
27,10590
9,10591
27,10592
19,10593
27,10594
1,10595
9,10596
4,10597
11,10598
27,10599
1,10600
9,10601
11,10602
9,10603
11,10604
9,10605
14,10606
9,10607
11,10608
23,10609
32,10610
12,10611
4,10612
1,10613
27,10614
27,10615
11,10616
9,10617
1,10618
9,10619
27,10620
11,10621
9,10622
9,10623
9,10624
27,10625
23,10626
19,10627
27,10628
15,10629
1,10630
9,10631
27,10632
1,10633
7,10634
9,10635
1,10636
16,10637
9,10638
3,10639
3,10640
11,10641
1,10642
7,10643
1,10644
1,10645
3,10646
11,10647
21,10648
11,10649
11,10650
18,10651
5,10652
12,10653
1,10654
11,10655
11,10656
9,10657
1,10658
6,10659
1,10660
26,10661
5,10662
12,10663
9,10664
11,10665
19,10666
6,10667
11,10668
9,10669
11,10670
1,10671
9,10672
1,10673
27,10674
12,10675
7,10676
9,10677
11,10678
19,10679
1,10680
11,10681
27,10682
11,10683
4,10684
9,10685
7,10686
27,10687
1,10688
1,10689
5,10690
27,10691
9,10692
27,10693
12,10694
1,10695
9,10696
27,10697
27,10698
11,10699
19,10700
19,10701
6,10702
11,10703
26,10704
3,10705
1,10706
23,10707
27,10708
22,10709
6,10710
1,10711
1,10712
9,10713
16,10714
27,10715
1,10716
9,10717
9,10718
7,10719
11,10720
6,10721
11,10722
27,10723
12,10724
11,10725
9,10726
19,10727
6,10728
27,10729
27,10730
12,10731
11,10732
27,10733
1,10734
1,10735
1,10736
27,10737
23,10738
19,10739
11,10740
1,10741
27,10742
9,10743
9,10744
18,32327
1,10746
10,10747
27,10748
6,10749
4,10750
4,10751
12,10752
4,10753
25,10754
1,10755
11,10756
3,10757
9,10758
12,10759
11,10760
12,10761
12,10762
4,10763
8,10764
1,10765
27,10766
11,10767
9,10768
9,10769
11,10770
4,10771
9,10772
6,10773
23,10774
9,10775
27,10776
1,10777
1,10778
11,10779
27,10780
9,10781
1,10782
9,10783
11,10784
9,10785
12,10786
27,10787
9,10788
27,10789
1,10790
9,10791
27,10792
23,10793
27,10794
1,10795
11,10796
9,10797
1,10798
4,10799
9,10800
11,10801
23,10802
1,10803
4,10804
11,10805
15,10806
27,10807
1,10808
23,10809
27,10810
1,10811
1,10812
25,10813
19,10814
9,10815
1,10816
11,10817
19,10818
1,10819
4,10820
9,10821
11,10822
11,10823
1,10824
1,10825
27,10826
11,10827
4,10828
9,10829
1,10830
27,10831
1,10832
27,10833
4,10834
15,10835
7,10836
24,10837
28,10838
27,10839
12,10840
4,10841
27,10842
33,10843
9,10844
27,10845
27,10846
12,10847
1,10848
1,10849
9,10850
11,10851
1,10852
4,10853
4,10854
15,10855
16,10856
19,10857
25,10858
19,10859
23,10860
11,10861
11,10862
27,10863
11,10864
4,10865
9,10866
27,10867
21,10868
11,10869
4,10870
16,10871
3,10872
1,10873
27,10874
19,10875
6,10876
9,10877
11,10878
32,10879
1,10880
12,10881
1,10882
19,10883
19,10884
9,10885
27,10886
9,10887
27,10888
9,10889
27,10890
9,10891
27,10892
17,10893
27,10894
9,10895
4,10896
27,10897
9,10898
11,10899
9,10900
27,10901
9,10902
9,10903
9,10904
27,10905
27,10906
27,10907
7,10908
11,10909
1,10910
27,10911
9,10912
27,10913
11,10914
9,10915
11,10916
9,10917
1,10918
8,10919
9,10920
9,10921
11,10922
9,10923
11,10924
9,10925
11,10926
27,10927
9,10928
27,10929
1,10930
24,10931
9,10932
11,10933
27,10934
9,10935
9,10936
27,10937
9,10938
9,10939
11,10940
9,10941
9,10942
15,10943
1,10944
11,10945
1,10946
27,10947
27,10948
9,10949
9,10950
9,10951
11,10952
12,10953
11,10954
27,10955
4,10956
11,10957
27,10958
19,10959
22,10960
11,10961
9,10962
11,10963
27,10964
9,10965
12,10966
21,10967
22,10968
9,10969
13,10970
22,10971
1,10972
27,10973
27,10974
27,10975
23,10976
27,10977
11,10978
9,10979
15,10980
11,10981
19,10982
27,10983
12,10984
5,10985
4,10986
27,10987
9,10988
11,10989
9,10990
9,10991
22,10992
11,10993
1,10994
27,10995
1,10996
9,10997
27,10998
1,10999
1,11000
11,11001
9,11002
27,11003
12,11004
9,11005
9,11006
1,11007
1,11008
27,11009
27,11010
9,11011
9,11012
11,11013
9,11014
27,11015
19,11016
12,11017
27,11018
23,11019
11,11020
9,11021
9,11022
9,11023
9,11024
27,11025
9,11026
27,11027
27,11028
23,11029
9,11030
27,11031
9,11032
11,11033
27,11034
9,11035
27,11036
9,11037
27,11038
1,11039
28,11040
27,11041
27,11042
11,11043
9,11044
11,11045
27,11046
9,11047
15,11048
9,11049
9,11050
9,11051
11,11052
11,11053
9,11054
9,11055
9,11056
27,11057
9,11058
27,11059
9,11060
17,11061
11,11062
27,11063
12,11064
27,11065
9,11066
27,11067
27,11068
11,11069
27,11070
11,11071
9,11072
9,11073
11,11074
27,11075
11,11076
9,11077
9,11078
21,11079
1,11080
1,11081
11,11082
11,11083
9,11084
9,11085
21,11086
27,11087
9,11088
27,11089
9,11090
11,11091
27,11092
1,11093
11,11094
27,11095
17,11096
9,11097
11,11098
27,11099
4,11100
9,11101
9,11102
4,11103
9,11104
9,11105
11,11106
9,11107
9,11108
11,11109
9,11110
9,11111
9,11112
11,11113
27,11114
7,11115
27,11116
11,11117
21,11118
9,11119
27,11120
9,11121
9,11122
11,11123
11,11124
27,11125
9,11126
1,11127
1,11128
11,11129
11,11130
9,11131
11,11132
9,11133
9,11134
9,11135
9,11136
9,11137
11,11138
27,11139
11,11140
9,11141
27,11142
9,11143
27,11144
27,11145
9,11146
9,11147
9,11148
27,11149
9,11150
9,11151
27,11152
9,11153
27,11154
9,11155
11,11156
11,11157
27,11158
4,11159
11,11160
9,11161
27,11162
9,11163
11,11164
27,11165
9,11166
11,11167
9,11168
4,11169
11,11170
27,11171
23,11172
9,11173
9,11174
11,11175
27,11176
27,11177
9,11178
9,11179
11,11180
9,11181
9,11182
27,11183
9,11184
9,11185
27,11186
23,11187
11,11188
9,11189
9,11190
9,11191
11,11192
11,11193
9,11194
9,11195
9,11196
11,11197
27,11198
9,11199
9,11200
27,11201
9,11202
27,11203
9,11204
9,11205
27,11206
9,11207
11,11208
27,11209
9,11210
9,11211
9,11212
9,11213
11,11214
9,11215
27,11216
9,11217
9,11218
27,11219
27,11220
9,11221
27,11222
27,11223
9,11224
23,11225
27,11226
11,11227
17,11228
23,11229
27,11230
11,11231
9,11232
27,11233
9,11234
9,11235
4,11236
9,11237
27,11238
9,11239
4,11240
9,11241
9,11242
33,11243
11,11244
27,11245
5,11246
12,11247
4,11248
12,11249
19,11250
11,11251
9,11252
9,11253
19,11254
27,11255
9,11256
11,11257
27,11258
9,11259
11,11260
4,11261
9,11262
9,11263
27,11264
9,11265
4,11266
11,11267
27,11268
23,11269
9,11270
1,11271
27,11272
9,11273
4,11274
9,11275
11,11276
27,11277
9,11278
11,11279
11,11280
11,11281
9,11282
11,11283
9,11284
1,11285
11,11286
9,11287
27,11288
9,11289
11,11290
11,11291
9,11292
9,11293
11,11294
9,11295
11,11296
11,11297
9,11298
11,11299
9,11300
27,11301
22,11302
15,11303
11,11304
9,11305
9,11306
9,11307
22,11308
9,11309
11,11310
27,11311
9,11312
27,11313
4,11314
9,11315
9,11316
11,11317
4,11318
8,11319
4,11320
9,11321
27,11322
11,11323
9,11324
9,11325
9,11326
11,11327
27,11328
27,11329
9,11330
11,11331
27,11332
9,11333
1,11334
27,11335
9,11336
9,11337
27,11338
11,11339
9,11340
27,11341
11,11342
9,11343
27,11344
9,11345
11,11346
27,11347
9,11348
27,11349
9,11350
22,11351
22,11352
9,11353
4,11354
9,11355
21,11356
14,11357
11,11358
9,11359
1,11360
15,11361
27,11362
3,11363
6,11364
1,11365
9,11366
27,11367
9,11368
9,11369
11,11370
9,11371
7,11372
25,11373
27,11374
25,11375
9,11376
11,11377
9,11378
7,11379
9,11380
11,11381
11,11382
27,11383
9,11384
4,11385
13,11386
9,11387
1,11388
9,11389
9,11390
9,11391
11,11392
27,11393
9,11394
11,11395
27,11396
9,11397
7,11398
9,11399
9,11400
27,11401
9,11402
27,11403
9,11404
17,11405
27,11406
9,11407
9,11408
9,11409
13,11410
9,11411
9,11412
11,11413
9,11414
11,11415
4,11416
27,11417
9,11418
9,11419
27,11420
11,11421
9,11422
23,11423
9,11424
27,11425
9,11426
27,11427
9,11428
27,11429
9,11430
9,11431
11,11432
9,11433
11,11434
27,11435
9,11436
11,11437
9,11438
9,11439
11,11440
27,11441
9,11442
9,11443
11,11444
9,11445
27,11446
9,11447
9,11448
9,11449
27,11450
9,11451
11,11452
9,11453
11,11454
27,11455
9,11456
9,11457
9,11458
27,11459
9,11460
11,11461
27,11462
9,11463
9,11464
27,11465
9,11466
27,11467
9,11468
9,11469
27,11470
9,11471
9,11472
11,11473
9,11474
11,11475
9,11476
11,11477
27,11478
9,11479
9,11480
27,11481
27,11482
9,11483
9,11484
11,11485
27,11486
9,11487
11,11488
9,11489
11,11490
11,11491
11,11492
27,11493
9,11494
19,11495
11,11496
27,11497
9,11498
32,11499
9,11500
9,11501
9,11502
16,11503
27,11504
9,11505
27,11506
27,11507
9,11508
11,11509
11,11510
9,11511
9,11512
11,11513
21,11514
11,11515
27,11516
9,11517
27,11518
27,11519
9,11520
1,11521
11,11522
27,11523
9,11524
27,11525
9,11526
9,11527
11,11528
11,11529
27,11530
12,11531
11,11532
5,11533
9,11534
19,11535
27,11536
27,11537
27,11538
9,11539
9,11540
9,11541
11,11542
9,11543
9,11544
9,11545
27,11546
11,11547
11,11548
9,11549
24,11550
9,11551
27,11552
9,11553
7,11554
11,11555
9,11556
9,11557
11,11558
27,11559
9,11560
27,11561
9,11562
9,11563
9,11564
11,11565
25,11566
11,11567
11,11568
27,11569
9,11570
9,11571
27,11572
27,11573
9,11574
11,11575
11,11576
9,11577
1,11578
16,11579
9,11580
9,11581
11,11582
27,11583
9,11584
1,11585
27,11586
9,11587
27,11588
11,11589
9,11590
11,11591
25,11592
9,11593
5,11594
9,11595
9,11596
9,11597
27,11598
5,11599
9,11600
9,11601
11,11602
39,11603
9,11604
9,11605
9,11606
9,11607
11,11608
11,11609
27,11610
9,11611
9,11612
15,11613
9,11614
11,11615
27,11616
27,11617
9,11618
9,11619
9,11620
11,11621
27,11622
9,11623
32,11624
9,11625
4,11626
9,11627
27,11628
11,11629
27,11630
9,11631
9,11632
9,11633
11,11634
27,11635
9,11636
9,11637
9,11638
11,11639
9,11640
9,11641
9,11642
11,11643
11,11644
11,11645
27,11646
9,11647
21,11648
27,11649
9,11650
27,11651
27,11652
9,11653
27,11654
9,11655
27,11656
9,11657
9,11658
9,11659
9,11660
27,11661
11,11662
27,11663
27,11664
9,11665
11,11666
9,11667
17,11668
1,11669
27,11670
9,11671
16,11672
12,11673
27,11674
4,11675
9,11676
11,11677
27,11678
27,11679
12,11680
27,11681
9,11682
8,11683
39,11684
19,11685
19,11686
4,11687
12,11688
27,11689
1,11690
9,11691
11,11692
9,11693
27,11694
39,11695
27,11696
9,11697
39,11698
25,11699
9,11700
4,11701
12,11702
9,11703
11,11704
27,11705
9,11706
27,11707
27,11708
11,11709
9,11710
9,11711
11,11712
19,11713
1,11714
9,11715
27,11716
19,11717
11,11718
19,11719
11,11720
9,11721
27,11722
19,11723
9,11724
27,11725
27,11726
27,11727
9,11728
16,11729
9,11730
27,11731
24,11732
4,11733
12,11734
11,11735
19,11736
9,11737
27,11738
27,11739
1,11740
27,11741
9,11742
27,11743
11,11744
9,11745
5,11746
12,11747
14,11748
15,11749
11,11750
6,11751
30,11752
9,11753
9,11754
27,11755
16,11756
23,11757
1,11758
9,11759
27,11760
9,11761
27,11762
9,11763
27,11764
27,11765
9,11766
23,11767
27,11768
9,11769
9,11770
27,11771
3,11772
17,11773
9,11774
6,11775
1,11776
27,11777
27,11778
23,11779
12,11780
12,11781
9,11782
27,11783
22,11784
4,11785
27,11786
9,11787
11,11788
26,11789
1,11790
5,11791
19,11792
36,11793
11,11794
9,11795
9,11796
27,11797
27,11798
23,11799
27,11800
27,11801
4,11802
9,11803
23,11804
4,11805
16,11806
10,11807
12,11808
11,11809
9,11810
10,11811
27,11812
9,11813
11,11814
9,11815
1,11816
27,11817
9,11818
27,11819
9,11820
27,11821
27,11822
27,11823
16,11824
27,11825
9,11826
27,11827
9,11828
27,11829
27,11830
9,11831
9,11832
27,11833
4,11834
27,11835
27,11836
9,11837
27,11838
27,11839
1,11840
27,11841
27,11842
27,11843
23,11844
23,11845
27,11846
15,11847
11,11848
9,11849
27,11850
9,11851
27,11852
23,11853
9,11854
27,11855
3,11856
15,11857
1,11858
27,11859
27,11860
12,11861
27,11862
27,11863
3,11864
27,11865
27,11866
39,11867
21,11868
9,11869
27,11870
16,11871
1,11872
11,11873
23,11874
16,11875
9,11876
1,11877
11,11878
18,11879
5,11880
9,11881
27,11882
11,11883
27,11884
27,11885
9,11886
27,11887
9,11888
27,11889
11,11890
23,11891
27,11892
19,11893
1,11894
9,11895
27,11896
24,11897
9,11898
27,11899
9,11900
27,11901
9,11902
27,11903
27,11904
9,11905
27,11906
27,11907
9,11908
27,11909
27,11910
23,11911
9,11912
27,11913
25,11914
27,11915
11,11916
9,11917
27,11918
9,11919
27,11920
9,11921
9,11922
7,11923
23,11924
27,11925
36,11926
9,11927
13,11928
9,11929
27,11930
9,11931
27,11932
11,11933
9,11934
27,11935
23,11936
27,11937
9,11938
27,11939
27,11940
27,11941
23,11942
14,11943
11,11944
9,11945
27,11946
23,11947
1,11948
19,11949
11,11950
1,11951
9,11952
27,11953
27,11954
1,11955
27,11956
27,11957
9,11958
9,11959
27,11960
27,11961
11,11962
23,11963
27,11964
9,11965
27,11966
7,11967
9,11968
23,11969
27,11970
27,11971
23,11972
13,11973
15,11974
22,11975
9,11976
9,11977
27,11978
9,11979
27,11980
27,11981
23,11982
9,11983
27,11984
9,11985
9,11986
27,11987
9,11988
9,11989
1,11990
11,11991
27,11992
9,11993
27,11994
19,11995
1,11996
9,11997
1,11998
5,11999
18,12000
27,12001
23,12002
9,12003
9,12004
27,12005
28,12006
12,12007
5,12008
11,12009
9,12010
27,12011
27,12012
5,12013
4,12014
1,12015
9,12016
11,12017
9,12018
11,12019
27,12020
9,12021
27,12022
11,12023
9,12024
27,12025
12,12026
26,12027
27,12028
12,12029
1,12030
3,12031
27,12032
19,12033
5,12034
1,12035
16,12036
4,12037
27,12038
12,12039
27,12040
1,12041
12,12042
9,12043
3,12044
27,12045
7,12046
11,12047
11,12048
27,12049
19,12050
27,12051
9,12052
27,12053
9,12054
27,12055
27,12056
1,12057
9,12058
27,12059
23,12060
4,12061
23,12062
27,12063
21,12064
11,12065
9,12066
19,12067
9,12068
27,12069
12,12070
27,12071
23,12072
9,12073
27,12074
9,12075
27,12076
27,12077
9,12078
27,12079
27,12080
23,12081
9,12082
27,12083
27,12084
23,12085
1,12086
9,12087
27,12088
9,12089
11,12090
1,12091
19,12092
27,12093
1,12094
16,12095
27,12096
9,12097
12,12098
9,12099
10,12100
27,12101
27,12102
27,12103
27,12104
9,12105
27,12106
5,12107
27,12108
1,12109
27,12110
9,12111
27,12112
27,12113
16,12114
27,12115
27,12116
24,12117
9,12118
27,12119
4,12120
10,12121
27,12122
9,12123
9,12124
27,12125
27,12126
19,12127
27,12128
9,12129
27,12130
9,12131
27,12132
27,12133
9,12134
27,12135
27,12136
23,12137
27,12138
1,12139
24,12140
9,12141
27,12142
9,12143
27,12144
9,12145
9,12146
15,12147
27,12148
23,12149
1,12150
9,12151
11,12152
22,12153
1,12154
9,12155
27,12156
23,12157
27,12158
12,12159
11,12160
5,12161
19,12162
27,12163
8,12164
27,12165
15,12166
12,12167
4,12168
7,12169
8,12170
22,12171
1,12172
1,12173
1,12174
1,12175
1,12176
27,12177
11,12178
9,12179
7,12180
27,12181
11,12182
11,12183
1,12184
23,12185
11,12186
24,12187
1,12188
19,12189
11,12190
9,12191
1,12192
12,12193
7,12194
1,12195
22,12196
1,12197
12,12198
11,12199
27,12200
9,12201
7,12202
11,12203
23,12204
22,12205
20,12206
11,12207
1,12208
19,12209
1,12210
11,12211
9,12212
11,12213
27,12214
7,12215
23,12216
11,12217
9,12218
7,12219
1,12220
21,12221
12,12222
9,12223
11,12224
19,12225
3,12226
16,12227
11,12228
25,12229
12,12230
1,12231
7,12232
11,12233
19,12234
1,12235
9,12236
1,12237
12,12238
19,12239
15,12240
12,12241
1,12242
27,12243
23,12244
25,12245
27,12246
9,12247
27,12248
28,12249
1,12250
27,12251
19,12252
12,12253
1,12254
12,12255
9,12256
16,12257
1,12258
1,12259
1,12260
1,12261
27,12262
27,12263
25,12264
28,12265
1,12266
11,12267
7,12268
1,12269
27,12270
27,12271
16,12272
27,12273
27,12274
23,12275
11,12276
1,12277
5,12278
19,12279
27,12280
1,12281
11,12282
19,12283
9,12284
27,12285
1,12286
1,12287
11,12288
19,12289
12,12290
11,12291
27,12292
1,12293
12,12294
1,12295
27,12296
23,12297
22,12298
27,12299
1,12300
27,12301
26,12302
27,12303
12,12304
19,12305
1,12306
9,12307
9,12308
23,12309
27,12310
12,12311
11,12312
23,12313
27,12314
12,12315
3,12316
27,12317
1,12318
11,12319
18,12320
12,12321
27,12322
5,12323
27,12324
28,12325
27,12326
11,12327
27,12328
19,12329
28,12330
27,12331
24,12332
11,12333
11,12334
27,12335
27,12336
19,12337
24,12338
19,12339
1,12340
27,12341
1,12342
1,12343
1,12344
11,12345
5,12346
27,12347
11,12348
19,12349
11,12350
32,12351
1,12352
11,12353
12,12354
22,12355
27,12356
23,12357
27,12358
17,12359
3,12360
11,12361
1,12362
12,12363
19,12364
1,12365
19,12366
19,12367
11,12368
19,12369
6,12370
12,12371
19,12372
22,12373
19,12374
27,12375
1,12376
27,12377
22,12378
9,12379
27,12380
23,12381
9,12382
27,12383
23,12384
19,12385
3,12386
9,12387
15,12388
20,12389
11,12390
20,12391
1,12392
9,12393
27,12394
9,12395
27,12396
14,12397
1,12398
1,12399
13,12400
12,12401
30,12402
27,12403
11,12404
9,12405
9,12406
27,12407
23,12408
11,12409
32,12410
1,12411
11,12412
1,12413
25,12414
27,12415
4,12416
11,12417
19,12418
1,12419
19,12420
11,12421
4,12422
27,12423
9,12424
27,12425
15,12426
22,12427
27,12428
23,12429
27,12430
23,12431
15,12432
9,12433
14,12434
1,12435
1,12436
36,12437
18,12438
27,12439
5,12440
1,12441
1,12442
27,12443
1,12444
14,12445
24,12446
19,12447
27,12448
13,12449
19,12450
27,12451
23,12452
9,12453
19,12454
9,12455
27,12456
27,12457
23,12458
11,12459
11,12460
9,12461
21,12462
11,12463
9,12464
23,12465
9,12466
1,12467
20,12468
9,12469
27,12470
19,12471
19,12472
27,12473
11,12474
19,12475
23,12476
27,12477
9,12478
12,12479
19,12480
23,12481
11,12482
11,12483
11,12484
27,12485
9,12486
1,12487
1,12488
27,12489
16,12490
1,12491
27,12492
18,12493
28,12494
1,12495
28,12496
11,12497
20,12498
12,12499
23,12500
23,12501
11,12502
11,12503
1,12504
7,12505
19,12506
20,12507
1,12508
19,12509
27,12510
1,12511
12,12512
7,12513
9,12514
27,12515
23,12516
15,12517
11,12518
11,12519
19,12520
1,12521
22,12522
27,12523
9,12524
9,12525
24,12526
28,12527
1,12528
27,12529
11,12530
11,12531
19,12532
15,12533
27,12534
4,12535
27,12536
1,12537
12,12538
25,12539
27,12540
9,12541
11,12542
19,12543
14,12544
19,12545
5,12546
9,12547
19,12548
19,12549
11,12550
9,12551
19,12552
19,12553
13,12554
11,12555
1,12556
20,12557
27,12558
20,12559
9,12560
1,12561
7,12562
1,12563
19,12564
27,12565
6,12566
12,12567
4,12568
19,12569
9,12570
27,12571
27,12572
1,12573
27,12574
11,12575
9,12576
23,12577
27,12578
12,12579
25,12580
7,12581
11,12582
21,12583
9,12584
27,12585
9,12586
1,12587
11,12588
27,12589
27,12590
9,12591
1,12592
22,12593
12,12594
19,12595
23,12596
27,12597
9,12598
9,12599
11,12600
9,12601
19,12602
1,12603
9,12604
9,12605
14,12606
27,12607
27,12608
7,12609
1,12610
11,12611
1,12612
11,12613
11,12614
27,12615
9,12616
19,12617
27,12618
19,12619
27,12620
27,12621
11,12622
9,12623
16,12624
4,12625
9,12626
27,12627
23,12628
9,12629
9,12630
9,12631
9,12632
9,12633
9,12634
19,12635
9,12636
9,12637
9,12638
11,12639
27,12640
9,12641
9,12642
9,12643
1,12644
26,12645
9,12646
23,12647
27,12648
27,12649
1,12650
9,12651
11,12652
11,12653
1,12654
9,12655
12,12656
11,12657
9,12658
23,12659
1,12660
1,12661
11,12662
27,12663
1,12664
11,12665
4,12666
9,12667
9,12668
27,12669
9,12670
7,12671
11,12672
9,12673
1,12674
27,12675
9,12676
14,12677
1,12678
11,12679
27,12680
6,12681
27,12682
9,12683
11,12684
14,12685
11,12686
27,12687
9,12688
7,12689
27,12690
9,12691
11,12692
22,12693
9,12694
1,12695
11,12696
11,12697
9,12698
1,12699
22,12700
21,12701
1,12702
27,12703
9,12704
11,12705
1,12706
11,12707
9,12708
9,12709
9,12710
11,12711
9,12712
27,12713
9,12714
9,12715
9,12716
19,12717
9,12718
9,12719
9,12720
9,12721
19,12722
27,12723
11,12724
27,12725
12,12726
1,12727
18,12728
27,12729
1,12730
19,12731
27,12732
19,12733
11,12734
27,12735
9,12736
1,12737
9,12738
27,12739
19,12740
27,12741
19,12742
8,12743
11,12744
11,12745
9,12746
9,12747
11,12748
16,12749
23,12750
9,12751
27,12752
9,12753
27,12754
9,12755
1,12756
9,12757
27,12758
9,12759
27,12760
9,12761
15,12762
1,12763
11,12764
27,12765
9,12766
11,12767
9,12768
11,12769
9,12770
11,12771
27,12772
11,12773
9,12774
19,12775
11,12776
19,12777
5,12778
1,12779
27,12780
27,12781
27,12782
9,12783
9,12784
11,12785
11,12786
11,12787
9,12788
21,12789
1,12790
9,12791
28,12792
27,12793
9,12794
23,12795
16,12796
9,12797
19,12798
27,12799
13,12800
16,12801
9,12802
27,12803
27,12804
23,12805
1,12806
1,12807
16,12808
27,12809
19,12810
1,12811
1,12812
27,12813
27,12814
16,12815
27,12816
11,12817
27,12818
1,12819
19,12820
27,12821
21,12822
9,12823
15,12824
27,12825
11,12826
21,12827
9,12828
11,12829
12,12830
9,12831
1,12832
27,12833
9,12834
9,12835
24,12836
9,12837
27,12838
11,12839
9,12840
11,12841
27,12842
27,12843
9,12844
11,12845
12,12846
28,12847
12,12848
11,12849
9,12850
1,12851
27,12852
9,12853
11,12854
9,12855
9,12856
11,12857
11,12858
11,12859
9,12860
11,12861
27,12862
9,12863
23,12864
27,12865
12,12866
11,12867
9,12868
9,12869
1,12870
1,12871
19,12872
9,12873
27,12874
27,12875
9,12876
9,12877
32,12878
9,12879
23,12880
27,12881
27,12882
9,12883
9,12884
11,12885
11,12886
14,12887
27,12888
11,12889
19,12890
19,12891
13,12892
27,12893
9,12894
11,12895
27,12896
11,12897
9,12898
11,12899
22,12900
11,12901
27,12902
12,12903
27,12904
27,12905
9,12906
11,12907
27,12908
7,12909
1,12910
27,12911
4,12912
18,12913
9,12914
27,12915
23,12916
5,12917
11,12918
39,12919
1,12920
27,12921
27,12922
9,12923
11,12924
11,12925
9,12926
11,12927
11,12928
27,12929
9,12930
19,12931
11,12932
3,12933
1,12934
27,12935
4,12936
11,12937
15,12938
19,12939
27,12940
11,12941
27,12942
9,12943
11,12944
9,12945
19,12946
22,12947
27,12948
9,12949
24,12950
27,12951
9,12952
9,12953
16,12954
9,12955
23,12956
27,12957
1,12958
11,12959
27,12960
9,12961
11,12962
39,12963
4,12964
19,12965
27,12966
22,12967
11,12968
23,12969
11,12970
23,12971
27,12972
9,12973
1,12974
1,12975
10,12976
27,12977
9,12978
1,12979
9,12980
15,12981
11,12982
7,12983
9,12984
27,12985
23,12986
1,12987
28,12988
27,12989
11,12990
9,12991
27,12992
9,12993
3,12994
27,12995
27,12996
9,12997
11,12998
9,12999
9,13000
11,13001
9,13002
9,13003
9,13004
11,13005
11,13006
9,13007
11,13008
11,13009
1,13010
19,13011
13,13012
27,13013
9,13014
1,13015
27,13016
1,13017
27,13018
28,13019
27,13020
9,13021
11,13022
27,13023
9,13024
12,13025
9,13026
9,13027
11,13028
27,13029
4,13030
9,13031
9,13032
9,13033
1,13034
11,13035
11,13036
27,13037
9,13038
9,13039
1,13040
27,13041
19,13042
11,13043
9,13044
11,13045
11,13046
9,13047
9,13048
11,13049
18,13050
27,13051
27,13052
28,13053
5,13054
12,13055
9,13056
19,13057
27,13058
23,13059
27,13060
25,13061
9,13062
11,13063
9,13064
11,13065
11,13066
9,13067
1,13068
11,13069
9,13070
11,13071
9,13072
23,13073
30,13074
27,13075
9,13076
10,13077
9,13078
9,13079
9,13080
9,13081
9,13082
5,13083
7,13084
27,13085
27,13086
27,13087
22,13088
9,13089
30,13090
14,13091
16,13092
23,13093
27,13094
9,13095
11,13096
27,13097
1,13098
9,13099
9,13100
27,13101
27,13102
9,13103
9,13104
9,13105
9,13106
11,13107
9,13108
9,13109
11,13110
9,13111
23,13112
9,13113
24,13114
9,13115
27,13116
19,13117
9,13118
24,13119
9,13120
9,13121
27,13122
9,13123
11,13124
9,13125
7,13126
27,13127
11,13128
27,13129
9,13130
27,13131
9,13132
11,13133
27,13134
9,13135
11,13136
9,13137
11,13138
9,13139
27,13140
11,13141
11,13142
9,13143
9,13144
11,13145
9,13146
9,13147
9,13148
11,13149
11,13150
27,13151
9,13152
11,13153
9,13154
11,13155
11,13156
9,13157
9,13158
11,13159
9,13160
7,13161
11,13162
9,13163
27,13164
9,13165
11,13166
9,13167
11,13168
9,13169
11,13170
1,13171
9,13172
27,13173
11,13174
9,13175
9,13176
9,13177
22,13178
12,13179
6,13180
9,13181
27,13182
11,13183
11,13184
27,13185
9,13186
27,13187
11,13188
11,13189
9,13190
11,13191
9,13192
9,13193
9,13194
23,13195
27,13196
9,13197
11,13198
27,13199
9,13200
9,13201
27,13202
9,13203
9,13204
9,13205
9,13206
1,13207
9,13208
22,13209
9,13210
27,13211
22,13212
9,13213
27,13214
11,13215
9,13216
23,13217
9,13218
21,13219
13,13220
9,13221
11,13222
9,13223
9,13224
11,13225
22,13226
23,13227
27,13228
9,13229
9,13230
11,13231
27,13232
3,13233
9,13234
11,13235
27,13236
9,13237
11,13238
27,13239
9,13240
11,13241
11,13242
11,13243
9,13244
27,13245
9,13246
20,13247
9,13248
9,13249
9,13250
11,13251
27,13252
9,13253
9,13254
9,13255
11,13256
27,13257
9,13258
9,13259
11,13260
22,13261
8,13262
8,13263
20,13264
27,13265
9,13266
9,13267
9,13268
9,13269
27,13270
11,13271
9,13272
11,13273
19,13274
9,13275
11,13276
9,13277
27,13278
9,13279
27,13280
11,13281
9,13282
19,13283
11,13284
14,13285
11,13286
11,13287
9,13288
11,13289
27,13290
9,13291
27,13292
9,13293
11,13294
27,13295
9,13296
14,13297
11,13298
9,13299
1,13300
21,13301
9,13302
9,13303
9,13304
11,13305
9,13306
9,13307
11,13308
9,13309
9,13310
1,13311
1,13312
9,13313
9,13314
9,13315
9,13316
9,13317
9,13318
11,13319
27,13320
9,13321
27,13322
9,13323
11,13324
11,13325
1,13326
9,13327
1,13328
27,13329
11,13330
9,13331
23,13332
9,13333
32,13334
9,13335
9,13336
27,13337
22,13338
11,13339
9,13340
27,13341
11,13342
9,13343
9,13344
9,13345
27,13346
22,13347
9,13348
19,13349
27,13350
25,13351
19,13352
27,13353
9,13354
11,13355
11,13356
27,13357
9,13358
7,13359
11,13360
9,13361
11,13362
9,13363
9,13364
11,13365
15,13366
11,13367
27,13368
1,13369
9,13370
9,13371
9,13372
9,13373
11,13374
27,13375
12,13376
11,13377
5,13378
23,13379
27,13380
9,13381
27,13382
11,13383
24,13384
9,13385
27,13386
11,13387
27,13388
9,13389
11,13390
9,13391
9,13392
9,13393
11,13394
9,13395
9,13396
11,13397
11,13398
27,13399
40,13400
9,13401
27,13402
9,13403
19,13404
27,13405
9,13406
27,13407
9,13408
9,13409
4,13410
11,13411
9,13412
1,13413
1,13414
27,13415
9,13416
11,13417
1,13418
9,13419
9,13420
18,13421
11,13422
27,13423
11,13424
27,13425
23,13426
19,13427
9,13428
27,13429
9,13430
21,13431
9,13432
11,13433
11,13434
27,13435
9,13436
9,13437
21,13438
27,13439
9,13440
11,13441
12,13442
23,13443
9,13444
13,13445
9,13446
1,13447
9,13448
27,13449
27,13450
11,13451
9,13452
9,13453
1,13454
9,13455
27,13456
9,13457
27,13458
4,13459
9,13460
1,13461
27,13462
9,13463
21,13464
9,13465
19,13466
9,13467
27,13468
9,13469
9,13470
11,13471
27,13472
9,13473
9,13474
11,13475
16,13476
10,13477
11,13478
27,13479
27,13480
27,13481
9,13482
14,13483
16,13484
27,13485
9,13486
27,13487
11,13488
11,13489
9,13490
9,13491
27,13492
27,13493
9,13494
11,13495
11,13496
9,13497
9,13498
27,13499
27,13500
9,13501
20,13502
30,13503
9,13504
27,13505
1,13506
3,13507
9,13508
11,13509
9,13510
7,13511
9,13512
9,13513
21,13514
9,13515
22,13516
19,13517
3,13518
9,13519
9,13520
11,13521
27,13522
9,13523
11,13524
9,13525
11,13526
11,13527
9,13528
1,13529
11,13530
24,13531
1,13532
9,13533
11,13534
27,13535
22,13536
11,13537
27,13538
9,13539
27,13540
9,13541
19,13542
27,13543
9,13544
9,13545
9,13546
22,13547
9,13548
9,13549
8,13550
9,13551
11,13552
11,13553
9,13554
11,13555
9,13556
7,13557
5,13558
13,13559
9,13560
9,13561
16,13562
11,13563
12,13564
9,13565
1,13566
27,13567
11,13568
27,13569
9,13570
27,13571
8,13572
22,13573
9,13574
9,13575
11,13576
11,13577
27,13578
11,13579
9,13580
11,13581
11,13582
9,13583
23,13584
11,13585
11,13586
11,13587
13,13588
1,13589
11,13590
9,13591
9,13592
9,13593
27,13594
9,13595
11,13596
9,13597
11,13598
9,13599
11,13600
9,13601
11,13602
9,13603
27,13604
11,13605
9,13606
9,13607
16,13608
27,13609
9,13610
9,13611
9,13612
9,13613
11,13614
11,13615
11,13616
9,13617
11,13618
9,13619
11,13620
11,13621
27,13622
19,13623
19,13624
9,13625
9,13626
5,13627
9,13628
11,13629
11,13630
9,13631
9,13632
11,13633
11,13634
9,13635
27,13636
11,13637
27,13638
5,13639
19,13640
1,13641
14,13642
11,13643
11,13644
9,13645
1,13646
27,13647
9,13648
19,13649
9,13650
8,13651
9,13652
9,13653
9,13654
9,13655
11,13656
9,13657
11,13658
9,13659
11,13660
9,13661
9,13662
11,13663
9,13664
27,13665
21,13666
9,13667
27,13668
11,13669
27,13670
23,13671
9,13672
1,13673
11,13674
23,13675
22,13676
1,13677
11,13678
1,13679
26,13680
5,13681
19,13682
9,13683
27,13684
9,13685
27,13686
36,13687
15,13688
11,13689
1,13690
11,13691
11,13692
22,13693
9,13694
23,13695
9,13696
27,13697
23,13698
9,13699
27,13700
9,13701
11,13702
9,13703
1,13704
27,13705
9,13706
11,13707
9,13708
9,13709
4,13710
27,13711
27,13712
23,13713
23,13714
9,13715
11,13716
27,13717
11,13718
9,13719
11,13720
9,13721
3,13722
13,13723
27,13724
27,13725
1,13726
9,13727
11,13728
19,13729
11,13730
27,13731
9,13732
11,13733
27,13734
9,13735
9,13736
9,13737
11,13738
27,13739
9,13740
27,13741
9,13742
9,13743
11,13744
27,13745
9,13746
11,13747
11,13748
1,13749
27,13750
27,13751
9,13752
11,13753
19,13754
18,13755
27,13756
14,13757
9,13758
27,13759
27,13760
21,13761
11,13762
12,13763
9,13764
9,13765
1,13766
27,13767
27,13768
19,13769
20,13770
27,13771
27,13772
12,13773
11,13774
27,13775
9,13776
9,13777
9,13778
1,13779
4,13780
27,13781
25,13782
9,13783
11,13784
4,13785
11,13786
9,13787
9,13788
11,13789
27,13790
9,13791
27,13792
3,13793
11,13794
9,13795
9,13796
11,13797
14,13798
9,13799
27,13800
11,13801
18,13802
27,13803
1,13804
11,13805
15,13806
1,13807
11,13808
27,13809
19,13810
27,13811
28,13812
9,13813
11,13814
9,13815
3,13816
27,13817
1,13818
9,13819
11,13820
12,13821
9,13822
11,13823
27,13824
9,13825
1,13826
15,13827
9,13828
11,13829
11,13830
27,13831
7,13832
12,13833
9,13834
27,13835
4,13836
4,13837
9,13838
11,13839
5,13840
18,13841
1,13842
1,13843
27,13844
1,13845
28,13846
19,13847
9,13848
1,13849
12,13850
11,13851
27,13852
1,13853
19,13854
23,13855
27,13856
9,13857
11,13858
9,13859
27,13860
4,13861
27,13862
28,13863
11,13864
19,13865
1,13866
1,13867
9,13868
12,13869
1,13870
27,13871
1,13872
25,13873
27,13874
3,13875
1,13876
11,13877
9,13878
9,13879
1,13880
3,13881
11,13882
27,13883
9,13884
9,13885
21,13886
11,13887
9,13888
1,13889
9,13890
11,13891
11,13892
11,13893
11,13894
27,13895
1,13896
27,13897
9,13898
27,13899
9,13900
9,13901
9,13902
9,13903
9,13904
9,13905
27,13906
9,13907
7,13908
11,13909
27,13910
27,13911
11,13912
27,13913
9,13914
1,13915
1,13916
27,13917
9,13918
27,13919
11,13920
9,13921
19,13922
12,13923
1,13924
11,13925
9,13926
3,13927
25,13928
12,13929
12,13930
12,13931
34,13932
9,13933
9,13934
27,13935
9,13936
11,13937
11,13938
9,13939
11,13940
11,13941
11,13942
9,13943
9,13944
5,13945
19,13946
9,13947
9,13948
27,13949
23,13950
9,13951
12,13952
27,13953
19,13954
11,13955
27,13956
11,13957
11,13958
27,13959
9,13960
9,13961
23,13962
27,13963
11,13964
27,13965
9,13966
12,13967
27,13968
9,13969
1,13970
12,13971
1,13972
9,13973
11,13974
23,13975
5,13976
11,13977
1,13978
11,13979
11,13980
9,13981
11,13982
5,13983
1,13984
27,13985
9,13986
11,13987
27,13988
11,13989
9,13990
9,13991
27,13992
16,13993
12,13994
16,13995
11,13996
27,13997
22,13998
27,13999
15,14000
11,14001
6,14002
9,14003
1,14004
19,14005
11,14006
9,14007
9,14008
19,14009
9,14010
1,14011
11,14012
27,14013
11,14014
27,14015
9,14016
9,14017
11,14018
27,14019
27,14020
9,14021
9,14022
1,14023
9,14024
11,14025
27,14026
7,14027
11,14028
27,14029
9,14030
27,14031
9,14032
11,14033
27,14034
1,14035
9,14036
11,14037
1,14038
11,14039
27,14040
9,14041
27,14042
11,14043
9,14044
11,14045
9,14046
11,14047
9,14048
12,14049
27,14050
6,14051
27,14052
9,14053
11,14054
9,14055
27,14056
1,14057
9,14058
27,14059
23,14060
17,14061
11,14062
27,14063
9,14064
27,14065
1,14066
27,14067
27,14068
9,14069
11,14070
28,14071
9,14072
11,14073
39,14074
27,14075
9,14076
9,14077
8,14078
27,14079
1,14080
1,14081
9,14082
11,14083
27,14084
23,14085
27,14086
9,14087
27,14088
9,14089
27,14090
19,14091
1,14092
12,14093
11,14094
27,14095
9,14096
25,14097
27,14098
1,14099
1,14100
6,14101
23,14102
11,14103
27,14104
1,14105
27,14106
11,14107
15,14108
9,14109
9,14110
11,14111
27,14112
23,14113
11,14114
9,14118
21,14116
11,14117
9,14118
9,14119
7,14120
11,14121
27,14122
9,14123
9,14124
8,14125
27,14126
9,14127
11,14128
11,14129
9,14130
9,14131
11,14132
1,14133
4,14134
1,14135
27,14136
19,14137
27,14138
23,14139
27,14140
23,14141
27,14142
9,14143
9,14144
3,14145
27,14146
12,14147
9,14148
6,14149
28,14150
1,14151
9,14152
11,14153
5,14154
11,14155
18,14156
12,14157
11,14158
9,14159
7,14160
27,14161
9,14162
25,14163
27,14164
12,14165
23,14166
11,14167
15,14168
9,14169
27,14170
9,14171
11,14172
5,14173
1,14174
27,14175
5,14176
15,14177
12,14178
3,14179
27,14180
9,14181
12,14182
1,14183
23,14184
27,14185
11,14186
11,14187
8,14188
7,14189
11,14190
3,14191
12,14192
1,14193
11,14194
9,14195
11,14196
12,14197
26,14198
27,14199
12,14200
16,14201
27,14202
9,14203
11,14204
22,14205
12,14206
1,14207
11,14208
27,14209
9,14210
21,14211
1,14212
11,14213
9,14214
9,14215
11,14216
11,14217
9,14218
11,14219
12,14220
9,14221
27,14222
11,14223
9,14224
11,14225
12,14226
9,14227
11,14228
5,14229
9,14230
11,14231
9,14232
7,14233
11,14234
27,14235
14,14236
11,14237
4,14238
9,14239
11,14240
1,14241
19,14242
4,14243
27,14244
9,14245
27,14246
9,14247
11,14248
11,14249
9,14250
1,14251
16,14252
23,14253
9,14254
27,14255
9,14256
11,14257
27,14258
9,14259
9,14260
11,14261
11,14262
9,14263
27,14264
11,14265
27,14266
9,14267
11,14268
11,14269
11,14270
19,14271
11,14272
9,14273
12,14274
1,14275
19,14276
9,14277
1,14278
1,14279
23,14280
9,14281
27,14282
9,14283
11,14284
11,14285
23,14286
19,14287
27,14288
9,14289
27,14290
11,14291
9,14292
9,14293
27,14294
9,14295
9,14296
27,14297
25,14298
11,14299
23,14300
3,14301
27,14302
27,14303
23,14304
24,14305
16,14306
9,14307
16,14308
9,14309
14,14310
3,14311
1,14312
27,14313
19,14314
27,14315
19,14316
1,14317
24,14318
9,14319
27,14320
23,14321
12,14322
21,14323
9,14324
11,14325
27,14326
9,14327
11,14328
27,14329
32,14330
11,14331
22,14332
27,14333
9,14334
23,14335
11,14336
27,14337
9,14338
1,14339
9,14340
7,14341
11,14342
27,14343
11,14344
11,14345
11,14346
9,14347
7,14348
9,14349
11,14350
16,14351
27,14352
11,14353
27,14354
9,14355
11,14356
1,14357
11,14358
9,14359
11,14360
9,14361
21,14362
11,14363
11,14364
9,14365
21,14366
1,14367
11,14368
9,14369
16,14370
11,14371
27,14372
9,14373
9,14374
11,14375
19,14376
16,14377
27,14378
11,14379
9,14380
27,14381
27,14382
11,14383
9,14384
11,14385
9,14386
11,14387
9,14388
11,14389
23,14390
27,14391
9,14392
19,14393
9,14394
11,14395
27,14396
19,14397
19,14398
19,14399
20,14400
27,14401
11,14402
27,14403
9,14404
1,14405
27,14406
1,14407
27,14408
9,14409
9,14410
9,14411
27,14412
19,14413
23,14414
28,14415
11,14416
23,14417
9,14418
9,14419
27,14420
16,14421
27,14422
9,14423
11,14424
5,14425
27,14426
19,14427
27,14428
11,14429
9,14430
9,14431
1,14432
11,14433
11,14434
11,14435
9,14436
27,14437
1,14438
5,14439
8,14440
9,14441
33,14442
6,14443
11,14444
9,14445
5,14446
32,14447
27,14448
9,14449
15,14450
27,14451
27,14452
9,14453
9,14454
9,14455
9,14456
9,14457
4,14458
12,14459
9,14460
5,14461
12,14462
7,14463
15,14464
1,14465
9,14466
9,14467
27,14468
21,14469
9,14470
27,14471
27,14472
11,14473
9,14474
11,14475
11,14476
27,14477
9,14478
9,14479
11,14480
11,14481
12,14482
11,14483
27,14484
12,14485
11,14486
7,14487
27,14488
27,14489
9,14490
27,14491
19,14492
3,14493
9,14494
11,14495
9,14496
27,14497
11,14498
9,14499
11,14500
22,14501
11,14502
9,14503
3,14504
11,14505
27,14506
11,14507
9,14508
1,14509
11,14510
9,14511
27,14512
11,14513
27,14514
1,14515
11,14516
1,14517
6,14518
9,14519
11,14520
9,14521
7,14522
1,14523
27,14524
9,14525
9,14526
11,14527
27,14528
9,14529
9,14530
11,14531
27,14532
9,14533
19,14534
11,14535
27,14536
12,14537
1,14538
11,14539
9,14540
3,14541
27,14542
9,14543
1,14544
9,14545
11,14546
23,14547
9,14548
27,14549
11,14550
9,14551
9,14552
1,14553
16,14554
9,14555
27,14556
23,14557
27,14558
27,14559
9,14560
4,14561
11,14562
27,14563
11,14564
9,14565
12,14566
11,14567
27,14568
9,14569
24,14570
16,14571
13,14572
9,14573
11,14574
9,14575
11,14576
4,14577
19,14578
9,14579
19,14580
27,14581
11,14582
9,14583
1,14584
27,14585
11,14586
27,14587
9,14588
27,14589
9,14590
7,14591
1,14592
27,14593
11,14594
30,14595
11,14596
9,14597
27,14598
9,14599
27,14600
23,14601
9,14602
9,14603
27,14604
27,14605
9,14606
20,14607
28,14608
1,14609
27,14610
27,14611
9,14612
9,14613
11,14614
9,14615
9,14616
11,14617
9,14618
11,14619
9,14620
11,14621
1,14622
27,14623
9,14624
24,14625
7,14626
1,14627
19,14628
27,14629
39,14630
9,14631
1,14632
27,14633
9,14634
1,14635
27,14636
1,14637
1,14638
11,14639
9,14640
19,14641
11,14642
11,14643
9,14644
11,14645
24,14646
19,14647
27,14648
11,14649
19,14650
9,14651
7,14652
27,14653
11,14654
1,14655
19,14656
1,14657
19,14658
7,14659
9,14660
9,14661
9,14662
32,14663
36,14664
1,14665
1,14666
1,14667
27,14668
9,14669
16,14670
9,14671
27,14672
26,14673
12,14674
1,14675
1,14676
4,14677
27,14678
19,14679
12,14680
1,14681
4,14682
21,14683
1,14684
11,14685
1,14686
27,14687
19,14688
19,14689
1,14690
1,14691
11,14692
1,14693
16,14694
27,14695
1,14696
9,14697
11,14698
9,14699
19,14700
1,14701
27,14702
11,14703
1,14704
27,14705
23,14706
28,14707
19,14708
19,14709
8,14710
9,14711
27,14712
12,14713
27,14714
11,14715
19,14716
39,14717
27,14718
27,14719
28,14720
1,14721
27,14722
12,14723
5,14724
11,14725
7,14726
27,14727
19,14728
1,14729
11,14730
16,14731
27,14732
11,14733
1,14734
9,14735
1,14736
1,14737
6,14738
1,14739
27,14740
9,14741
12,14742
27,14743
19,14744
11,14745
33,14746
11,14747
27,14748
4,14749
11,14750
9,14751
5,14752
7,14753
7,14754
12,14755
29,14756
1,14757
27,14758
19,14759
19,14760
11,14761
9,14762
32,14763
19,14764
11,14765
1,14766
27,14767
1,14768
12,14769
15,14770
1,14771
5,14772
19,14773
27,14774
1,14775
11,14776
27,14777
1,14778
27,14779
1,14780
34,14781
12,14782
9,14783
3,14784
3,14785
29,14786
27,14787
27,14788
1,14789
11,14790
23,14791
19,14792
1,14793
27,14794
9,14795
1,14796
11,14797
19,14798
11,14799
9,14800
3,14801
9,14802
1,14803
11,14804
7,14805
12,14806
11,14807
12,14808
6,14809
27,14810
27,14811
1,14812
19,14813
1,14814
9,14815
1,14816
27,14817
5,14818
11,14819
9,14820
23,14821
30,14822
27,14823
11,14824
5,14825
27,14826
3,14827
9,14828
11,14829
3,14830
4,14831
19,14832
19,14833
27,14834
27,14835
12,14836
1,14837
9,14838
24,14839
21,14840
27,14841
22,14842
11,14843
1,14844
18,14845
12,14846
5,14847
12,14848
9,14849
12,14850
1,14851
5,14852
1,14853
11,14854
3,14855
1,14856
27,14857
1,14858
28,14859
1,14860
1,14861
1,14862
12,14863
11,14864
23,14865
19,14866
19,14867
5,14868
1,14869
1,14870
11,14871
1,14872
11,14873
23,14874
6,14875
7,14876
11,14877
9,14878
27,14879
9,14880
1,14881
7,14882
1,14883
27,14884
16,14885
11,14886
11,14887
19,14888
1,14889
5,14890
11,14891
1,14892
1,14893
1,14894
28,14895
27,14896
19,14897
19,14898
30,14899
19,14900
1,14901
9,14902
11,14903
27,14904
9,14905
27,14906
12,14907
25,14908
27,14909
1,14910
4,14911
1,14912
9,14913
11,14914
19,14915
3,14916
11,14917
26,14918
27,14919
12,14920
27,14921
1,14922
11,14923
9,14924
9,14925
15,14926
1,14927
27,14928
23,14929
4,14930
1,14931
3,14932
1,14933
27,14934
12,14935
9,14936
27,14937
11,14938
9,14939
1,14940
9,14941
7,14942
23,14943
3,14944
3,14945
21,14946
27,14947
19,14948
19,14949
11,14950
1,14951
1,14952
9,14953
19,14954
1,14955
23,14956
13,14957
9,14958
19,14959
9,14960
19,14961
27,14962
7,14963
27,14964
11,14965
9,14966
1,14967
19,14968
1,14969
12,14970
9,14971
11,14972
21,14973
3,14974
24,14975
7,14976
1,14977
1,14978
27,14979
1,14980
26,14981
1,14982
5,14983
27,14984
12,14985
1,14986
1,14987
7,14988
19,14989
28,14990
28,14991
1,14992
27,14993
11,14994
19,14995
4,14996
27,14997
1,14998
21,14999
19,15000
12,15001
24,15002
1,15003
9,15004
1,15005
3,15006
19,15007
19,15008
12,15009
9,15010
12,15011
11,15012
3,15013
6,15014
12,15015
11,15016
3,15017
27,15018
1,15019
6,15020
7,15021
12,15022
13,15023
12,15024
19,15025
1,15026
27,15027
11,15028
11,15029
27,15030
22,15031
28,15032
15,15033
1,15034
11,15035
12,15036
5,15037
1,15038
3,15039
27,15040
1,15041
12,15042
5,15043
1,15044
1,15045
6,15046
12,15047
20,15048
1,15049
12,15050
1,15051
1,15052
11,15053
1,15054
11,15055
39,15056
9,15057
27,15058
1,15059
27,15060
1,15061
1,15062
11,15063
23,15064
19,15065
27,15066
19,15067
28,15068
1,15069
19,15070
4,15071
1,15072
11,15073
22,15074
1,15075
1,15076
1,15077
1,15078
12,15079
27,15080
12,15081
12,15082
23,15083
1,15084
23,15085
39,15086
12,15087
12,15088
3,15089
24,15090
1,15091
1,15092
25,15093
27,15094
9,15095
22,15096
9,15097
12,15098
27,15099
1,15100
12,15101
11,15102
1,15103
12,15104
21,15105
12,15106
18,15107
1,15108
7,15109
1,15110
12,15111
1,15112
27,15113
9,15114
11,15115
23,15116
27,15117
1,15118
4,15119
11,15120
23,15121
39,15122
11,15123
9,15124
27,15125
23,15126
9,15127
7,15128
1,15129
11,15130
1,15131
18,15132
1,15133
1,15134
4,15135
1,15136
1,15137
1,15138
27,15139
7,15140
1,15141
11,15142
23,15143
1,15144
9,15145
27,15146
1,15147
19,15148
9,15149
11,15150
12,15151
19,15152
27,15153
1,15154
27,15155
1,15156
6,15157
1,15158
15,15159
28,15160
27,15161
9,15162
1,15163
11,15164
27,15165
9,15166
11,15167
32,15168
9,15169
11,15170
27,15171
1,15172
28,15173
27,15174
9,15175
1,15176
21,15177
5,15178
27,15179
9,15180
1,15181
24,15182
1,15183
9,15184
11,15185
7,15186
1,15187
5,15188
12,15189
19,15190
27,15191
12,15192
27,15193
19,15194
7,15195
1,15196
11,15197
1,15198
11,15199
28,15200
4,15201
12,15202
4,15203
9,15204
1,15205
5,15206
27,15207
11,15208
19,15209
27,15210
1,15211
7,15212
1,15213
12,15214
4,15215
9,15216
27,15217
1,15218
16,15219
1,15220
27,15221
1,15222
11,15223
27,15224
12,15225
9,15226
27,15227
1,15228
28,15229
27,15230
9,15231
11,15232
11,15233
1,15234
1,15235
1,15236
9,15237
5,15238
11,15239
19,15240
9,15241
1,15242
9,15243
11,15244
27,15245
3,15246
9,15247
19,15248
19,15249
27,15250
1,15251
1,15252
27,15253
6,15254
1,15255
11,15256
9,15257
23,15258
27,15259
9,15260
25,15261
27,15262
19,15263
1,15264
27,15265
27,15266
9,15267
9,15268
3,15269
1,15270
11,15271
1,15272
4,15273
1,15274
9,15275
27,15276
23,15277
4,15278
27,15279
23,15280
11,15281
9,15282
1,15283
11,15284
16,15285
27,15286
4,15287
9,15288
27,15289
25,15290
23,15291
27,15292
12,15293
19,15294
13,15295
9,15296
1,15297
27,15298
27,15299
27,15300
1,15301
12,15302
11,15303
9,15304
16,15305
9,15306
16,15307
24,15308
1,15309
27,15310
27,15311
19,15312
1,15313
12,15314
1,15315
4,15316
27,15317
19,15318
1,15319
9,15320
1,15321
1,15322
11,15323
5,15324
27,15325
11,15326
15,15327
9,15328
9,15329
27,15330
9,15331
4,15332
27,15333
11,15334
16,15335
1,15336
11,15337
1,15338
4,15339
25,15340
1,15341
7,15342
27,15343
4,15344
33,15345
27,15346
27,15347
39,15348
27,15349
1,15350
9,15351
11,15352
16,15353
9,15354
11,15355
11,15356
9,15357
4,15358
4,15359
27,15360
19,15361
9,15362
27,15363
9,15364
15,15365
27,15366
11,15367
27,15368
23,15369
11,15370
27,15371
1,15372
27,15373
22,15374
1,15375
27,15376
12,15377
9,15378
27,15379
27,15380
11,15381
1,15382
9,15383
12,15384
1,15385
11,15386
27,15387
1,15388
9,15389
14,15390
27,15391
19,15392
11,15393
19,15394
1,15395
11,15396
1,15397
1,15398
28,15399
1,15400
27,15401
23,15402
12,15403
11,15404
27,15405
24,15406
19,15407
19,15408
15,15409
1,15410
15,15411
27,15412
6,15413
9,15414
28,15415
27,15416
27,15417
12,15418
6,15419
5,15420
9,15421
22,15422
11,15423
27,15424
12,15425
9,15426
11,15427
27,15428
11,15429
1,15430
33,15431
27,15432
19,15433
19,15434
9,15435
1,15436
19,15437
9,15438
9,15439
11,15440
3,15441
19,15442
11,15443
27,15444
23,15445
9,15446
21,15447
27,15448
23,15449
11,15450
11,15451
9,15452
9,15453
14,15454
9,15455
12,15456
19,15457
27,15458
4,15459
27,15460
21,15461
36,15462
19,15463
1,15464
39,15465
27,15466
32,15467
27,15468
22,15469
6,15470
9,15471
12,15472
1,15473
36,15474
12,15475
27,15476
9,15477
27,15478
9,15479
19,15480
19,15481
1,15482
19,15483
12,15484
15,15485
11,15486
9,15487
11,15488
11,15489
27,15490
9,15491
1,15492
27,15493
9,15494
9,15495
27,15496
32,15497
9,15498
11,15499
27,15500
9,15501
1,15502
9,15503
9,15504
1,15505
11,15506
9,15507
11,15508
9,15509
1,15510
9,15511
11,15512
9,15513
11,15514
11,15515
11,15516
9,15517
9,15518
9,15585
9,15520
11,15521
9,15522
11,15523
11,15524
11,15525
11,15526
27,15527
9,15528
23,15529
27,15530
22,15531
36,15532
19,15533
9,15534
27,15535
11,15536
27,15537
9,15538
27,15539
23,15540
1,15541
27,15542
9,15543
11,15544
11,15545
11,15546
1,15547
9,15548
1,15549
1,15550
27,15551
9,15552
1,15553
11,15554
27,15555
9,15556
9,15557
27,15558
9,15559
21,15560
27,15561
11,15562
9,15563
11,15564
1,15565
27,15566
28,15567
9,15568
27,15569
23,15570
1,15571
16,15572
9,15573
27,15574
23,15575
27,15576
11,15577
27,15578
9,15579
21,15580
27,15581
9,15582
9,15583
11,15584
9,15585
27,15586
24,15587
7,15588
19,15589
9,15590
11,15591
27,15592
27,15593
9,15594
11,15595
11,15596
27,15597
9,15598
9,15599
27,15600
27,15601
11,15602
10,15603
27,15604
24,15605
27,15606
9,15607
9,15608
11,15609
27,15610
9,15611
11,15612
9,15613
1,15614
9,15615
9,15616
23,15617
11,15618
12,15619
27,15620
11,15621
9,15622
9,15623
27,15624
23,15625
14,15626
19,15627
22,15628
11,15629
6,15630
9,15631
9,15632
27,15633
23,15634
27,15635
3,15636
22,15637
22,15638
11,15639
27,15640
9,15641
1,15642
9,15643
9,15644
1,15645
28,15646
11,15647
15,15648
11,15649
11,15650
1,15651
1,15652
27,15653
9,15654
11,15655
12,15656
9,15657
11,15658
1,15659
27,15660
9,15661
9,15662
11,15663
27,15664
27,15665
9,15666
1,15667
11,15668
1,15669
11,15670
9,16213
11,15672
9,15673
9,15674
27,15675
1,15676
9,15677
27,15678
9,15679
27,15680
11,15681
11,15682
27,15683
9,15684
27,15685
23,15686
9,15687
1,15688
27,15689
23,15690
21,15691
1,15692
9,15693
9,15694
11,15695
15,15696
19,15697
11,15698
9,15699
7,15700
1,15701
16,15702
9,15703
9,15704
11,15705
15,15706
32,15707
6,15708
19,15709
9,15710
9,15711
11,15712
9,15713
1,15714
11,15715
9,15716
11,15717
1,15718
9,15719
9,15720
27,15721
23,15722
11,15723
9,15724
11,15725
19,15726
11,15727
15,15728
27,15729
27,15730
9,15731
11,15732
1,15733
9,15734
7,15735
11,15736
11,15737
27,15738
9,15739
1,15740
5,15741
27,15742
23,15743
11,15744
9,15745
1,15746
27,15747
1,15748
13,15749
9,15750
11,15751
9,15752
9,15753
11,15754
9,15755
9,15756
27,15757
9,15758
27,15759
1,15760
11,15761
9,15762
9,15763
11,15764
27,15765
1,15766
9,15767
9,15768
1,15769
9,15770
1,15771
27,15772
1,15773
16,15774
9,15775
9,15776
9,15777
11,15778
27,15779
11,15780
9,15781
7,15782
19,15783
19,15784
27,15785
9,15786
3,15787
27,15788
1,15789
19,15790
9,15791
27,15792
5,15793
11,15794
22,15795
12,15796
11,15797
19,15798
27,15799
9,15800
19,15801
27,15802
27,15803
24,15804
27,15805
27,15806
27,15807
11,15808
27,15809
9,15810
9,15811
9,15812
1,15813
11,15814
27,15815
23,15816
11,15817
11,15818
6,15819
11,15820
11,15821
27,15822
9,15823
11,15824
7,15825
23,15826
27,15827
7,15828
11,15829
11,15830
19,15831
27,15832
10,15833
9,15834
11,15835
9,15836
9,15837
11,15838
9,15839
27,15840
20,15841
9,15842
11,15843
9,15844
9,15845
9,15846
27,15847
9,15848
19,15849
1,15850
1,15851
25,15852
27,15853
1,15854
9,15855
12,15856
11,15857
9,15858
6,15859
1,15860
1,15861
27,15862
11,15863
9,15864
9,15865
19,15866
11,15867
23,15868
11,15869
11,15870
27,15871
9,15872
22,15873
12,15874
27,15875
11,15876
1,15877
9,15878
9,15879
9,15880
9,15881
1,15882
11,15883
27,15884
9,15885
9,15886
1,15887
11,15888
1,15889
23,15890
27,15891
11,15892
28,15893
3,15894
27,15895
9,15896
9,15897
9,15898
27,15899
11,15900
9,15901
11,15902
27,15903
23,15904
14,15905
1,15906
5,15907
9,15908
9,15909
11,15910
11,15911
11,15912
9,15913
27,15914
23,15915
9,15916
11,15917
19,15918
1,15919
23,15920
9,15921
9,15922
9,15923
9,15924
1,15925
27,15926
9,15927
2,15928
27,15929
9,15930
23,15931
27,15932
11,15933
9,15934
1,15935
23,15936
27,15937
28,15938
11,15939
11,15940
27,15941
9,15942
5,15943
19,15944
27,15945
9,15946
11,15947
27,15948
9,15949
9,15950
11,15951
2,15952
23,15953
9,15954
11,15955
27,15956
11,15957
11,15958
9,15959
6,15960
11,15961
22,15962
27,15963
9,15964
7,15965
27,15966
1,15967
19,15968
27,15969
9,15970
4,15971
27,15972
16,15973
11,15974
27,15975
11,15976
9,15977
1,15978
11,15979
27,15980
9,15981
11,15982
9,15983
11,15984
27,15985
9,15986
11,15987
9,15988
9,15989
9,15990
9,15991
30,15992
27,15993
16,15994
9,15995
5,15996
27,15997
22,15998
1,15999
12,16000
1,16001
11,16002
19,16003
19,16004
9,16005
20,16006
9,16007
15,16008
19,16009
9,16010
12,16011
22,16012
9,16013
27,16014
23,16015
1,16016
1,16017
9,16018
20,16019
16,16020
15,16021
27,16022
9,16023
1,16024
11,16025
9,16026
9,16027
18,16028
27,16029
27,16030
10,16031
19,16032
11,16033
1,16034
27,16035
23,16036
9,16037
27,16038
9,16039
11,16040
11,16041
11,16042
9,16043
11,16044
27,16045
9,16046
7,16047
1,16048
11,16049
9,16050
7,16051
1,16052
11,16053
11,16054
6,16055
19,16056
27,16057
9,16058
27,16059
9,16060
16,16061
25,16062
27,16063
11,16064
14,16065
27,16066
9,16067
9,16068
9,16069
21,16070
27,16071
1,16072
11,16073
11,16074
9,16075
9,16076
9,16077
15,16078
9,16079
27,16080
23,16081
1,16082
27,16083
9,16084
11,16085
11,16086
3,16087
11,16088
27,16089
9,16090
11,16091
9,16092
11,16093
9,16094
19,16095
9,16096
11,16097
27,16098
9,16099
9,16100
27,16101
9,16102
27,16103
11,16104
9,16105
1,16106
12,16107
9,16108
12,16109
12,16110
11,16111
19,16112
11,16113
23,16114
27,16115
9,16116
1,16117
9,16118
4,16119
1,16120
20,16121
27,16122
9,16123
11,16124
11,16125
27,16126
9,16127
9,16128
11,16129
1,16130
11,16131
9,16132
9,16133
19,16134
12,16135
9,16136
12,16137
1,16138
1,16139
27,16140
1,16141
19,16142
1,16143
26,16144
27,16145
12,16146
11,16147
9,16148
27,16149
1,16150
1,16151
9,16152
9,16153
11,16154
19,16155
4,16156
24,16157
6,16158
1,16159
15,16160
23,16161
11,16162
9,16163
27,16164
1,16165
11,16166
27,16167
23,16168
4,16169
27,16170
12,16171
11,16172
27,16173
5,16174
27,16175
6,16176
1,16177
14,16178
39,16179
27,16180
5,16181
27,16182
16,16183
1,16184
1,16185
11,16186
21,16187
15,16188
27,16189
11,16190
27,16191
9,16192
1,16193
11,16194
5,16195
27,16196
12,16197
3,16198
29,16199
27,16200
12,16201
21,16202
9,16203
11,16204
5,16205
11,16206
20,16207
3,16208
27,16209
1,16210
11,16211
19,16212
9,16213
11,16214
27,16215
9,16216
1,16217
27,16218
11,16219
11,16220
27,16221
9,16222
4,16223
9,16224
19,16225
4,16226
28,16227
19,16228
27,16229
1,16230
21,16231
9,16232
27,16233
9,16234
17,16235
27,16236
9,16237
1,16238
27,16239
11,16240
9,16241
21,16242
19,16243
27,16244
11,16245
11,16246
9,16247
11,16248
27,16249
9,16250
27,16251
11,16252
1,16253
27,16254
1,16255
19,16256
19,16257
1,16258
16,16259
8,16260
12,16261
19,16262
27,16263
11,16264
1,16265
9,16266
1,16267
9,16268
27,16269
9,16270
9,16271
27,16272
1,16273
11,16274
9,16275
9,16276
27,16277
27,16278
9,16279
5,16280
27,16281
23,16282
27,16283
25,16284
9,16285
9,16286
11,16287
1,16288
9,16289
11,16290
11,16291
27,16292
9,16293
11,16294
9,16295
11,16296
27,16297
9,16298
9,16299
11,16300
11,16301
19,16302
27,16303
9,16304
11,16305
5,16306
1,16307
27,16308
27,16309
9,16310
1,16311
9,16312
12,16313
27,16314
25,16315
19,16316
27,16317
23,16318
9,16319
4,16320
22,16321
9,16322
11,16323
27,16324
27,16325
9,16326
9,16327
9,16328
7,16329
27,16330
16,16331
1,16332
12,16333
27,16334
19,16335
28,16336
27,16337
9,16338
11,16339
15,16340
19,16341
27,16342
27,16343
9,16344
11,16345
11,16346
24,16347
27,16348
19,16349
27,16350
19,16351
9,16352
1,16353
27,16354
9,16355
9,16356
9,16357
9,16358
9,16359
11,16360
9,16361
11,16362
9,16363
9,16364
11,16365
19,16366
9,16367
11,16368
9,16369
1,16370
27,16371
9,16372
23,16373
9,16374
11,16375
19,16376
11,16377
24,16378
30,16379
9,16380
27,16381
9,16382
27,16383
11,16384
9,16385
9,16386
1,16387
27,16388
22,16389
9,16390
11,16391
12,16392
1,16393
12,16394
11,16395
5,16396
11,16397
23,16398
1,16399
11,16400
23,16401
9,16402
1,16403
27,16404
11,16405
27,16406
9,16407
11,16408
9,16409
19,16410
27,16411
11,16412
9,16413
21,16414
11,16415
19,16416
11,16417
9,16418
9,16419
9,16420
1,16421
12,16422
27,16423
11,16424
9,16425
23,16426
11,16427
9,16428
11,16429
9,16430
27,16431
11,16432
27,16433
12,16434
3,16435
1,16436
27,16437
27,16438
11,16439
9,16440
1,16441
22,16442
9,16443
1,16444
12,16445
11,16446
9,16447
19,16448
9,16449
1,16450
12,16451
23,16452
11,16453
27,16454
9,16455
9,16456
9,16457
11,16458
27,16459
11,16460
9,16461
11,16462
9,16463
9,16464
1,16465
4,16466
9,16467
1,16468
11,16469
9,16470
7,16471
2,16472
1,16473
9,16474
9,16475
19,16476
19,16477
11,16478
9,16479
9,16480
11,16481
9,16482
14,16483
1,16484
27,16485
11,16486
9,16487
11,16488
27,16489
27,16490
9,16491
11,16492
22,16493
9,16494
27,16495
11,16496
9,16497
27,16498
9,16499
7,16500
4,16501
11,16502
27,16503
13,16504
11,16505
27,16506
9,16507
1,16508
9,16509
11,16510
27,16511
9,16512
21,16513
1,16514
11,16515
27,16516
11,16517
9,16518
11,16519
9,16520
19,16521
9,16522
17,16523
9,16524
9,16525
11,16526
27,16527
9,16528
11,16529
16,16530
27,16531
23,16532
27,16533
9,16534
24,16535
9,16536
9,16537
19,16538
23,16539
11,16540
17,16541
27,16542
9,16543
11,16544
9,16545
9,16546
21,16547
1,16548
25,16549
27,16550
27,16551
23,16552
11,16553
12,16554
19,16555
27,16556
23,16557
12,16558
27,16559
9,16560
9,16561
24,16562
19,16563
27,16564
9,16565
9,16566
9,16567
11,16568
9,16569
9,16570
9,16571
17,16572
9,16573
9,16574
9,16575
17,16576
11,16577
1,16578
11,16579
27,16580
9,16581
1,16582
9,16583
11,16584
7,16585
27,16586
24,16587
9,16588
11,16589
11,16590
9,16591
11,16592
27,16593
1,16594
15,16595
11,16596
18,16597
11,16598
9,16599
12,16600
24,16601
27,16602
11,16603
9,16604
18,16605
11,16606
9,16607
9,16608
9,16609
20,16610
27,16611
9,16612
27,16613
11,16614
9,16615
11,16616
9,16617
11,16618
1,16619
9,16620
9,16621
11,16622
27,16623
9,16624
19,16625
21,16626
27,16627
27,16628
9,16629
19,16630
3,16631
19,16632
9,16633
9,16634
21,16635
11,16636
11,16637
27,16638
14,16639
19,16640
27,16641
7,16642
27,16643
27,16644
11,16645
9,16646
11,16647
9,16648
20,16649
9,16650
27,16651
11,16652
1,16653
27,16654
9,16655
27,16656
9,16657
11,16658
24,16659
9,16660
27,16661
17,16662
11,16663
27,16664
4,16665
9,16666
12,16667
11,16668
7,16669
23,16670
17,16671
19,16672
3,16673
9,16674
11,16675
9,16676
11,16677
24,16678
11,16679
9,16680
11,16681
11,16682
19,16683
9,16684
27,16685
23,16686
27,16687
11,16688
19,16689
6,16690
19,16691
1,16692
27,16693
9,16694
11,16695
9,16696
27,16697
1,16698
1,16699
28,16700
27,16701
11,16702
27,16703
9,16704
9,16705
9,16706
11,16707
11,16708
1,16709
27,16710
9,16711
11,16712
1,16713
9,16714
27,16715
23,16716
1,16717
9,16718
11,16719
27,16720
9,16721
11,16722
11,16723
1,16724
1,16725
11,16726
9,16727
9,16728
1,16729
11,16730
11,16731
9,16732
21,16733
27,16734
9,16735
30,16736
11,16737
9,16738
4,16739
32,16740
1,16741
11,16742
9,16743
1,16744
5,16745
11,16746
27,16747
23,16748
9,16749
11,16750
1,16751
27,16752
9,16753
11,16754
27,16755
9,16756
9,16757
9,16758
27,16759
19,16760
27,16761
13,16762
9,16763
11,16764
11,16765
9,16766
11,16767
11,16768
9,16769
23,16770
11,16771
9,16772
1,16773
19,16774
1,16775
9,16776
27,16777
23,16778
21,16779
4,16780
27,16781
11,16782
19,16783
4,16784
4,16785
27,16786
11,16787
27,16788
9,16789
27,16790
1,16791
27,16792
9,16793
11,16794
11,16795
11,16796
39,16797
39,16798
9,16799
27,16800
11,16801
9,16802
11,16803
27,16804
9,16805
11,16806
1,16807
27,16808
23,16809
27,16810
9,16811
9,16812
11,16813
11,16814
27,16815
9,16816
19,16817
27,16818
7,16819
1,16820
27,16821
9,16822
27,16823
19,16824
8,16825
11,16826
36,16827
11,16828
27,16829
9,16830
11,16831
1,16832
11,16833
27,16834
9,16835
11,16836
11,16837
11,16838
11,16839
13,16840
24,16841
9,16842
23,16843
11,16844
16,16845
27,16846
9,16847
11,16848
9,16849
11,16850
9,16851
9,16852
9,16853
27,16854
23,16855
11,16856
27,16857
11,16858
11,16859
24,16860
9,16861
9,16862
11,16863
11,16864
27,16865
11,16866
9,16867
9,16868
11,16869
9,16870
9,16871
9,16872
1,16873
1,16874
27,16875
9,16876
11,16877
27,16878
23,16879
9,16880
11,16881
27,16882
23,16883
1,16884
9,16885
9,16886
9,16887
27,16888
9,16889
11,16890
17,16891
16,16892
11,16893
9,16894
11,16895
9,16896
27,16897
9,16898
11,16899
17,16900
11,16901
11,16902
9,16903
9,16904
11,16905
14,16906
9,16907
11,16908
11,16909
9,16910
9,16911
23,16912
19,16913
27,16914
11,16915
27,16916
3,16917
12,16918
27,16919
14,16920
1,16921
11,16922
23,16923
6,16924
11,16925
23,16926
27,16927
4,16928
9,16929
11,16930
27,16931
11,16932
11,16933
11,16934
27,16935
9,16936
9,16937
19,16938
27,16939
1,16940
27,16941
11,16942
9,16943
5,16944
27,16945
11,16946
9,16947
7,16948
1,16949
27,16950
11,16951
9,16952
27,16953
9,16954
27,16955
9,16956
9,16957
9,16958
11,16959
1,16960
27,16961
1,16962
11,16963
11,16964
11,16965
9,16966
9,16967
11,16968
27,16969
19,16970
9,16971
27,16972
9,16973
11,16974
23,16975
27,16976
3,16977
4,16978
9,16979
11,16980
11,16981
25,16982
28,16983
19,16984
11,16985
6,16986
12,16987
11,16988
9,16989
4,16990
11,16991
9,16992
21,16993
27,16994
23,16995
11,16996
22,16997
7,16998
27,16999
21,17000
19,17001
27,17002
4,17003
27,17004
11,17005
9,17006
11,17007
27,17008
9,17009
7,17010
22,17011
11,17012
9,17013
19,17014
27,17015
11,17016
9,17017
19,17018
10,17019
11,17020
27,17021
11,17022
11,17023
9,17024
27,17025
9,17026
27,17027
9,17028
11,17029
27,17030
11,17031
9,17032
11,17033
27,17034
9,17035
1,17036
1,17037
1,17038
30,17039
11,17040
9,17041
9,17042
1,17043
11,17044
9,17045
27,17046
19,17047
19,17048
27,17049
9,17050
11,17051
9,17052
11,17053
19,17054
28,17055
11,17056
27,17057
7,17058
27,17059
1,17060
9,17061
11,17062
5,17063
19,17064
9,17065
21,17066
11,17067
1,17068
9,17069
24,17070
27,17071
1,17072
25,17073
1,17074
21,17075
1,17076
1,17077
9,17078
23,17079
27,17080
9,17081
27,17082
23,17083
1,17084
12,17085
23,17086
11,17087
19,17088
11,17089
11,17090
1,17091
4,17092
27,17093
22,17094
19,17095
25,17096
27,17097
19,17098
11,17099
9,17100
27,17101
19,17102
27,17103
19,17104
1,17105
9,17106
27,17107
9,17108
11,17109
11,17110
9,17111
15,17112
1,17113
27,17114
3,17115
27,17116
23,17117
27,17118
19,17119
12,17120
4,17121
19,17122
12,17123
1,17124
28,17125
16,17126
5,17127
19,17128
19,17129
22,17130
11,17131
21,17132
12,17133
19,17134
11,17135
11,17136
9,17137
1,17138
1,17139
9,17140
11,17141
11,17142
12,17143
27,17144
16,17145
4,17146
1,17147
1,17148
9,17149
27,17150
23,17151
9,17152
9,17153
27,17154
23,17155
12,17156
27,17157
23,17158
9,17159
27,17160
4,17161
9,17162
19,17163
1,17164
16,17165
27,17166
23,17167
15,17168
27,17169
11,17170
27,17171
27,17172
19,17173
4,17174
19,17175
12,17176
18,17177
11,17178
1,17179
19,17180
1,17181
27,17182
9,17183
27,17184
9,17185
9,17186
16,17187
11,17188
27,17189
9,17190
1,17191
1,17192
19,17193
11,17194
9,17195
27,17196
27,17197
9,17198
11,17199
23,17200
19,17201
12,17202
9,17203
11,17204
12,17205
5,17206
9,17207
9,17208
1,17209
12,17210
11,17211
27,17212
9,17213
11,17214
11,17215
23,17216
12,17217
9,17218
11,17219
1,17220
6,17221
9,17222
9,17223
1,17224
1,17225
5,17226
1,17227
23,17228
27,17229
11,17230
12,17231
27,17232
9,17233
5,17234
28,17235
9,17236
12,17237
32,17238
11,17239
4,17240
12,17241
12,17242
12,17243
1,17244
1,17245
23,17246
9,17247
12,17248
12,17249
11,17250
27,17251
9,17252
11,17253
11,17254
14,17255
9,17256
1,17257
11,17258
11,17259
6,17260
1,17261
1,17262
1,17263
9,17264
15,17265
14,17266
11,17267
23,17268
11,17269
23,17270
9,17271
5,17272
1,17273
25,17274
27,17275
28,17276
1,17277
16,17278
1,17279
1,17280
20,17281
7,17282
3,17283
1,17284
11,17285
23,17286
12,17287
11,17288
9,17289
5,17290
6,17291
27,17292
9,17293
11,17294
27,17295
4,17296
4,17297
4,17298
27,17299
6,17300
25,17301
27,17302
1,17303
9,17304
9,17305
27,17306
9,17307
9,17308
11,17309
9,17310
9,17311
27,17312
9,17313
9,17314
9,17315
9,17316
11,17317
27,17318
27,17319
11,17320
9,17321
9,17322
27,17323
9,17324
11,17325
9,17326
24,17327
27,17328
9,17329
11,17330
1,17331
4,17332
11,17333
23,17334
15,17335
5,17336
27,17337
11,17338
27,17339
9,17340
11,17341
11,17342
11,17343
9,17344
1,17345
27,17346
9,17347
9,17348
11,17349
11,17350
9,17351
9,17352
11,17353
27,17354
9,17355
21,17356
1,17357
18,17358
12,17359
23,17360
1,17361
9,17362
27,17363
9,17364
11,17365
1,17366
10,17367
11,17368
27,17369
9,17370
9,17371
11,17372
11,17373
9,17374
9,17375
1,17376
27,17377
9,17378
12,17379
9,17380
9,17381
1,17382
11,17383
11,17384
23,17385
9,17386
23,17387
27,17388
11,17389
27,17390
9,17391
11,17392
9,17393
3,17394
1,17395
9,17396
19,17397
27,17398
9,17399
12,17400
1,17401
12,17402
1,17403
11,17404
11,17405
23,17406
5,17407
1,17408
27,17409
1,17410
8,17411
7,17412
12,17413
27,17414
9,17415
11,17416
9,17417
9,17418
9,17419
19,17420
3,17421
19,17422
6,17423
11,17424
9,17425
27,17426
11,17427
23,17428
5,17429
1,17430
27,17431
15,17432
12,17433
11,17434
12,17435
9,17436
9,17437
11,17438
9,17439
11,17440
11,17441
9,17442
9,17443
36,17444
9,17445
11,17446
11,17447
9,17448
11,17449
27,17450
9,17451
11,17452
1,17453
9,17454
21,17455
27,17456
9,17457
27,17458
9,17459
11,17460
27,17461
1,17462
9,17463
27,17464
9,17465
9,17466
19,17467
9,17468
9,17469
11,17470
27,17471
9,17472
11,17473
9,17474
11,17475
12,17476
9,17477
9,17478
7,17479
5,17480
9,17481
27,17482
11,17483
27,17484
23,17485
11,17486
23,17487
9,17488
11,17489
27,17490
14,17491
11,17492
27,17493
9,17494
9,17495
11,17496
9,17497
9,17498
11,17499
11,17500
9,17501
1,17502
27,17503
23,17504
9,17505
11,17506
11,17507
12,17508
11,17509
9,17510
9,17511
13,17512
27,17513
9,17514
27,17515
9,17516
9,17517
9,17518
9,17519
9,17520
12,17521
11,17522
9,17523
9,17524
1,17525
5,17526
1,17527
27,17528
9,17529
27,17530
9,17531
9,17532
28,17533
9,17534
27,17535
1,17536
12,17537
9,17538
27,17539
9,17540
11,17541
27,17542
1,17543
1,17544
9,17545
9,17546
9,17547
1,17548
11,17549
27,17550
9,17551
9,17552
9,17553
9,17554
1,17555
11,17556
9,17557
9,17558
12,17559
9,17560
11,17561
9,17562
11,17563
1,17564
11,17565
9,17566
1,17567
9,17568
11,17569
11,17570
27,17571
9,17572
4,17573
12,17574
27,17575
9,17576
5,17577
27,17578
9,17579
27,17580
11,17581
11,17582
23,17583
9,17584
9,17585
9,17586
9,17587
27,17588
23,17589
27,17590
27,17591
9,17592
11,17593
9,17594
9,17595
9,17596
11,17597
27,17598
9,17599
1,17600
9,17601
11,17602
27,17603
11,17604
11,17605
9,17606
1,17607
9,17608
9,17609
10,17610
27,17611
11,17612
27,17613
11,17614
9,17615
11,17616
9,17617
27,17618
11,17619
11,17620
9,17621
27,17622
9,17623
27,17624
11,17625
6,17626
27,17627
9,17628
7,17629
11,17630
11,17631
27,17632
9,17633
9,17634
22,17635
11,17636
9,17637
1,17638
23,17639
19,17640
27,17641
9,17642
11,17643
19,17644
12,17645
1,17646
1,17647
11,17648
27,17649
9,17650
11,17651
5,17652
1,17653
9,17654
9,17655
1,17656
11,17657
27,17658
9,17659
9,17660
27,17661
9,17662
11,17663
9,17664
9,17665
11,17666
27,17667
9,17668
1,17669
11,17670
9,17671
11,17672
11,17673
15,17674
12,17675
11,17676
11,17677
9,17678
11,17679
11,17680
9,17681
12,17682
9,17683
9,17684
9,17685
9,17686
27,17687
9,17688
11,17689
9,17690
1,17691
9,17692
9,17693
19,17694
9,17695
1,17696
27,17697
11,17698
27,17699
27,17700
9,17701
9,17702
27,17703
9,17704
9,17705
11,17706
27,17707
9,17708
27,17709
9,17710
11,17711
5,17712
1,17713
27,17714
11,17715
19,17716
9,17717
27,17718
9,17719
11,17720
9,17721
9,17722
11,17723
11,17724
11,17725
27,17726
9,17727
11,17728
1,17729
27,17730
9,17731
19,17732
27,17733
23,17734
9,17735
11,17736
27,17737
9,17738
9,17739
14,17740
9,17741
27,17742
27,17743
9,17744
4,17745
9,17746
5,17747
1,17748
9,17749
11,17750
24,17751
9,17752
27,17753
1,17754
10,17755
27,17756
18,17757
27,17758
5,17759
9,17760
27,17761
1,17762
27,17763
9,17764
11,17765
9,17766
20,17767
9,17768
9,17769
11,17770
9,17771
11,17772
27,17773
4,17774
22,17775
19,17776
11,17777
6,17778
11,17779
19,17780
19,17781
11,17782
9,17783
27,17784
24,17785
9,17786
9,17787
11,17788
27,17789
9,17790
9,17791
9,17792
19,17793
1,17794
1,17795
11,17796
9,17797
11,17798
9,17799
11,17800
3,17801
27,17802
12,17803
9,17804
11,17805
11,17806
9,17807
9,17808
9,17809
15,17810
27,17811
11,17812
9,17813
11,17814
12,17815
11,17816
9,17817
27,17818
27,17819
27,17820
21,17821
1,17822
11,17823
9,17824
22,17825
27,17826
27,17827
27,17828
1,17829
14,17830
24,17831
11,17832
22,17833
11,17834
7,17835
27,17836
1,17837
27,17838
1,17839
11,17840
1,17841
11,17842
11,17843
12,17844
19,17845
1,17846
27,17847
5,17848
27,17849
5,17850
11,17851
19,17852
9,17853
9,17854
9,17855
9,17856
9,17857
9,17858
4,17859
7,17860
11,17861
3,17862
27,17863
9,17864
20,17865
27,17866
12,17867
9,17868
9,17869
9,17870
11,17871
27,17872
8,17873
11,17874
9,17875
1,17876
19,17877
11,17878
22,17879
9,17880
12,17881
11,17882
19,17883
28,17884
11,17885
27,17886
19,17887
27,17888
11,17889
9,17890
13,17891
16,17892
19,17893
27,17894
27,17895
27,17896
9,17897
11,17898
9,17899
27,17900
12,17901
12,17902
16,17903
27,17904
11,17905
12,17906
6,17907
11,17908
23,17909
9,17910
12,17911
11,17912
23,17913
5,17914
11,17915
9,17916
9,17917
11,17918
9,17919
27,17920
9,17921
13,17922
11,17924
11,17924
27,17925
9,17926
7,17927
1,17928
11,17929
11,17930
27,17931
9,17932
11,17933
11,17934
11,17935
9,17936
9,17937
9,17938
27,17939
11,17940
19,17941
27,17942
9,17943
11,17944
9,17945
9,17946
1,17947
27,17948
9,17949
11,17950
9,17951
11,17952
25,17953
19,17954
6,17955
11,17956
27,17957
9,17958
11,17959
9,17960
11,17961
9,17962
11,17963
9,17964
11,17965
9,17966
9,17967
27,17968
23,17969
9,17970
27,17971
23,17972
9,17973
11,17974
9,17975
13,17976
11,17977
9,17978
1,17979
11,17980
27,17981
9,17982
9,17983
27,17984
27,17985
9,17986
11,17987
27,17988
9,17989
27,17990
9,17991
9,17992
9,17993
27,17994
27,17995
9,17996
9,17997
9,17998
19,17999
27,18000
11,18001
9,18002
11,18003
27,18004
9,18005
1,18006
27,18007
28,18008
11,18009
4,18010
9,18011
3,18012
27,18013
16,18014
19,18015
27,18016
19,18017
19,18018
19,18019
12,18020
27,18021
24,18022
27,18023
9,18024
27,18025
1,18026
27,18027
23,18028
12,18029
19,18030
11,18031
11,18032
23,18033
12,18034
11,18035
25,18036
19,18037
19,18038
27,18039
1,18040
1,18041
1,18042
23,18043
11,18044
11,18045
1,18046
21,18047
1,18048
4,18049
19,18050
27,18051
12,18052
19,18053
21,18054
1,18055
32,18056
27,18057
12,18058
27,18059
4,18060
1,18061
19,18062
4,18063
24,18064
6,18065
19,18066
9,18067
11,18068
11,18069
6,18070
27,18071
11,18072
19,18073
23,18074
4,18075
27,18076
23,18077
23,18078
25,18079
4,18080
1,18081
23,18082
27,18083
19,18084
27,18085
12,18086
27,18087
12,18088
1,18089
9,18090
24,18091
27,18092
23,18093
22,18094
9,18095
27,18096
11,18097
24,18098
1,18099
27,18100
12,18101
22,18102
27,18103
23,18104
3,18105
2,18106
6,18107
22,18108
9,18109
13,18110
1,18111
27,18112
12,18113
27,18114
19,18115
9,18116
13,18117
1,18118
14,18119
6,18120
27,18121
7,18122
19,18123
1,18124
27,18125
5,18126
27,18127
19,18128
14,18129
1,18130
1,18131
19,18132
19,18133
19,18134
19,18135
7,18136
27,18137
24,18138
19,18139
27,18140
27,18141
32,18142
3,18143
19,18144
22,18145
12,18146
27,18147
23,18148
11,18149
11,18150
6,18151
19,18152
27,18153
5,18154
9,18155
27,18156
13,18157
24,18158
28,18159
11,18160
16,18161
11,18162
4,18163
27,18164
16,18165
6,18166
1,18167
4,18168
1,18169
22,18170
24,18171
12,18172
27,18173
19,18174
1,18175
4,18176
26,18177
27,18178
12,18179
9,18180
1,18181
12,18182
9,18183
9,18184
4,18185
11,18186
19,18187
9,18188
12,18189
19,18190
1,18191
1,18192
19,18193
9,18194
1,18195
1,18196
1,18197
1,18198
12,18199
9,18200
27,18201
11,18202
6,18203
28,18204
19,18205
26,18206
19,18207
9,18208
7,18209
27,18210
5,18211
27,18212
9,18213
9,18214
12,18215
9,18216
16,18217
5,18218
1,18219
9,18220
15,18221
9,18222
9,18223
27,18224
19,18225
13,18226
9,18227
11,18228
1,18229
27,18230
1,18231
28,18232
9,18233
11,18234
16,18235
11,18236
19,18237
12,18238
27,18239
28,18240
27,18241
19,18242
27,18243
27,18244
21,18245
1,18246
27,18247
12,18248
3,18249
11,18250
27,18251
19,18252
19,18253
19,18254
3,18255
27,18256
5,18257
11,18258
11,18259
1,18260
27,18261
1,18262
1,18263
1,18264
9,18265
4,18266
27,18267
9,18268
1,18269
11,18270
11,18271
9,18272
11,18273
1,18274
1,18275
28,18276
27,18277
16,18278
19,18279
27,18280
9,18281
27,18282
1,18283
27,18284
27,18285
19,18286
1,18287
30,18288
7,18289
27,18290
27,18291
11,18292
19,18293
19,18294
19,18295
9,18296
11,18297
27,18298
4,18299
7,18300
27,18301
9,18302
11,18303
9,18304
11,18305
9,18306
4,18307
9,18308
11,18309
27,18310
11,18311
9,18312
1,18313
1,18314
28,18315
27,18316
12,18317
1,18318
11,18319
27,18320
9,18321
27,18322
1,18323
28,18324
11,18325
14,18326
11,18327
1,18328
1,18329
9,18330
19,18331
9,18332
9,18333
11,18334
27,18335
25,18336
4,18337
19,18338
1,18339
27,18340
4,18341
16,18342
27,18343
9,18344
19,18345
5,18346
28,18347
11,18348
11,18349
9,18350
21,18351
11,18352
4,18353
1,18354
11,18355
9,18356
19,18357
12,18358
4,18359
4,18360
11,18361
19,18362
27,18363
9,18364
9,18365
11,18366
11,18367
1,18368
9,18369
1,18370
12,18371
1,18372
9,18373
11,18374
4,18375
1,18376
28,18377
1,18378
19,18379
19,18380
1,18381
9,18382
27,18383
19,18384
27,18385
36,18386
11,18387
9,18388
11,18389
9,18390
9,18391
27,18392
16,18393
23,18394
1,18395
11,18396
27,18397
4,18398
4,18399
4,18400
19,18401
1,18402
28,18403
1,18404
27,18405
11,18406
19,18407
9,18408
27,18409
27,18410
4,18411
1,18412
1,18413
27,18414
6,18415
1,18416
1,18417
4,18418
19,18419
1,18420
9,18421
11,18422
1,18423
1,18424
1,18425
11,18426
23,18427
27,18428
1,18429
12,18430
1,18431
27,18432
9,18433
7,18434
1,18435
27,18436
1,18437
11,18438
3,18439
1,18440
11,18441
27,18442
9,18443
11,18444
1,18445
27,18446
18,18447
28,18448
12,18449
1,18450
1,18451
19,18452
16,18453
23,18454
16,18455
1,18456
1,18457
19,18458
11,18459
1,18460
7,18461
9,18462
11,18463
11,18464
9,18465
9,18466
9,18467
5,18468
12,18469
19,18470
27,18471
27,18472
9,18473
9,18474
27,18475
9,18476
11,18477
9,18478
19,18479
27,18480
11,18481
11,18482
9,18483
9,18484
11,18485
9,18486
11,18487
9,18488
24,18489
19,18490
9,18491
12,18492
9,18493
11,18494
11,18495
22,18496
9,18497
23,18498
27,18499
27,18500
9,18501
11,18502
11,18503
11,18504
9,18505
27,18506
9,18507
27,18508
9,18509
27,18510
9,18511
9,18512
9,18513
27,18514
23,18515
11,18516
11,18517
11,18518
9,18519
12,18520
23,18521
9,18522
9,18523
1,18524
9,18525
27,18526
1,18527
9,18528
27,18529
9,18530
6,18531
11,18532
9,18533
11,18534
27,18535
9,18536
9,18537
6,18538
27,18539
9,18540
9,18541
9,18542
4,18543
9,18544
11,18545
11,18546
11,18547
11,18548
9,18549
1,18550
7,18551
9,18552
27,18553
9,18554
11,18555
6,18556
1,18557
11,18558
11,18559
27,18560
9,18561
1,18562
27,18563
27,18564
11,18565
9,18566
27,18567
27,18568
15,18569
27,18570
9,18571
1,18572
11,18573
23,18574
11,18575
9,18576
1,18577
11,18578
11,18579
15,18580
27,18581
27,18582
7,18583
27,18584
30,18585
27,18586
22,18587
11,18588
27,18589
9,18590
1,18591
11,18592
11,18593
27,18594
11,18595
9,18596
40,18597
1,18598
27,18599
18,18600
11,18601
27,18602
9,18603
11,18604
1,18605
11,18606
9,18607
23,18608
27,18609
4,18610
11,18611
11,18612
9,18613
9,18614
3,18615
1,18616
4,18617
10,18618
27,18619
9,18620
7,18621
1,18622
27,18623
23,18624
9,18625
27,18626
9,18627
11,18628
24,18629
9,18630
36,18631
27,18632
9,18633
11,18634
19,18635
9,18636
27,18637
11,18638
36,18639
1,18640
11,18641
27,18642
1,18643
6,18644
11,18645
27,18646
9,18647
11,18648
5,18649
1,18650
11,18651
11,18652
9,18653
11,18654
11,18655
27,18656
9,18657
1,18658
27,18659
9,18660
27,18661
9,18662
9,18663
23,18664
27,18665
9,18666
27,18667
11,18668
5,18669
9,18670
19,18671
11,18672
11,18673
11,18674
27,18675
9,18676
1,18677
9,18678
11,18679
27,18680
11,18681
9,18682
7,18683
27,18684
9,18685
11,18686
9,18687
1,18688
11,18689
19,18690
10,18691
9,18692
1,18693
11,18694
11,18695
22,18696
9,18697
27,18698
23,18699
27,18700
9,18701
9,18702
9,18703
9,18704
11,18705
1,18706
27,18707
11,18708
9,18709
9,18710
27,18711
9,18712
9,18713
11,18714
9,18715
11,18716
9,18717
13,18718
27,18719
9,18720
1,18721
9,18722
11,18723
11,18724
9,18725
9,18726
21,18727
1,18728
11,18729
7,18730
12,18731
11,18732
9,18733
9,18734
1,18735
9,18736
11,18737
9,18738
11,18739
27,18740
9,18741
11,18742
11,18743
9,18744
11,18745
9,18746
11,18747
9,18748
1,18749
11,18750
9,18751
9,18752
11,18753
9,18754
22,18755
7,18756
1,18757
27,18758
11,18759
21,18760
23,18761
27,18762
9,18763
11,18764
9,18765
11,18766
20,18767
1,18768
11,18769
9,18770
9,18771
1,18772
11,18773
27,18774
9,18775
27,18776
11,18777
9,18778
11,18779
20,18780
9,18781
27,18782
23,18783
9,18784
9,18785
11,18786
11,18787
9,18815
9,18789
27,18790
9,18791
11,18792
9,18793
11,18794
9,18795
9,18796
11,18797
27,18798
27,18799
23,18800
9,18801
11,18802
9,18803
11,18804
9,18805
19,18806
11,18807
27,18808
9,18809
27,18810
23,18811
11,18812
11,18813
11,18814
9,18815
11,18816
9,18817
1,18818
27,18819
28,18820
9,18821
9,18822
27,18823
9,18824
9,18825
9,18826
27,18827
9,18828
9,18829
9,18830
11,18831
27,18832
11,18833
27,18834
14,18835
6,18836
27,18837
11,18838
27,18839
9,18840
27,18841
1,18842
22,18843
9,18844
9,18845
9,18846
11,18847
9,18848
9,18849
11,18850
9,18851
9,18852
11,18853
9,18854
11,18855
9,18856
11,18857
9,18858
8,18859
9,18860
11,18861
7,18862
1,18863
27,18864
11,18865
11,18866
27,18867
9,18868
11,18869
11,18870
9,18871
1,18872
9,18873
27,18874
11,18875
9,18876
9,18877
9,18878
21,18879
9,18880
11,18881
23,18882
11,18883
15,18884
9,18885
27,18886
1,18887
27,18888
27,18889
11,18890
11,18891
27,18892
9,18893
9,18894
22,18895
11,18896
27,18897
9,18898
27,18899
11,18900
9,18901
15,18902
9,18903
11,18904
27,18905
19,18906
9,18907
9,18908
9,18909
9,18910
27,18911
27,18912
9,18913
9,18914
27,18915
11,18916
9,18917
11,18918
9,18919
9,18920
9,18921
27,18922
9,18923
11,18924
9,18925
11,18926
27,18927
9,18928
11,18929
9,18930
1,18931
12,18932
9,18933
1,18934
11,18935
27,18936
9,18937
11,18938
9,18939
9,18940
11,18941
9,18942
1,18943
21,18944
11,18945
9,18946
9,18947
11,18948
9,18949
27,18950
22,18951
9,18952
11,18953
9,18954
11,18955
11,18956
27,18957
9,18958
27,18959
11,18960
9,18961
9,18962
15,18963
9,18964
24,18965
9,18966
11,18967
11,18968
9,18969
11,18970
9,18971
9,18972
1,18973
1,18974
27,18975
9,18976
11,18977
9,18978
19,18979
9,18980
11,18981
9,18982
9,18983
11,18984
9,18985
1,18986
9,18987
9,18988
1,18989
27,18990
9,18991
11,18992
9,18993
11,18994
9,18995
11,18996
9,18997
33,18998
11,18999
11,19000
9,19001
9,19002
9,19003
27,19004
11,19005
20,19006
12,19007
19,19008
27,19009
11,19010
27,19011
9,19012
11,19013
27,19014
27,19015
9,19016
1,19017
27,19018
9,19019
11,19020
1,19021
9,19022
11,19023
9,19024
3,19025
9,19026
11,19027
11,19028
23,19029
9,19030
9,19031
27,19032
23,19033
11,19034
9,19035
11,19036
27,19037
9,19038
9,19039
11,19040
9,19041
15,19042
9,19043
11,19044
9,19045
19,19046
27,19047
9,19048
9,19049
9,19050
9,19051
11,19052
27,19053
11,19054
11,19055
9,19056
1,19057
9,19058
11,19059
9,19060
8,19061
11,19062
9,19063
9,19064
9,19065
11,19066
9,19067
11,19068
9,19069
9,19070
21,19071
1,19072
9,19073
13,19074
9,19075
11,19076
11,19077
27,19078
9,19079
12,19080
11,19081
27,19082
15,19083
19,19084
11,19085
9,19086
9,19087
8,19088
9,19089
9,19090
11,19091
1,19092
22,19093
27,19094
11,19095
19,19096
27,19097
1,19098
27,19099
13,19100
19,19101
9,19102
9,19103
9,19104
11,19105
27,19106
9,19107
11,19108
11,19109
27,19110
11,19111
9,19112
21,19113
9,19114
9,19115
11,19116
11,19117
9,19118
9,19119
23,19120
9,19121
9,19122
11,19123
9,19124
9,19125
1,19126
9,19127
11,19128
1,19129
9,19130
11,19131
11,19132
9,19133
6,19134
11,19135
9,19136
11,19137
27,19138
11,19139
9,19140
25,19141
9,19142
11,19143
11,19144
9,19145
11,19146
3,19147
9,19148
9,19149
9,19150
27,19151
11,19152
9,19153
11,19154
9,19155
11,19156
9,19157
11,19158
9,19159
9,19160
27,19161
20,19162
9,19163
11,19164
9,19165
19,19166
27,19167
16,19168
9,19169
11,19170
9,19171
11,19172
27,19173
9,19174
27,19175
11,19176
9,19177
11,19178
11,19179
11,19180
9,19181
9,19182
9,19183
9,19184
9,19185
11,19186
9,19187
11,19188
9,19189
11,19190
27,19191
27,19192
9,19193
9,19194
11,19195
9,19196
9,19197
27,19198
11,19199
27,19200
27,19201
9,19202
11,19203
9,19204
16,19205
11,19206
9,19207
11,19208
9,19209
9,19210
11,19211
9,19212
7,19213
11,19214
27,19215
9,19216
1,19217
9,19218
11,19219
11,19220
11,19221
9,19222
9,19223
9,19224
9,19225
9,19226
1,19227
9,19228
11,19229
9,19230
1,19231
9,19232
23,19233
27,19234
27,19235
9,19236
11,19237
11,19238
27,19239
21,19240
1,19241
11,19242
9,19243
9,19244
11,19245
9,19246
9,19247
9,19248
11,19249
9,19250
9,19251
27,19252
9,19253
9,19254
1,19255
9,19256
27,19257
9,19258
9,19259
27,19260
9,19261
11,19262
9,19263
1,19264
9,19265
27,19266
11,19267
9,19268
9,19269
9,19270
9,19271
27,19272
11,19273
9,19274
9,19275
11,19276
11,19277
9,19278
9,19279
9,19280
9,19281
9,19282
9,19283
9,19284
9,19285
11,19286
9,19287
9,19288
23,19289
27,19290
27,19291
11,19292
9,19293
9,19294
11,19295
9,19296
9,19297
9,19298
9,19299
11,19300
27,19301
9,19302
9,19303
9,19304
9,19305
9,19306
9,19307
9,19308
9,19309
9,19310
11,19311
27,19312
9,19313
9,19314
27,19315
11,19316
11,19317
9,19318
11,19319
9,19320
11,19321
11,19322
9,19323
1,19324
9,19325
11,19326
27,19327
11,19328
27,19329
9,19330
11,19331
9,19332
9,19333
27,19334
9,19335
11,19336
27,19337
9,19338
11,19339
9,19340
11,19341
9,19342
9,19343
9,19344
9,19345
9,19346
11,19347
9,19348
11,19349
23,19350
27,19351
1,19352
9,19353
9,19354
9,19355
27,19356
9,19357
9,19358
9,19359
9,19360
9,19361
7,19362
11,19363
27,19364
27,19365
9,19366
9,19367
11,19368
27,19369
11,19370
9,19371
9,19372
11,19373
11,19374
9,19375
11,19376
11,19377
9,19378
11,19379
1,19380
9,19381
11,19382
9,19383
9,19384
9,19385
11,19386
9,19387
21,19388
11,19389
9,19390
27,19391
9,19392
27,19393
9,19394
27,19395
9,19396
6,19397
9,19398
9,19399
9,19400
9,19401
11,19402
9,19403
9,19404
8,19405
11,19406
9,19407
9,19408
11,19409
9,19410
9,19411
11,19412
27,19413
27,19414
9,19415
11,19416
11,19417
9,19418
9,19419
9,19420
9,19421
9,19422
9,19423
11,19424
27,19425
9,19426
27,19427
9,19428
9,19429
9,19430
9,19431
9,19432
11,19433
19,19434
27,19435
9,19436
27,19437
11,19438
9,19439
11,19440
11,19441
27,19442
9,19443
9,19444
9,19445
11,19446
27,19447
9,19448
11,19449
32,19450
9,19451
9,19452
11,19453
9,19454
9,19455
9,19456
9,19457
27,19458
9,19459
9,19460
9,19461
9,19462
1,19463
11,19464
4,19465
9,19466
9,19467
25,19468
27,19469
18,19470
5,19471
19,19472
4,19473
11,19474
9,19475
10,19476
27,19477
19,19478
24,19479
27,19480
22,19481
11,19482
39,19483
27,19484
19,19485
24,19486
19,19487
7,19488
27,19489
1,19490
27,19491
23,19492
13,19493
1,19494
6,19495
9,19496
27,19497
23,19498
22,19499
27,19500
11,19501
27,19502
23,19503
13,19504
22,19505
27,19506
23,19507
20,19508
3,19509
20,19510
11,19511
1,19512
6,19513
14,19514
12,19515
19,19516
9,19517
9,19518
27,19519
14,19520
27,19521
27,19522
1,19523
1,19524
1,19525
4,19526
20,19527
27,19528
9,19529
12,19530
27,19531
27,19532
5,19533
15,19534
27,19535
11,19536
27,19537
15,19538
27,19539
22,19540
27,19541
23,19542
27,19543
15,19544
19,19545
19,19546
27,19547
18,19548
1,19549
27,19550
1,19551
1,19552
19,19553
1,19554
1,19555
9,19556
27,19557
23,19558
1,19559
1,19560
11,19561
23,19562
15,19563
1,19564
16,19565
27,19566
27,19567
1,19568
11,19569
1,19570
1,19571
1,19572
11,19574
11,19574
2,19575
11,19576
11,19577
9,19578
12,19579
9,19580
19,19581
23,19582
27,19583
19,19584
27,19585
14,19586
1,19587
23,19588
11,19589
18,19590
27,19591
20,19592
9,19593
27,19594
23,19595
27,19596
19,19597
19,19598
11,19599
19,19600
3,19601
9,19602
7,19603
23,19604
19,19605
11,19606
19,19607
9,19608
27,19609
27,19610
32,19611
12,19612
7,19613
27,19614
19,19615
27,19616
22,19617
11,19618
13,19619
15,19620
19,19621
27,19622
23,19623
27,19624
12,19625
36,19626
19,19627
27,19628
23,19629
19,19630
27,19631
19,19632
9,19633
27,19634
1,19635
27,19636
1,19637
19,19638
27,19639
23,19640
40,19641
1,19642
11,19643
11,19644
23,19645
19,19646
12,19647
27,19648
1,19649
15,19650
1,19651
11,19652
15,19653
27,19654
11,19655
27,19656
9,19657
1,19658
27,19659
9,19660
1,19661
11,19662
1,19663
24,19664
5,19665
27,19666
3,19667
16,19668
11,19669
19,19670
11,19671
11,19672
27,19673
9,19674
9,19675
27,19676
23,19677
23,19678
9,19679
11,19680
9,19681
1,19682
2,19683
27,19684
23,19685
22,19686
12,19687
9,19688
11,19689
23,19690
9,19691
11,19692
3,19693
12,19694
9,19695
1,19696
15,19697
1,19698
12,19699
9,19700
11,19701
23,19702
1,19703
5,19704
12,19705
11,19706
15,19707
12,19708
7,19709
23,19710
11,19711
4,19712
1,19713
11,19714
5,19715
12,19716
26,19717
27,19718
12,19719
12,19720
12,19721
27,19722
1,19723
9,19724
1,19725
11,19726
5,19727
12,19728
12,19729
27,19730
4,19731
11,19732
9,19733
23,19734
27,19735
9,19736
1,19737
25,19738
11,19739
12,19740
27,19741
27,19742
9,19743
25,19744
37,19745
1,19746
3,19747
27,19748
3,19749
12,19750
4,19751
1,19752
9,19753
3,19754
27,19755
23,19756
14,19757
1,19758
27,19759
27,19760
1,19761
19,19762
27,19763
25,19764
12,19765
3,19766
27,19767
11,19768
4,19769
4,19770
4,19771
28,19772
1,19773
9,19774
11,19775
16,19776
21,19777
1,19778
11,19779
18,19780
27,19781
21,19782
5,19783
23,19784
5,19785
23,19786
11,19787
7,19788
9,19789
27,19790
12,19791
1,19792
24,19793
19,19794
1,19795
5,19796
3,19797
27,19798
9,19799
19,19800
9,19801
28,19802
9,19803
33,19804
12,19805
11,19806
23,19807
11,19808
12,19809
9,19810
4,19811
1,19812
23,19813
27,19814
11,19815
1,19816
11,19817
9,19818
11,19819
12,19820
1,19821
5,19822
27,19823
15,19824
1,19825
25,19826
27,19827
1,19828
1,19829
12,19830
27,19831
9,19832
27,19833
7,19834
12,19835
1,19836
27,19837
12,19838
9,19839
9,19840
12,19841
9,19842
5,19843
1,19844
11,19845
12,19846
1,19847
11,19848
1,19849
1,19850
1,19851
11,19852
12,19853
7,19854
12,19855
11,19856
27,19857
9,19858
9,19859
12,19860
5,19861
11,19862
23,19863
12,19864
27,19865
9,19866
12,19867
6,19868
9,19869
1,19870
9,19871
9,19872
5,19873
9,19874
34,19875
12,19876
11,19877
1,19878
12,19879
1,19880
11,19881
27,19882
5,19883
12,19884
9,19885
5,19886
12,19887
27,19888
9,19889
11,19890
12,19891
9,19892
27,19893
11,19894
5,19895
9,19896
11,19897
23,19898
7,19899
12,19900
11,19901
9,19902
8,19903
12,19904
19,19905
27,19906
12,19907
1,19908
12,19909
11,19910
27,19911
9,19912
12,19913
12,19914
11,19915
27,19916
9,19917
22,19918
3,19919
1,19920
5,19921
12,19922
9,19923
11,19924
23,19925
5,19926
1,19927
27,19928
9,19929
12,19930
12,19931
11,19932
12,19933
6,19934
1,19935
28,19936
12,19937
1,19938
12,19939
9,19940
34,19941
12,19942
12,19943
11,19944
9,19945
12,19946
28,19947
29,19948
11,19949
30,19950
9,19951
6,19952
12,19953
12,19954
34,19955
1,19956
13,19957
19,19958
1,19959
9,19960
19,19961
12,19962
11,19963
12,19964
9,19965
1,19966
1,19967
3,19968
27,19969
5,19970
11,19971
12,19972
11,19973
9,19974
12,19975
9,19976
12,19977
27,19978
9,19979
9,19980
5,19981
12,19982
1,19983
9,19984
9,19985
32,19986
11,19987
5,19988
1,19989
12,19990
11,19991
12,19992
9,19993
1,19994
11,19995
23,19996
27,19997
9,19998
11,19999
12,20000
5,20001
1,20002
27,20003
9,20004
11,20005
1,20006
27,20007
3,20008
27,20009
12,20010
9,20011
9,20012
11,20013
9,20014
9,20015
11,20016
11,20017
12,20018
11,20019
5,20020
9,20021
1,20022
9,20023
12,20024
5,20025
11,20026
27,20027
11,20028
9,20029
5,20030
1,20031
12,20032
9,20033
1,20034
11,20035
27,20036
12,20037
12,20038
9,20039
5,20040
12,20041
11,20042
4,20043
1,20044
1,20045
12,20046
22,20047
27,20048
9,20049
12,20050
11,20051
9,20052
12,20053
11,20054
15,20055
12,20056
9,20057
1,20058
11,20059
12,20060
28,20061
11,20062
23,20063
5,20064
12,20065
5,20066
11,20067
19,20068
11,20069
9,20070
12,20071
11,20072
11,20073
27,20074
23,20075
9,20076
5,20077
12,20078
9,20079
11,20080
11,20081
6,20082
11,20083
12,20084
23,20085
9,20086
12,20087
5,20088
12,20089
23,20090
12,20091
9,20092
9,20093
7,20094
12,20095
1,20096
27,20097
23,20098
12,20099
12,20100
23,20101
11,20102
6,20103
11,20104
27,20105
5,20106
1,20107
27,20108
27,20109
27,20110
11,20111
9,20112
12,20113
1,20114
19,20115
11,20116
23,20117
9,20118
9,20119
11,20120
4,20121
7,20122
11,20123
1,20124
7,20125
1,20126
27,20127
4,20128
9,20129
27,20130
23,20131
1,20132
9,20133
1,20134
27,20135
1,20136
12,20137
27,20138
9,20139
11,20140
23,20141
1,20142
4,20143
27,20144
1,20145
1,20146
9,20147
21,20148
1,20149
11,20150
3,20151
27,20152
19,20153
11,20154
4,20155
27,20156
19,20157
1,20158
1,20159
19,20160
27,20161
32,20162
1,20163
21,20164
11,20165
9,20166
12,20167
12,20168
1,20169
4,20170
11,20171
1,20172
28,20173
12,20174
1,20175
1,20176
1,20177
1,20178
27,20179
1,20180
11,20181
19,20182
11,20183
9,20184
1,20185
12,20186
16,20187
25,20188
27,20189
19,20190
1,20191
15,20192
1,20193
3,20194
19,20195
27,20196
7,20197
9,20198
1,20199
22,20200
1,20201
15,20202
1,20203
11,20204
9,20205
1,20206
1,20207
19,20208
1,20209
1,20210
27,20211
4,20212
27,20213
1,20214
12,20215
11,20216
22,20217
5,20218
9,20219
11,20220
1,20221
2,20222
1,20223
11,20224
27,20225
19,20226
4,20227
1,20228
5,20229
1,20230
1,20231
27,20232
1,20233
27,20234
9,20235
12,20236
1,20237
27,20238
9,20239
27,20240
9,20241
27,20242
9,20243
17,20244
1,20245
27,20246
1,20247
4,20248
19,20249
27,20250
4,20251
27,20252
27,20253
11,20254
27,20255
11,20256
9,20257
11,20258
27,20259
5,20260
9,20261
27,20262
9,20263
18,20264
27,20265
9,20266
1,20267
11,20268
9,20269
11,20270
9,20271
9,20272
24,20273
9,20274
9,20275
9,20276
19,20277
19,20278
11,20279
22,20280
9,20281
19,20282
9,20283
9,20284
9,20285
11,20286
9,20287
1,20288
9,20289
11,20290
27,20291
9,20292
9,20293
11,20294
9,20295
9,20296
9,20297
11,20298
27,20299
9,20300
11,20301
7,20302
9,20303
27,20304
27,20305
9,20306
9,20307
27,20308
9,20312
11,20310
9,20311
9,20312
11,20313
27,20314
9,20315
21,20316
11,20317
11,20318
27,20319
9,20320
11,20321
9,20322
11,20323
9,20324
27,20325
11,20326
9,20327
9,20328
11,20329
9,20330
11,20331
1,20332
9,20333
27,20334
11,20335
9,20336
9,20337
21,20338
1,20339
1,20340
11,20341
9,20342
27,20343
9,20344
9,20345
9,20346
27,20347
27,20348
9,20349
9,20350
12,20351
27,20352
9,20353
27,20354
11,20355
9,20356
11,20357
9,20358
9,20359
9,20360
27,20361
11,20362
9,20363
11,20364
27,20365
9,20366
9,20367
20,20368
9,20369
11,20370
1,20371
27,20372
9,20373
27,20374
27,20375
9,20376
27,20377
9,20378
9,20379
11,20380
11,20381
9,20382
9,20383
27,20384
9,20385
9,20386
11,20387
15,20388
9,20389
22,20390
1,20391
27,20392
9,20393
9,20394
11,20395
12,20396
9,20397
9,20398
9,20399
11,20400
27,20401
11,20402
9,20403
11,20404
11,20405
11,20406
27,20407
9,20408
5,20409
9,20410
27,20411
9,20412
11,20413
23,20414
27,20415
9,20416
11,20417
9,20418
27,20419
9,20420
27,20421
9,20422
9,20423
11,20424
9,20425
1,20426
9,20427
21,20428
11,20429
9,20430
9,20431
11,20432
22,20433
9,20434
27,20435
27,20436
27,20437
9,20438
9,20439
11,20440
11,20441
11,20442
9,20443
1,20444
13,20445
9,20446
9,20447
22,20448
27,20449
27,20450
9,20451
11,20452
11,20453
9,20454
9,20455
27,20456
9,20457
7,20458
9,20459
27,20460
9,20461
9,20462
33,20463
27,20464
27,20465
9,20466
19,20467
27,20468
9,20469
11,20470
9,20471
11,20472
9,20473
9,20474
9,20475
11,20476
27,20477
9,20478
9,20479
9,20480
9,20481
9,20482
9,20483
11,20484
27,20485
9,20486
9,20487
9,20488
9,20489
9,20490
11,20491
27,20492
14,20493
27,20494
11,20495
27,20496
9,20497
27,20498
9,20499
11,20500
1,20501
11,20502
9,20503
9,20504
9,20505
9,20506
11,20507
27,20508
9,20509
27,20510
1,20511
1,20512
27,20513
9,20514
11,20515
9,20516
9,20517
9,20518
27,20519
9,20520
24,20521
9,20522
27,20523
5,20524
27,20525
1,20526
27,20527
9,20528
27,20529
9,20530
9,20531
11,20532
9,20533
9,20534
9,20535
11,20536
11,20537
27,20538
9,20539
9,20540
1,20541
9,20542
9,20543
11,20544
9,20545
11,20546
9,20547
11,20548
8,20549
27,20550
9,20551
9,20552
11,20553
12,20554
27,20555
27,20556
9,20557
7,20558
9,20559
9,20560
11,20561
27,20562
9,20563
11,20564
9,20565
9,20566
27,20567
9,20568
9,20569
11,20570
27,20571
1,20572
11,20573
9,20574
11,20575
9,20576
9,20577
9,20578
11,20579
5,20580
27,20581
27,20582
23,20583
11,20584
9,20585
9,20586
1,20587
9,20588
27,20589
9,20590
22,20591
11,20592
9,20593
25,20594
19,20595
9,20596
27,20597
23,20598
9,20599
15,20600
9,20601
9,20602
9,20603
1,20604
9,20605
11,20606
9,20607
9,20608
9,20609
27,20610
9,20611
5,20612
27,20613
9,20614
9,20615
27,20616
23,20617
27,20618
9,20619
11,20620
4,20621
11,20622
9,20623
9,20624
9,20625
27,20626
11,20627
11,20628
11,20629
9,20630
9,20631
27,20632
27,20633
23,20634
9,20635
27,20636
9,20637
11,20638
27,20639
1,20640
21,20641
18,20642
9,20643
9,20644
27,20645
9,20646
9,20647
7,20648
9,20649
27,20650
9,20651
9,20652
12,20653
27,20654
9,20655
27,20656
11,20657
27,20658
9,20659
9,20660
27,20661
11,20662
9,20663
27,20664
11,20665
9,20666
11,20667
9,20668
24,20669
11,20670
27,20671
9,20672
27,20673
9,20674
9,20675
11,20676
24,20677
27,20678
9,20679
9,20680
1,20681
7,20682
19,20683
11,20684
27,20685
9,20686
11,20687
9,20688
11,20689
9,20690
12,20691
9,20692
27,20693
9,20694
9,20695
9,20696
27,20697
9,20698
11,20699
27,20700
27,20701
21,20702
9,20703
9,20704
27,20705
19,20706
27,20707
21,20708
9,20709
27,20710
9,20711
9,20712
11,20713
27,20714
9,20715
11,20716
27,20717
9,20718
27,20719
1,20720
9,20721
9,20722
9,20723
8,20724
9,20725
9,20726
27,20727
27,20728
9,20729
11,20730
9,20731
27,20732
9,20733
6,20734
27,20735
23,20736
27,20737
9,20738
21,20739
1,20740
27,20741
1,20742
9,20743
27,20744
9,20745
27,20746
9,20747
9,20748
11,20749
27,20750
27,20751
27,20752
27,20753
22,20754
1,20755
9,20756
27,20757
9,20758
27,20759
11,20760
18,20761
27,20762
9,20763
11,20764
5,20765
11,20766
9,20767
9,20768
24,20769
11,20770
9,20771
27,20772
27,20773
9,20774
27,20775
9,20776
9,20777
9,20778
11,20779
27,20780
9,20781
9,20782
1,20783
27,20784
9,20785
27,20786
23,20787
9,20788
11,20789
11,20790
9,20791
9,20792
1,20793
19,20794
9,20795
11,20796
27,20797
9,20798
27,20799
27,20800
23,20801
9,20802
27,20803
9,20804
27,20805
9,20806
6,20807
27,20808
9,20809
11,20810
27,20811
9,20812
11,20813
27,20814
23,20815
9,20816
11,20817
11,20818
27,20819
9,20820
27,20821
9,20822
9,20823
27,20824
9,20825
9,20826
11,20827
9,20828
9,20829
11,20830
9,20831
11,20832
9,20833
9,20834
9,20835
20,20836
11,20837
9,20838
11,20839
9,20840
27,20841
9,20842
11,20843
19,20844
23,20845
9,20846
16,20847
1,20848
19,20849
36,20850
27,20851
27,20852
1,20853
7,20854
27,20855
1,20856
33,20857
3,20858
27,20859
1,20860
11,20861
27,20862
27,20863
1,20864
9,20865
1,20866
12,20867
1,20868
27,20869
39,20870
11,20871
1,20872
15,20873
27,20874
19,20875
14,20876
1,20877
1,20878
1,20879
1,20880
23,20881
27,20882
7,20883
16,20884
1,20885
1,20886
12,20887
9,20888
1,20889
5,20890
9,20891
7,20892
1,20893
11,20894
19,20895
9,20896
23,20897
27,20898
1,20899
4,20900
27,20901
23,20902
11,20903
1,20904
9,20905
21,20906
1,20907
11,20908
1,20909
1,20910
1,20911
11,20912
19,20913
28,20914
19,20915
14,20916
27,20917
1,20918
28,20919
11,20920
11,20921
13,20922
27,20923
12,20924
11,20925
28,20926
1,20927
27,20928
11,20929
1,20930
13,20931
1,20932
5,20933
9,20934
11,20935
27,20936
1,20937
19,20938
19,20939
27,20940
27,20941
1,20942
28,20943
1,20944
19,20945
19,20946
4,20947
1,20948
11,20949
16,20950
1,20951
25,20952
27,20953
1,20954
15,20955
11,20956
28,20957
27,20958
12,20959
16,20960
9,20961
19,20962
11,20963
27,20964
27,20965
12,20966
4,20967
27,20968
6,20969
4,20970
25,20971
19,20972
15,20973
1,20974
19,20975
27,20976
11,20977
23,20978
16,20979
19,20980
27,20981
27,20982
1,20983
4,20984
6,20985
9,20986
27,20987
23,20988
9,20989
27,20990
15,20991
5,20992
1,20993
27,20994
1,20995
1,20996
27,20997
1,20998
27,20999
9,21000
9,21001
9,21002
11,21003
11,21004
9,21005
11,21006
12,21007
5,21008
23,21009
11,21010
9,21011
27,21012
11,21013
9,21014
9,21015
27,21016
9,21017
27,21018
27,21019
12,21020
16,21021
27,21022
19,21023
3,21024
1,21025
27,21026
1,21027
27,21028
9,21029
32,21030
5,21031
22,21032
11,21033
1,21034
28,21035
1,21036
27,21037
8,21038
5,21039
27,21040
9,21041
4,21042
12,21043
11,21044
1,21045
30,21046
33,21047
4,21048
3,21049
19,21050
4,21051
1,21052
6,21053
27,21054
9,21055
27,21056
3,21057
19,21058
11,21059
3,21060
1,21061
16,21062
9,21063
27,21064
19,21065
12,21066
9,21067
27,21068
1,21069
4,21070
1,21071
1,21072
1,21073
1,21074
27,21075
11,21076
7,21077
12,21078
9,21079
5,21080
1,21081
27,21082
22,21083
9,21084
27,21085
23,21086
1,21087
1,21088
28,21089
19,21090
5,21091
27,21092
11,21093
11,21094
9,21095
23,21096
27,21097
27,21098
11,21099
7,21100
1,21101
18,21102
27,21103
11,21104
12,21105
6,21106
11,21107
7,21108
19,21109
1,21110
12,21111
1,21112
11,21113
11,21114
28,21115
19,21116
12,21117
9,21118
11,21119
9,21120
9,21121
3,21122
23,21123
9,21124
12,21125
7,21126
1,21127
3,21128
15,21129
25,21130
26,21131
1,21132
3,21133
15,21134
1,21135
9,21136
11,21137
1,21138
19,21139
12,21140
12,21141
1,21142
3,21143
3,21144
27,21145
1,21146
11,21147
27,21148
1,21149
16,21150
11,21151
3,21152
12,21153
19,21154
12,21155
1,21156
21,21157
9,21158
9,21159
11,21160
11,21161
9,21162
6,21163
5,21164
1,21165
1,21166
5,21167
23,21168
19,21169
1,21170
27,21171
23,21172
1,21173
11,21174
27,21175
9,21176
1,21177
27,21178
11,21179
5,21180
11,21181
7,21182
1,21183
27,21184
11,21185
21,21186
1,21187
1,21188
12,21189
27,21190
9,21191
9,21192
12,21193
1,21194
27,21195
1,21196
12,21197
27,21198
9,21199
11,21200
22,21201
19,21202
23,21203
27,21204
12,21205
25,21206
9,21207
27,21208
27,21209
9,21210
16,21211
1,21212
27,21213
9,21214
9,21215
1,21216
11,21217
27,21218
9,21219
11,21220
11,21221
27,21222
9,21223
23,21224
9,21225
9,21226
11,21227
9,21228
1,21229
19,21230
25,21231
9,21232
27,21233
12,21234
1,21235
9,21236
1,21237
29,21238
27,21239
12,21240
1,21241
1,21242
1,21243
28,21244
28,21245
11,21246
9,21247
9,21248
11,21249
11,21250
11,21251
9,21252
27,21253
11,21254
27,21255
9,21256
27,21257
9,21258
11,21259
12,21260
1,21261
1,21262
11,21263
27,21264
12,21265
1,21266
27,21267
23,21268
6,21269
1,21270
25,21271
27,21272
36,21273
11,21274
1,21275
12,21276
9,21277
11,21278
1,21279
27,21280
1,21281
11,21282
11,21283
11,21284
11,21285
12,21286
12,21287
12,21288
9,21289
11,21290
11,21291
11,21292
24,21293
1,21294
27,21295
11,21296
11,21297
16,21298
27,21299
23,21300
11,21301
11,21302
11,21303
1,21304
1,21305
27,21306
9,21307
9,21308
12,21309
11,21310
4,21311
3,21312
9,21313
6,21314
1,21315
27,21316
9,21317
1,21318
4,21319
27,21320
28,21321
1,21322
1,21323
1,21324
19,21325
19,21326
11,21327
4,21328
9,21329
11,21330
9,21331
9,21332
12,21333
12,21334
9,21335
27,21336
11,21337
9,21338
27,21339
11,21340
9,21341
27,21342
26,21343
9,21344
11,21345
9,21346
11,21347
10,21348
9,21349
1,21350
12,21351
1,21352
12,21353
9,21354
9,21355
28,21356
1,21357
9,21358
1,21359
5,21360
27,21361
28,21362
27,21363
11,21364
1,21365
9,21366
27,21367
11,21368
23,21369
12,21370
11,21371
1,21372
1,21373
11,21374
21,21375
19,21376
11,21377
12,21378
12,21379
11,21380
23,21381
11,21382
3,21383
9,21384
11,21385
11,21386
9,21387
11,21388
1,21389
27,21390
4,21391
5,21392
27,21393
4,21394
19,21395
19,21396
5,21397
11,21398
1,21399
1,21400
12,21401
11,21402
28,21403
33,21404
27,21405
9,21406
27,21407
9,21408
4,21409
21,21410
5,21411
1,21412
27,21413
4,21414
21,21415
27,21416
12,21417
9,21418
23,21419
11,21420
12,21421
11,21422
23,21423
1,21424
11,21425
5,21426
27,21427
27,21428
9,21429
11,21430
5,21431
1,21432
27,21433
32,21434
11,21435
19,21436
12,21437
15,21438
1,21439
27,21440
11,21441
27,21442
9,21443
11,21444
23,21445
5,21446
9,21447
11,21448
27,21449
9,21450
27,21451
27,21452
27,21453
9,21454
11,21455
19,21456
11,21457
1,21458
7,21459
27,21460
9,21461
11,21462
23,21463
1,21464
9,21465
5,21466
27,21467
15,21468
11,21469
1,21470
11,21471
27,21472
9,21473
11,21474
9,21475
9,21476
11,21477
27,21478
9,21479
27,21480
9,21481
19,21482
11,21483
9,21484
9,21485
9,21486
9,21487
1,21488
11,21489
9,21490
27,21491
9,21492
11,21493
1,21494
27,21495
9,21496
1,21497
11,21498
27,21499
9,21500
20,21501
27,21502
27,21503
11,21504
11,21505
9,21506
9,21507
11,21508
11,21509
9,21510
12,21511
1,21512
24,21513
3,21514
1,21515
9,21516
9,21517
14,21518
1,21519
1,21520
9,21521
11,21522
9,21523
11,21524
9,21525
27,21526
11,21527
12,21528
27,21529
9,21530
19,21531
9,21532
11,21533
11,21534
9,21535
11,21536
9,21537
5,21538
11,21539
22,21540
22,21541
27,21542
19,21543
3,21544
11,21545
27,21546
9,21547
1,21548
26,21549
6,21550
27,21551
11,21552
6,21553
1,21554
11,21555
9,21556
11,21557
9,21558
9,21559
1,21560
11,21561
23,21562
11,21563
27,21564
11,21565
27,21566
9,21567
9,21568
11,21569
27,21570
9,21571
9,21572
21,21573
11,21574
9,21575
11,21576
9,21577
9,21578
19,21579
9,21580
9,21581
9,21584
11,21583
9,21584
27,21585
9,21586
9,21587
9,21588
9,21589
11,21590
1,21591
1,21592
27,21593
4,21594
27,21595
11,21596
9,21597
9,21598
11,21599
9,21600
19,21601
9,21602
9,21603
9,21604
11,21605
9,21606
27,21607
9,21608
9,21609
9,21610
9,21611
3,21612
1,21613
9,21614
27,21615
11,21616
27,21617
9,21618
9,21619
27,21620
9,21621
21,21622
11,21623
11,21624
27,21625
23,21626
11,21627
9,21628
11,21629
9,21630
11,21631
27,21632
9,21633
1,21634
3,21635
11,21636
9,21637
11,21638
23,21639
6,21640
7,21641
11,21642
27,21643
12,21644
3,21645
12,21646
11,21647
27,21648
23,21649
4,21650
3,21651
1,21652
25,21653
27,21654
27,21655
1,21656
5,21657
19,21658
32,21659
11,21660
11,21661
12,21662
9,21663
11,21664
9,21665
11,21666
11,21667
23,21668
11,21669
5,21670
1,21671
12,21672
26,21673
15,21674
1,21675
1,21676
1,21677
27,21678
19,21679
16,21680
19,21681
20,21682
1,21683
6,21684
12,21685
11,21686
9,21687
3,21688
27,21689
27,21690
9,21691
11,21692
27,21693
9,21694
11,21695
11,21696
9,21697
11,21698
9,21699
9,21700
11,21701
27,21702
22,21703
28,21704
1,21705
27,21706
1,21707
27,21708
9,21709
27,21710
9,21711
5,21712
4,21713
1,21714
1,21715
20,21716
7,21717
9,21718
9,21719
27,21720
11,21721
9,21722
11,21723
7,21724
11,21725
3,21726
15,21727
12,21728
9,21729
9,21730
26,21731
1,21732
27,21733
9,21734
3,21735
3,21736
5,21737
12,21738
15,21739
25,21740
27,21741
19,21742
7,21743
2,21744
15,21745
1,21746
28,21747
29,21748
28,21749
1,21750
19,21751
15,21752
22,21753
7,21754
1,21755
27,21756
11,21757
23,21758
19,21759
27,21760
11,21761
11,21762
9,21763
27,21764
9,21765
12,21766
1,21767
1,21768
28,21769
19,21770
27,21771
1,21772
27,21773
20,21774
11,21775
5,21776
9,21777
11,21778
12,21779
9,21780
27,21781
36,21782
11,21783
4,21784
3,21785
19,21786
11,21787
27,21788
9,21789
27,21790
11,21791
9,21792
9,21793
9,21794
1,21795
27,21796
9,21797
11,21798
13,21799
1,21800
12,21801
11,21802
1,21803
9,21804
1,21805
1,21806
11,21807
27,21808
11,21809
9,21810
11,21811
11,21812
1,21813
9,21814
28,21815
11,21816
19,21817
3,21818
11,21819
11,21820
27,21821
9,21822
21,21823
4,21824
1,21825
19,21826
3,21827
1,21828
27,21829
27,21830
9,21831
11,21832
9,21833
9,21834
9,21835
11,21836
27,21837
9,21838
1,21839
30,21840
27,21841
9,21842
9,21843
11,21844
9,21845
9,21846
27,21847
12,21848
27,21849
19,21850
9,21851
9,21852
27,21853
23,21854
32,21855
12,21856
32,21857
9,21858
11,21859
23,21860
27,21861
13,21862
36,21863
9,21864
11,21865
9,21866
1,21867
11,21868
33,21869
27,21870
9,21871
9,21872
1,21873
1,21874
1,21875
19,21876
11,21877
1,21878
1,21879
9,21880
11,21881
15,21882
19,21883
9,21884
23,21885
27,21886
27,21887
9,21888
1,21889
9,21890
27,21891
1,21892
9,21893
27,21894
12,21895
27,21896
11,21897
9,21898
11,21899
11,21900
9,21901
11,21902
1,21903
27,21904
23,21905
12,21906
11,21907
9,21908
5,21909
19,21910
9,21911
16,21912
3,21913
19,21914
9,21915
9,21916
11,21917
11,21918
19,21919
36,21920
1,21921
1,21922
28,21923
1,21924
24,21925
9,21926
27,21927
27,21928
27,21929
22,21930
27,21931
12,21932
4,21933
9,21934
27,21935
9,21936
11,21937
27,21938
1,21939
27,21940
11,21941
11,21942
27,21943
6,21944
27,21945
28,21946
1,21947
27,21948
19,21949
19,21950
1,21951
27,21952
19,21953
26,21954
27,21955
20,21956
9,21957
1,21958
11,21959
12,21960
9,21961
9,21962
11,21963
23,21964
27,21965
19,21966
19,21967
11,21968
11,21969
39,21970
22,21971
11,21972
9,21973
27,21974
9,21975
11,21976
11,21977
9,21978
16,21979
27,21980
16,21981
11,21982
27,21983
12,21984
9,21985
1,21986
9,21987
27,21988
9,21989
27,21990
9,21991
1,21992
9,21993
9,21994
27,21995
1,21996
1,21997
40,21998
2,21999
27,22000
23,22001
27,22002
9,22003
11,22004
19,22005
1,22006
1,22007
9,22008
1,22009
25,22010
27,22011
9,22012
19,22013
1,22014
11,22015
12,22016
36,22017
13,22018
27,22019
12,22020
11,22021
27,22022
3,22023
1,22024
18,22025
1,22026
3,22027
12,22028
16,22029
1,22030
11,22031
9,22032
11,22033
9,22034
1,22035
20,22036
16,22037
19,22038
28,22039
27,22040
1,22041
27,22042
9,22043
9,22044
11,22045
9,22046
27,22047
4,22048
11,22049
19,22050
19,22051
23,22052
4,22053
22,22054
27,22055
4,22056
1,22057
1,22058
11,22059
27,22060
9,22061
9,22062
27,22063
23,22064
1,22065
24,22066
4,22067
27,22068
23,22069
4,22070
27,22071
1,22072
18,22073
1,22074
6,22075
12,22076
12,22077
4,22078
19,22079
4,22080
27,22081
9,22082
4,22083
1,22084
9,22085
27,22086
9,22087
27,22088
27,22089
23,22090
1,22091
1,22092
12,22093
4,22094
9,22095
10,22096
11,22097
19,22098
23,22099
1,22100
11,22101
9,22102
23,22103
27,22104
11,22105
1,22106
11,22107
9,22108
1,22109
27,22110
27,22111
9,22112
19,22113
1,22114
1,22115
1,22116
27,22117
1,22118
9,22119
9,22120
21,22121
27,22122
11,22123
1,22124
13,22125
9,22126
27,22127
9,22128
7,22129
9,22130
1,22131
9,22132
1,22133
9,22134
9,22135
23,22136
19,22137
9,22138
22,22139
9,22140
27,22141
11,22142
9,22143
12,22146
27,22145
12,22146
9,22147
1,22148
1,22149
23,22150
19,22151
19,22152
11,22153
21,22154
28,22155
1,22156
1,22157
9,22158
9,22159
11,22160
4,22161
27,22162
9,22163
1,22164
9,22165
11,22166
9,22167
27,22168
11,22169
23,22170
26,22171
1,22172
27,22173
23,22174
27,22175
9,22176
27,22177
9,22178
9,22179
22,22180
27,22181
9,22182
19,22183
9,22184
27,22185
11,22186
9,22187
9,22188
19,22189
23,22190
1,22191
27,22192
9,22193
19,22194
1,22195
39,22196
11,22197
9,22198
19,22199
32,22200
19,22201
11,22202
9,22203
4,22204
27,22205
23,22206
19,22207
27,22208
7,22209
27,22210
23,22211
27,22212
9,22213
23,22214
27,22215
27,22216
16,22217
1,22218
1,22219
27,22220
9,22221
9,22222
9,22223
9,22224
27,22225
9,22226
24,22227
25,22228
11,22229
5,22230
27,22231
23,22232
11,22233
4,22234
27,22235
9,22236
9,22237
23,22238
27,22239
19,22240
9,22241
11,22242
11,22243
9,22244
11,22245
12,22246
9,22247
27,22248
1,22249
9,22250
9,22251
1,22252
27,22253
27,22254
1,22255
19,22256
5,22257
12,22258
11,22259
27,22260
9,22261
21,22262
1,22263
11,22264
27,22265
15,22266
12,22267
1,22268
27,22269
9,22270
27,22271
9,22272
9,22273
27,22274
23,22275
9,22276
1,22277
4,22278
9,22279
27,22280
1,22281
11,22282
9,22283
27,22284
11,22285
27,22286
23,22287
5,22288
27,22289
9,22290
11,22291
2,22292
27,22293
16,22294
1,22295
22,22296
26,22297
19,22298
11,22299
28,22300
11,22301
9,22302
11,22303
9,22304
9,22305
11,22306
23,22307
27,22308
9,22309
24,22310
19,22311
11,22312
27,22313
9,22314
27,22315
21,22316
19,22317
11,22318
11,22319
9,22320
9,22321
1,22322
11,22323
27,22324
9,22325
27,22326
27,22327
23,22328
19,22329
6,22330
1,22331
11,22332
39,22333
1,22334
11,22335
9,22336
27,22337
1,22338
16,22339
9,22340
25,22341
27,22342
1,22343
11,22344
9,22345
27,22346
1,22347
28,22348
1,22349
1,22350
27,22351
11,22352
15,22353
25,22354
27,22355
12,22356
26,22357
27,22358
12,22359
1,22360
1,22361
11,22362
23,22363
1,22364
1,22365
19,22366
27,22367
1,22368
27,22369
7,22370
1,22371
12,22372
27,22373
23,22374
1,22375
27,22376
7,22377
1,22378
11,22379
19,22380
19,22381
23,22382
11,22383
1,22384
11,22385
23,22386
23,22387
11,22388
9,22389
12,22390
1,22391
9,22392
11,22393
6,22394
4,22395
11,22396
27,22397
5,22398
5,22399
1,22400
32,22401
9,22402
26,22403
4,22404
1,22405
1,22406
3,22407
27,22408
9,22409
9,22410
1,22411
18,22412
5,22413
27,22414
27,22415
24,22416
27,22417
9,22418
27,22419
9,22420
11,22421
22,22422
12,22423
27,22424
9,22425
23,22426
11,22427
1,22428
9,22429
11,22430
24,22431
1,22432
27,22433
9,22434
27,22435
15,22436
9,22437
27,22438
11,22439
1,22440
1,22441
3,22442
23,22443
27,22444
11,22445
9,22446
19,22447
16,22448
11,22449
19,22450
11,22451
27,22452
22,22453
19,22454
27,22455
11,22456
28,22457
11,22458
9,22459
1,22460
11,22461
15,22462
1,22463
1,22464
16,22465
27,22466
22,22467
1,22468
9,22469
11,22470
16,22471
27,22472
11,22473
11,22474
11,22475
11,22476
1,22477
27,22478
23,22479
4,22480
9,22481
11,22482
24,22483
9,22484
27,22485
9,22486
11,22487
27,22488
23,22489
9,22490
19,22491
32,22492
11,22493
9,22494
27,22495
11,22496
11,22497
11,22498
9,22499
9,22500
27,22501
11,22502
9,22503
11,22504
11,22505
27,22506
9,22507
11,22508
19,22509
9,22510
19,22511
23,22512
27,22513
9,22514
9,22515
1,22516
12,22517
27,22518
9,22519
11,22520
1,22521
1,22522
11,22523
1,22524
11,22525
11,22526
27,22527
9,22528
27,22529
9,22530
11,22531
25,22532
25,22533
11,22534
27,22535
9,22536
21,22537
1,22538
11,22539
11,22540
6,22541
11,22542
1,22543
11,22544
27,22545
9,22546
7,22547
11,22548
27,22549
9,22550
9,22551
27,22552
27,22553
1,22554
1,22555
1,22556
1,22557
12,22558
11,22559
27,22560
9,22561
27,22562
12,22563
27,22564
9,22565
6,22566
7,22567
11,22568
23,22569
12,22570
5,22571
11,22572
11,22573
5,22574
6,22575
11,22576
7,22577
12,22578
9,22579
11,22580
23,22581
9,22582
26,22583
27,22584
16,22585
27,22586
11,22587
1,22588
9,22589
11,22590
15,22591
27,22592
7,22593
11,22594
1,22595
11,22596
27,22597
27,22598
15,22599
19,22600
7,22601
1,22602
27,22603
27,22604
23,22605
27,22606
1,22607
11,22608
27,22609
9,22610
11,22611
9,22612
11,22613
9,22614
9,22615
14,22616
9,22617
27,22618
11,22619
16,22620
27,22621
39,22622
9,22623
11,22624
27,22625
11,22626
11,22627
9,22628
11,22629
27,22630
9,22631
11,22632
1,22633
27,22634
19,22635
9,22636
3,22637
9,22638
11,22639
9,22640
11,22641
1,22642
25,22643
1,22644
11,22645
23,22646
18,22647
28,22648
16,22649
11,22650
1,22651
11,22652
27,22653
9,22654
27,22655
9,22656
27,22657
1,22658
1,22659
27,22660
12,22661
27,22662
9,22663
1,22664
11,22665
27,22666
11,22667
9,22668
27,22669
23,22670
9,22671
24,22672
27,22673
23,22674
9,22675
11,22676
19,22677
25,22678
27,22679
4,22680
11,22681
12,22682
9,22683
19,22684
27,22685
27,22686
17,22687
5,22688
1,22689
19,22690
11,22691
11,22692
11,22693
21,22694
1,22695
16,22696
23,22697
1,22698
7,22699
1,22700
3,22701
7,22702
11,22703
9,22704
7,22705
11,22706
9,22707
9,22708
12,22709
19,22710
11,22711
12,22712
1,22713
19,22714
12,22715
19,22716
11,22717
19,22718
36,22719
7,22720
1,22721
9,22722
9,22723
9,22724
1,22725
11,22726
19,22727
9,22728
11,22729
1,22730
1,22731
1,22732
9,22733
23,22734
11,22735
5,22736
27,22737
9,22738
11,22739
25,22740
27,22741
11,22742
5,22743
27,22744
9,22745
9,22746
16,22747
23,22748
23,22749
23,22750
11,22751
19,22752
27,22753
9,22754
1,22755
7,22756
27,22757
21,22758
27,22759
9,22760
9,22761
1,22762
9,22763
27,22764
11,22765
11,22766
27,22767
9,22768
21,22769
39,22770
27,22771
9,22772
11,22773
27,22774
9,22775
11,22776
9,22777
11,22778
11,22779
9,22780
1,22781
11,22782
9,22783
27,22784
21,22785
27,22786
23,22787
9,22788
11,22789
19,22790
9,22791
27,22792
27,22793
9,22794
9,22795
11,22796
1,22797
9,22798
9,22799
11,22800
27,22801
18,22802
11,22803
11,22804
9,22805
5,22806
1,22807
9,22808
27,22809
30,22810
1,22811
27,22812
1,22813
27,22814
12,22815
23,22816
1,22817
27,22818
27,22819
9,22820
11,22821
22,22822
9,22823
1,22824
1,22825
23,22826
11,22827
27,22828
9,22829
19,22830
27,22831
5,22832
1,22833
11,22834
9,22835
11,22836
1,22837
11,22838
9,22839
21,22840
9,22841
9,22842
11,22843
11,22844
11,22845
9,22846
21,22847
11,22848
33,22849
12,22850
32,22851
1,22852
24,22853
11,22854
9,22855
9,22856
23,22857
27,22858
11,22859
9,22860
27,22861
9,22862
9,22863
11,22864
27,22865
2,22866
1,22867
1,22868
13,22869
9,22870
1,22871
28,22872
12,22873
11,22874
27,22875
9,22876
11,22877
27,22878
23,22879
4,22880
27,22881
27,22882
9,22883
1,22884
16,22885
1,22886
12,22887
11,22888
11,22889
9,22890
27,22891
9,22892
27,22893
27,22894
9,22895
9,22896
27,22897
11,22898
11,22899
11,22900
27,22901
9,22902
21,22903
11,22904
9,22905
27,22906
23,22907
19,22908
3,22909
9,22910
2,22911
13,22912
11,22913
9,22914
1,22915
23,22916
27,22917
9,22918
9,22919
36,22920
11,22921
9,22923
9,22923
9,22924
12,22925
11,22926
27,22927
9,22928
5,22929
11,22930
23,22931
11,22932
28,22933
3,22934
6,22935
3,22936
12,22937
9,22938
11,22939
24,22940
11,22941
27,22942
9,22943
11,22944
27,22945
3,22946
22,22947
1,22948
12,22949
27,22950
9,22951
1,22952
11,22953
23,22954
1,22955
11,22956
12,22957
7,22958
11,22959
27,22960
9,22961
11,22962
4,22963
23,22964
9,22965
11,22966
11,22967
11,22968
27,22969
11,22970
9,22971
1,22972
16,22973
11,22974
27,22975
27,22976
11,22977
27,22978
27,22979
9,22980
1,22981
27,22982
1,22983
9,22984
27,22985
23,22986
9,22987
27,22988
10,22989
11,22990
27,22991
19,22992
19,22993
19,22994
27,22995
11,22996
9,22997
27,22998
9,22999
11,23000
9,23001
30,23002
11,23003
11,23004
11,23005
5,23006
10,23007
27,23008
19,23009
9,23010
23,23011
27,23012
25,23013
19,23014
1,23015
1,23016
25,23017
27,23018
19,23019
1,23020
14,23021
27,23022
28,23023
1,23024
27,23025
5,23026
9,23027
11,23028
14,23029
28,23030
1,23031
1,23032
28,23033
11,23034
12,23035
11,23036
1,23037
11,23038
19,23039
23,23040
23,23041
11,23042
4,23043
7,23044
27,23045
11,23046
27,23047
11,23048
27,23049
9,23050
16,23051
27,23052
1,23053
1,23054
19,23055
19,23056
39,23057
11,23058
19,23059
11,23060
19,23061
4,23062
4,23063
27,23064
18,23065
27,23066
23,23067
27,23068
27,23069
23,23070
4,23071
20,23072
28,23073
11,23074
9,23075
4,23076
20,23077
23,23078
11,23079
1,23080
12,23081
27,23082
11,23083
9,23084
22,23085
19,23086
22,23087
1,23088
1,23089
1,23090
6,23091
7,23092
12,23093
9,23094
9,23095
11,23096
5,23097
27,23098
11,23099
1,23100
6,23101
19,23102
9,23103
11,23104
27,23105
11,23106
27,23107
9,23108
9,23109
11,23110
11,23111
9,23112
11,23113
9,23114
1,23115
24,23116
27,23117
19,23118
18,23119
11,23120
3,23121
27,23122
27,23123
1,23124
19,23125
19,23126
1,23127
1,23128
28,23129
1,23130
27,23131
16,23132
11,23133
19,23134
12,23135
1,23136
11,23137
9,23138
19,23139
11,23140
27,23141
26,23142
27,23143
12,23144
9,23145
19,23146
1,23147
20,23148
1,23149
28,23150
5,23151
1,23152
9,23153
27,23154
32,23155
4,23156
9,23157
11,23158
11,23159
9,23160
1,23161
16,23162
9,23163
11,23164
1,23165
9,23166
30,23167
5,23168
24,23169
25,23170
1,23171
27,23172
1,23173
27,23174
9,23175
17,23176
27,23177
19,23178
9,23179
27,23180
27,23181
12,23182
1,23183
26,23184
1,23185
1,23186
9,23187
27,23188
30,23189
11,23190
9,23191
1,23192
11,23193
11,23194
27,23195
23,23196
4,23197
4,23198
9,23199
27,23200
23,23201
27,23202
23,23203
7,23204
19,23205
9,23206
9,23207
1,23208
15,23209
5,23210
27,23211
9,23212
11,23213
19,23214
27,23215
27,23216
9,23217
9,23218
11,23219
12,23220
11,23221
23,23222
5,23223
13,23224
27,23225
12,23226
9,23227
11,23228
27,23229
23,23230
23,23231
9,23232
12,23233
9,23234
27,23235
9,23236
27,23237
18,23238
28,23239
1,23240
27,23241
19,23242
27,23243
11,23244
19,23245
23,23246
27,23247
12,23248
27,23249
11,23250
1,23251
6,23252
19,23253
19,23254
1,23255
11,23256
11,23257
20,23258
11,23259
27,23260
9,23261
11,23262
19,23263
11,23264
19,23265
1,23266
15,23267
11,23268
27,23269
23,23270
11,23271
1,23272
1,23273
27,23274
20,23275
1,23276
9,23277
23,23278
27,23279
1,23280
11,23281
9,23282
1,23283
27,23284
11,23285
27,23286
9,23287
19,23288
36,23289
32,23290
12,23291
23,23292
12,23293
19,23294
27,23296
27,23296
16,23297
19,23298
11,23299
9,23300
12,23301
32,23302
11,23303
27,23304
22,23305
9,23306
1,23307
27,23308
4,23309
27,23310
12,23311
27,23312
6,23313
9,23314
1,23315
12,23316
23,23317
1,23318
9,23319
11,23320
11,23321
1,23322
1,23323
1,23324
36,23325
1,23326
11,23327
12,23328
19,23329
27,23330
9,23331
9,23332
27,23333
11,23334
27,23335
11,23336
1,23337
11,23338
27,23339
9,23340
7,23341
9,23342
1,23343
11,23344
1,23345
23,23346
27,23347
9,23348
7,23349
26,23350
1,23351
25,23352
1,23353
1,23354
12,23355
27,23356
4,23357
6,23358
4,23359
18,23360
27,23361
27,23362
12,23363
27,23364
19,23365
27,23366
11,23367
19,23368
1,23369
11,23370
9,23371
11,23372
9,23373
19,23374
12,23375
9,23376
11,23377
19,23378
11,23379
1,23380
9,23381
11,23382
9,23383
1,23384
11,23385
32,23386
1,23387
1,23388
4,23389
8,23390
11,23391
9,23392
1,23393
11,23394
9,23395
11,23396
9,23397
21,23398
1,23399
11,23400
4,23401
3,23402
11,23403
4,23404
9,23405
1,23406
9,23407
11,23408
4,23409
11,23410
9,23411
11,23412
9,23413
27,23414
27,23415
9,23416
9,23417
9,23418
9,23419
11,23420
9,23421
27,23422
19,23423
11,23424
1,23425
27,23426
5,23427
21,23428
1,23429
36,23430
9,23431
7,23432
11,23433
11,23434
7,23435
16,23436
1,23437
22,23438
1,23439
4,23440
11,23441
19,23442
27,23443
22,23444
27,23445
19,23446
11,23447
1,23448
27,23449
19,23450
1,23451
1,23452
16,23453
27,23454
11,23455
27,23456
9,23457
4,23458
1,23459
23,23460
5,23461
12,23462
27,23463
14,23464
27,23465
1,23466
20,23467
1,23468
9,23469
11,23470
9,23471
19,23472
11,23473
4,23474
16,23475
19,23476
11,23477
27,23478
9,23479
11,23480
24,23481
21,23482
9,23483
27,23484
19,23485
27,23486
4,23487
27,23488
27,23489
23,23490
1,23491
11,23492
27,23493
9,23494
27,23495
1,23496
9,23497
23,23498
27,23499
9,23500
11,23501
11,23502
11,23503
1,23504
9,23505
11,23506
11,23507
11,23508
1,23509
9,23510
1,23511
19,23512
4,23513
9,23514
27,23515
19,23516
7,23517
9,23518
11,23519
23,23520
1,23521
12,23522
6,23523
12,23524
9,23525
6,23526
11,23527
27,23528
25,23529
12,23530
4,23531
9,23532
27,23533
27,23534
25,23535
27,23536
1,23537
19,23538
17,23539
27,23540
27,23541
12,23542
11,23543
23,23544
28,23545
4,23546
23,23547
9,23548
11,23549
1,23550
9,23551
3,23552
1,23553
16,23554
28,23555
9,23556
11,23557
9,23558
14,23559
21,23560
5,23561
29,23562
28,23563
9,23564
11,23565
1,23566
16,23567
1,23568
27,23569
9,23570
27,23571
1,23572
27,23573
8,23574
9,23575
12,23576
3,23577
11,23578
1,23579
5,23580
1,23581
3,23582
1,23583
1,23584
27,23585
11,23586
1,23587
9,23588
1,23589
19,23590
1,23591
27,23592
27,23593
9,23594
24,23595
27,23596
7,23597
9,23598
27,23599
9,23600
16,23601
27,23602
4,23603
5,23604
27,23605
1,23606
11,23607
3,23608
32,23609
19,23610
19,23611
23,23612
10,23613
27,23614
13,23615
19,23616
19,23617
9,23618
11,23619
27,23620
19,23621
1,23622
1,23623
9,23624
9,23625
11,23626
27,23627
1,23628
11,23629
19,23630
27,23631
11,23632
11,23633
5,23634
19,23635
11,23636
27,23637
27,23638
9,23639
1,23640
19,23641
11,23642
11,23643
9,23644
39,23645
27,23646
23,23647
9,23648
8,23649
9,23650
11,23651
1,23652
19,23653
27,23654
1,23655
22,23656
4,23657
1,23658
27,23659
9,23660
7,23661
11,23662
9,23663
27,23664
11,23665
11,23666
9,23667
5,23668
1,23669
9,23670
19,23671
13,23672
27,23673
2,23674
9,23675
19,23676
23,23677
9,23678
23,23679
27,23680
17,23681
9,23682
19,23683
25,23684
11,23685
27,23686
11,23687
9,23688
5,23689
19,23690
11,23691
9,23692
27,23693
9,23694
11,23695
11,23696
11,23697
9,23698
21,23699
1,23700
27,23701
11,23702
9,23703
27,23704
27,23705
16,23706
27,23707
9,23708
27,23709
13,23710
27,23711
23,23712
12,23713
27,23714
9,23715
12,23716
3,23717
11,23718
9,23719
11,23720
9,23721
27,23722
4,23723
1,23724
3,23725
9,23726
9,23727
27,23728
23,23729
11,23730
7,23731
1,23732
10,23733
11,23734
27,23735
27,23736
19,23737
9,23738
27,23739
23,23740
27,23741
23,23742
11,23743
9,23744
11,23745
11,23746
11,23747
19,23748
9,23749
16,23750
23,23751
27,23752
12,23753
12,23754
4,23755
9,23756
33,23757
1,23758
19,23759
27,23760
12,23761
1,23762
27,23763
19,23764
9,23765
27,23766
27,23767
27,23768
27,23769
19,23770
4,23771
11,23772
4,23773
16,23774
1,23775
23,23776
11,23777
9,23778
9,23779
27,23780
9,23781
11,23782
12,23783
9,23784
19,23785
27,23786
23,23787
18,23788
26,23789
27,23790
4,23791
27,23792
9,23793
1,23794
7,23795
25,23796
27,23797
15,23798
27,23799
9,23800
11,23801
25,23802
27,23803
12,23804
27,23805
12,23806
19,23807
25,23808
27,23809
9,23810
9,23811
11,23812
6,23813
6,23814
27,23815
1,23816
12,23817
12,23818
27,23819
9,23820
11,23821
27,23822
9,23823
6,23824
19,23825
27,23826
12,23827
6,23828
27,23829
5,23830
1,23831
11,23832
27,23833
9,23834
21,23835
27,23836
11,23837
19,23838
9,23839
27,23840
23,23841
7,23842
25,23843
27,23844
6,23845
27,23846
23,23847
9,23848
9,23849
27,23850
11,23851
9,23852
19,23853
1,23854
4,23855
1,23856
3,23857
1,23858
9,23859
9,23860
27,23861
19,23862
27,23863
11,23864
11,23865
11,23866
1,23867
11,23868
27,23869
9,23870
1,23871
28,23872
27,23873
27,23874
19,23875
4,23876
28,23877
27,23878
11,23879
25,23880
1,23881
27,23882
1,23883
12,23884
12,23885
27,23886
23,23887
6,23888
11,23889
23,23890
4,23891
9,23892
5,23893
1,23894
9,23895
11,23896
1,23897
3,23898
27,23899
12,23900
4,23901
19,23902
1,23903
27,23904
1,23905
1,23906
27,23907
1,23908
27,23909
1,23910
1,23911
4,23912
5,23913
27,23914
23,23915
1,23916
1,23917
1,23918
27,23919
1,23920
19,23921
11,23922
9,23923
21,23924
11,23925
19,23926
27,23927
9,23928
9,23929
1,23930
1,23931
27,23932
4,23933
17,23934
12,23935
1,23936
27,23937
23,23938
27,23939
19,23940
29,23941
5,23942
25,23943
11,23944
12,23945
9,23946
21,23947
3,23948
1,23949
27,23950
19,23951
11,23952
12,23953
4,23954
9,23955
19,23956
27,23957
11,23958
27,23959
3,23960
1,23961
9,23962
9,23963
10,23964
27,23965
11,23966
9,23967
25,23968
27,23969
1,23970
9,23971
11,23972
11,23973
23,23974
1,23975
9,23976
27,23977
27,23978
3,23979
22,23980
5,23981
28,23982
19,23983
27,23984
3,23985
5,23986
1,23987
11,23988
3,23989
9,23990
1,23991
11,23992
6,23993
27,23994
16,23995
19,23996
12,23997
11,23998
19,23999
23,24000
4,24001
19,24002
5,24003
1,24004
6,24005
11,24006
9,24007
11,24008
27,24009
1,24010
11,24011
9,24012
11,24013
1,24014
1,24015
12,24016
12,24017
15,24018
29,24019
9,24020
27,24021
3,24022
12,24023
8,24024
1,24025
19,24026
1,24027
19,24028
19,24029
19,24030
1,24031
11,24032
27,24033
11,24034
9,24035
27,24036
7,24037
1,24038
12,24039
1,24040
11,24041
27,24042
28,24043
23,24044
3,24045
25,24046
27,24047
19,24048
1,24049
1,24050
4,24051
26,24052
12,24053
19,24054
25,24055
11,24056
27,24057
1,24058
27,24059
12,24060
11,24061
3,24062
25,24063
11,24064
9,24065
9,24066
29,24067
11,24068
6,24069
12,24070
11,24071
1,24072
12,24073
20,24074
27,24075
19,24076
12,24077
5,24078
4,24079
25,24080
27,24081
1,24082
4,24083
4,24084
1,24085
27,24086
1,24087
9,24088
11,24089
27,24090
11,24091
27,24092
28,24093
4,24094
12,24095
11,24096
23,24097
5,24098
15,24099
1,24100
27,24101
23,24102
1,24103
1,24104
19,24105
9,24106
27,24107
5,24108
1,24109
27,24110
27,24111
12,24112
26,24113
27,24114
12,24115
25,24116
27,24117
19,24118
1,24119
12,24120
11,24121
27,24122
9,24123
27,24124
23,24125
27,24126
4,24127
19,24128
27,24129
5,24130
1,24131
11,24132
23,24133
27,24134
25,24135
27,24136
11,24137
1,24138
27,24139
1,24140
27,24141
9,24142
1,24143
12,24144
11,24145
6,24146
1,24147
1,24148
6,24149
11,24150
5,24151
12,24152
7,24153
11,24154
5,24155
1,24156
1,24157
12,24158
11,24159
1,24160
9,24161
12,24162
11,24163
3,24164
27,24165
23,24166
4,24167
5,24168
1,24169
1,24170
3,24171
11,24172
21,24173
19,24174
27,24175
9,24176
28,24177
27,24178
19,24179
9,24180
23,24181
9,24182
9,24183
5,24184
3,24185
11,24186
27,24187
9,24188
11,24189
27,24190
11,24191
1,24192
15,24193
9,24194
1,24195
11,24196
9,24197
11,24198
14,24199
9,24200
7,24201
12,24202
1,24203
1,24204
27,24205
23,24206
1,24207
12,24208
1,24209
27,24210
27,24211
9,24212
4,24213
9,24214
12,24215
27,24216
27,24217
11,24218
9,24219
9,24220
1,24221
28,24222
16,24223
11,24224
27,24225
9,24226
11,24227
11,24228
5,24229
1,24230
32,24231
19,24232
11,24233
28,24234
27,24235
9,24236
15,24237
1,24238
1,24239
16,24240
1,24241
3,24242
27,24243
7,24244
19,24245
1,24246
11,24247
9,24248
11,24249
27,24250
12,24251
9,24252
11,24253
27,24254
11,24255
16,24256
1,24257
1,24258
27,24259
1,24260
1,24261
11,24262
27,24263
9,24264
9,24265
36,24266
27,24267
9,24268
24,24269
9,24270
11,24271
19,24272
27,24273
1,24274
21,24275
1,24276
1,24277
12,24278
1,24279
11,24280
27,24281
9,24282
4,24283
27,24284
11,24285
9,24286
11,24287
9,24288
11,24289
9,24290
11,24291
1,24292
9,24293
11,24294
11,24295
9,24296
21,24297
11,24298
9,24299
12,24300
27,24301
19,24302
11,24303
1,24304
16,24305
27,24306
27,24307
9,24308
27,24309
7,24310
9,24311
1,24312
11,24313
9,24314
3,24315
1,24316
17,24317
5,24318
12,24319
11,24320
11,24321
27,24322
9,24323
11,24324
19,24325
9,24326
1,24327
29,24328
5,24329
19,24330
6,24331
11,24332
9,24333
15,24334
11,24335
23,24336
28,24337
27,24338
11,24339
4,24340
5,24341
1,24342
21,24343
9,24344
4,24345
21,24346
1,24347
27,24348
12,24349
7,24350
12,24351
27,24352
11,24353
4,24354
1,24355
4,24356
4,24357
1,24358
11,24359
4,24360
1,24361
15,24362
11,24363
6,24364
9,24365
27,24366
11,24367
23,24368
1,24369
9,24370
27,24371
9,24372
21,24373
23,24374
9,24375
11,24376
33,24377
4,24378
1,24379
1,24380
11,24381
19,24382
1,24383
27,24384
12,24385
3,24386
1,24387
11,24388
27,24389
9,24390
27,24391
1,24392
11,24393
12,24394
12,24395
11,24396
23,24397
27,24398
9,24399
1,24400
9,24401
1,24402
12,24403
25,24404
27,24405
12,24406
27,24407
12,24408
5,24409
9,24410
12,24411
28,24412
12,24413
9,24414
5,24415
1,24416
1,24417
27,24418
9,24419
19,24420
20,24421
26,24422
1,24423
1,24424
25,24425
18,24426
1,24427
27,24428
15,24429
12,24430
11,24431
12,24432
11,24433
12,24434
27,24435
9,24436
11,24437
5,24438
12,24439
11,24440
12,24441
11,24442
12,24443
9,24444
9,24445
11,24446
23,24447
12,24448
11,24449
27,24450
9,24451
11,24452
5,24453
9,24454
5,24455
27,24456
9,24457
11,24458
15,24459
9,24460
23,24461
27,24462
13,24463
27,24464
1,24465
11,24466
9,24467
23,24468
1,24469
1,24470
1,24471
21,24472
27,24473
11,24474
19,24475
39,24476
19,24477
1,24478
27,24479
9,24480
27,24481
9,24482
19,24483
27,24484
5,24485
25,24486
5,24487
1,24488
11,24489
25,24490
9,24491
1,24492
1,24493
9,24494
16,24495
27,24496
27,24497
9,24498
12,24499
9,24500
27,24501
11,24502
5,24503
19,24504
27,24505
11,24506
27,24507
9,24508
1,24509
27,24510
1,24511
1,24512
9,24513
27,24514
19,24515
11,24516
7,24517
3,24518
1,24519
27,24520
1,24521
7,24522
19,24523
4,24524
9,24525
27,24526
5,24527
4,24528
20,24529
24,24530
29,24531
11,24532
1,24533
4,24534
1,24535
27,24536
27,24537
1,24538
18,24539
11,24540
18,24541
28,24542
12,24543
1,24544
1,24545
12,24546
19,24547
7,24548
4,24549
19,24550
3,24551
16,24552
19,24553
12,24554
18,24555
15,24556
27,24557
9,24558
3,24559
1,24560
15,24561
1,24562
20,24563
25,24564
19,24565
1,24566
25,24567
1,24568
9,24569
22,24570
9,24571
27,24572
9,24573
1,24574
28,24575
17,24576
11,24577
19,24578
12,24579
9,24580
27,24581
27,24582
23,24583
11,24584
9,24585
27,24586
23,24587
27,24588
9,24589
21,24590
16,24591
12,24592
1,24593
1,24594
27,24595
16,24596
11,24597
9,24598
11,24599
9,24600
1,24601
1,24602
12,24603
1,24604
1,24605
28,24606
27,24607
11,24608
19,24609
29,24610
27,24611
1,24612
1,24613
20,24614
15,24615
11,24616
1,24617
27,24618
9,24619
27,24620
9,24621
27,24622
9,24623
11,24624
28,24625
19,24626
1,24627
11,24628
9,24629
27,24630
21,24631
6,24632
19,24633
27,24634
11,24635
9,24636
11,24637
1,24638
11,24639
27,24640
11,24641
9,24642
19,24643
1,24644
19,24645
27,24646
9,24647
27,24648
9,24649
11,24650
11,24651
36,24652
9,24653
7,24654
27,24655
11,24656
9,24657
11,24658
3,24659
1,24660
12,24661
11,24662
27,24663
23,24664
8,24665
1,24666
15,24667
9,24668
27,24669
11,24670
9,24671
9,24672
27,24673
3,24674
11,24675
36,24676
3,24677
9,24678
19,24679
5,24680
1,24681
7,24682
9,24683
27,24684
28,24685
1,24686
27,24687
9,24688
27,24689
23,24690
3,24691
12,24692
1,24693
15,24694
1,24695
25,24696
27,24697
1,24698
1,24699
18,24700
27,24701
9,24702
15,24703
30,24704
9,24705
5,24706
1,24707
12,24708
16,24709
4,24710
9,24711
27,24712
19,24713
19,24714
27,24715
11,24716
27,24717
9,24718
27,24719
11,24720
1,24721
4,24722
9,24723
1,24724
27,24725
5,24726
24,24727
27,24728
11,24729
11,24730
9,24731
1,24732
11,24733
27,24734
23,24735
19,24736
27,24737
5,24738
19,24739
27,24740
9,24741
9,24742
27,24743
23,24744
4,24745
9,24746
9,24747
27,24748
9,24749
11,24750
23,24751
27,24752
13,24753
11,24754
27,24755
19,24756
12,24757
27,24758
28,24759
1,24760
11,24761
9,24762
1,24763
9,24764
11,24765
27,24766
12,24767
23,24768
15,24769
5,24770
27,24771
11,24772
19,24773
4,24774
9,24775
14,24776
11,24777
27,24778
25,24779
27,24780
27,24781
29,24782
27,24783
12,24784
25,24785
12,24786
3,24787
12,24788
15,24789
1,24790
9,24791
1,24792
28,24793
27,24794
11,24795
5,24796
27,24797
19,24798
27,24799
19,24800
23,24801
9,24802
19,24803
4,24804
11,24805
9,24806
11,24807
9,24808
11,24809
1,24810
27,24811
9,24812
27,24813
1,24814
25,24815
27,24816
1,24817
9,24818
4,24819
9,24820
36,24821
27,24822
27,24823
9,24824
27,24825
1,24826
11,24827
27,24828
9,24829
1,24830
12,24831
1,24832
3,24833
19,24834
27,24835
27,24836
19,24837
11,24838
27,24839
9,24840
11,24841
27,24842
11,24843
27,24844
9,24845
23,24846
4,24847
27,24848
11,24849
4,24850
19,24851
28,24852
1,24853
27,24854
1,24855
27,24856
4,24857
4,24858
4,24859
15,24860
9,24861
11,24862
27,24863
11,24864
4,24865
1,24866
27,24867
4,24868
1,24869
11,24870
9,24871
7,24872
11,24873
28,24874
1,24875
12,24876
11,24877
27,24878
9,24879
23,24880
4,24881
16,24882
9,24883
9,24884
11,24885
27,24886
11,24887
1,24888
1,24889
27,24890
1,24891
11,24892
12,24893
11,24894
27,24895
9,24896
15,24897
1,24898
19,24899
25,24900
1,24901
1,24902
11,24903
1,24904
36,24905
1,24906
1,24907
23,24908
9,24909
11,24910
27,24911
19,24912
9,24913
9,24914
27,24915
1,24916
1,24917
36,24918
9,24919
9,24920
11,24921
1,24922
27,24923
1,24924
27,24925
9,24926
9,24927
9,24928
4,24929
1,24930
9,24931
9,24932
11,24933
39,24934
23,24935
1,24936
12,24937
11,24938
27,24939
9,24940
11,24941
27,24942
9,24943
27,24944
9,24945
19,24946
9,24947
27,24948
19,24949
15,24950
11,24951
27,24952
9,24953
7,24954
1,24955
11,24956
11,24957
9,24958
11,24959
9,24960
9,24961
9,24962
9,24963
11,24964
9,24965
27,24966
23,24967
9,24968
21,24969
1,24970
27,24971
9,24972
4,24973
11,24974
9,24975
27,24976
9,24977
11,24978
27,24979
9,24980
11,24981
9,24982
27,24983
11,24984
27,24985
9,24986
11,24987
9,24988
9,24989
27,24990
11,24991
9,24992
9,24993
1,24994
11,24995
27,24996
23,24997
9,24998
27,24999
9,25000
11,25001
27,25002
21,25003
11,25004
9,25005
12,25006
9,25007
27,25008
9,25009
9,25010
11,25011
9,25012
9,25013
11,25014
9,25015
9,25016
27,25017
11,25018
27,25019
9,25020
11,25021
11,25022
27,25023
9,25024
11,25025
11,25026
9,25027
11,25028
11,25029
9,25030
1,25031
9,25032
27,25033
9,25034
27,25035
9,25036
9,25037
4,25038
3,25039
9,25040
11,25041
27,25042
7,25043
1,25044
27,25045
27,25046
9,25047
9,25048
3,25049
27,25050
3,25051
19,25052
27,25053
11,25054
9,25055
19,25056
27,25057
28,25058
27,25059
9,25060
9,25061
9,25062
9,25063
9,25064
9,25065
27,25066
11,25067
9,25068
9,25069
27,25070
11,25071
9,25072
11,25073
9,25074
9,25075
9,25076
9,25077
9,25078
27,25079
9,25080
16,25081
9,25082
11,25083
9,25084
11,25085
27,25086
9,25087
11,25088
11,25089
9,25090
9,25091
9,25092
9,25093
7,25094
9,25095
11,25096
19,25097
11,25098
9,25099
9,25100
11,25101
11,25102
9,25103
11,25104
9,25105
11,25106
11,25107
9,25108
21,25109
1,25110
11,25111
9,25112
9,25113
1,25114
11,25115
9,25116
9,25117
11,25118
9,25119
11,25120
27,25121
9,25122
9,25123
9,25124
9,25125
27,25126
9,25127
9,25128
9,25129
27,25130
11,25131
27,25132
9,25133
9,25134
11,25135
9,25136
11,25137
12,25138
23,25139
27,25140
9,25141
9,25142
1,25143
27,25144
23,25145
9,25146
9,25147
27,25148
9,25149
27,25150
27,25151
9,25152
11,25153
9,25154
11,25155
9,25156
9,25157
27,25158
9,25159
9,25160
27,25161
12,25162
1,25163
27,25164
1,25165
11,25166
19,25167
27,25168
9,25169
27,25170
9,25171
9,25172
11,25173
27,25174
9,25175
27,25176
9,25177
6,25178
19,25179
27,25180
9,25181
9,25182
9,25183
9,25184
27,25185
9,25186
9,25187
27,25188
9,25189
9,25190
9,25191
9,25192
11,25193
27,25194
9,25195
9,25196
23,25197
9,25198
27,25199
9,25200
27,25201
11,25202
9,25203
9,25204
11,25205
9,25206
11,25207
9,25208
11,25209
11,25210
9,25211
9,25212
11,25213
11,25214
27,25215
4,25216
9,25217
27,25218
11,25219
9,25220
9,25221
9,25222
27,25223
11,25224
19,25225
9,25226
1,25227
11,25228
27,25229
9,25230
11,25231
9,25232
11,25233
12,25234
16,25235
25,25236
27,25237
1,25238
23,25239
27,25240
27,25241
9,25242
9,25243
27,25244
27,25245
9,25246
9,25247
27,25248
12,25249
1,25250
1,25251
11,25252
11,25253
11,25254
9,25255
27,25256
9,25257
6,25258
9,25259
11,25260
3,25261
1,25262
4,25263
1,25264
6,25265
1,25266
1,25267
1,25268
6,25269
7,25270
1,25271
9,25272
11,25273
23,25274
27,25275
23,25276
9,25277
9,25278
9,25279
27,25280
9,25281
9,25282
9,25283
12,25284
11,25285
27,25286
9,25287
11,25288
11,25289
11,25290
12,25291
27,25292
27,25293
9,25294
9,25295
9,25296
27,25297
11,25298
9,25299
11,25300
9,25301
27,25302
9,25303
11,25304
11,25305
9,25306
9,25307
9,25308
11,25309
27,25310
9,25311
11,25312
1,25313
27,25314
9,25315
27,25316
9,25317
11,25318
9,25319
1,25320
27,25321
9,25322
11,25323
9,25324
11,25325
11,25326
27,25327
11,25328
9,25329
27,25330
9,25331
11,25332
11,25333
27,25334
19,25335
27,25336
9,25337
9,25338
22,25339
9,25340
9,25341
11,25342
11,25343
27,25344
9,25345
9,25346
11,25347
9,25348
21,25349
11,25350
5,25351
27,25352
9,25353
11,25354
11,25355
11,25356
27,25357
9,25358
9,25359
11,25360
9,25361
3,25362
3,25363
27,25364
27,25365
12,25366
12,25367
11,25368
1,25369
27,25370
26,25371
27,25372
12,25373
9,25374
27,25375
27,25376
9,25377
9,25378
9,25379
27,25380
9,25381
11,25382
27,25383
9,25384
9,25385
21,25386
11,25387
11,25388
9,25389
1,25390
27,25391
23,25392
11,25393
27,25394
9,25395
27,25396
23,25397
11,25398
27,25399
9,25400
11,25401
9,25402
1,25403
11,25404
9,25405
11,25406
27,25407
9,25408
27,25409
9,25410
9,25411
9,25412
27,25413
9,25414
27,25415
9,25416
27,25417
9,25418
23,25419
27,25420
11,25421
9,25422
9,25423
11,25424
9,25425
11,25426
27,25427
27,25428
9,25429
11,25430
9,25431
27,25432
9,25433
11,25434
9,25435
9,25444
11,25437
9,25438
9,25439
9,25440
9,25441
9,25442
11,25443
9,25444
9,25445
27,25446
9,25447
11,25448
27,25449
9,25450
9,25451
11,25452
11,25453
9,25454
9,25455
11,25456
9,25457
27,25458
9,25459
27,25460
23,25461
11,25462
11,25463
9,25464
27,25465
9,25466
11,25467
11,25468
9,25469
11,25470
9,25471
27,25472
9,25473
9,25474
11,25475
27,25476
9,25477
27,25478
9,25479
11,25480
9,25481
27,25482
23,25483
11,25484
9,25485
9,25486
11,25487
9,25488
9,25489
9,25490
11,25491
9,25492
11,25493
9,25494
11,25495
9,25496
9,25497
9,25498
9,25499
11,25500
11,25501
9,25502
11,25503
9,25504
9,25505
11,25506
27,25507
9,25508
9,25509
11,25510
11,25511
27,25512
27,25513
9,25514
11,25515
11,25516
27,25517
9,25518
9,25519
1,25520
11,25521
9,25522
11,25523
9,25524
11,25525
27,25526
9,25527
9,25528
11,25529
9,25530
8,25531
11,25532
9,25533
9,25534
9,25535
9,25536
27,25537
11,25538
16,25539
11,25540
27,25541
12,25542
9,25543
11,25544
27,25545
9,25546
9,25547
9,25548
11,25549
27,25550
9,25551
6,25552
11,25553
9,25554
9,25555
11,25556
27,25557
9,25558
11,25559
9,25560
9,25561
11,25562
11,25563
27,25564
9,25565
11,25566
27,25567
9,25568
9,25569
9,25570
9,25571
8,25572
11,25573
9,25574
9,25575
11,25576
9,25577
1,25578
11,25579
27,25580
9,25581
27,25582
23,25583
9,25584
27,25585
9,25586
9,25587
21,25588
1,25589
11,25590
27,25591
9,25592
11,25593
9,25594
27,25595
9,25596
11,25597
11,25598
27,25599
9,25600
11,25601
27,25602
9,25603
9,25604
28,25605
9,25606
9,25607
9,25608
11,25609
23,25610
27,25611
27,25612
9,25613
11,25614
11,25615
1,25616
9,25617
11,25618
11,25619
27,25620
9,25621
27,25622
9,25623
9,25624
9,25625
27,25626
23,25627
9,25628
9,25629
11,25630
9,25631
11,25632
27,25633
9,25634
9,25635
9,25636
11,25637
12,25638
27,25639
11,25640
11,25641
27,25642
9,25643
9,25644
27,25645
27,25646
11,25647
27,25648
11,25649
11,25650
11,25651
27,25652
9,25653
1,25654
11,25655
9,25656
11,25657
27,25658
11,25659
27,25660
9,25661
11,25662
11,25663
7,25664
9,25665
1,25666
28,25667
27,25668
11,25669
30,25670
11,25671
27,25672
1,25673
27,25674
19,25675
9,25676
12,25677
27,25678
9,25679
27,25680
11,25681
9,25682
11,25683
11,25684
27,25685
27,25686
9,25687
9,25688
27,25689
5,25690
1,25691
1,25692
1,25693
12,25694
11,25695
19,25696
16,25697
11,25698
27,25699
9,25700
36,25701
23,25702
9,25703
27,25704
9,25705
7,25706
1,25707
27,25708
11,25709
4,25710
12,25711
9,25712
27,25713
27,25714
9,25715
9,25716
27,25717
27,25718
11,25719
27,25720
9,25721
11,25722
27,25723
9,25724
9,25725
9,25726
11,25727
9,25728
27,25729
9,25730
12,25731
9,25732
27,25733
27,25734
9,25735
27,25736
11,25737
9,25738
27,25739
9,25740
11,25741
27,25742
9,25743
9,25744
27,25745
19,25746
9,25747
19,25748
9,25749
27,25750
27,25751
27,25752
11,25753
27,25754
7,25755
1,25756
25,25757
11,25758
9,25759
1,25760
27,25761
9,25762
11,25763
11,25764
27,25765
9,25766
11,25767
1,25768
9,25769
27,25770
12,25771
3,25772
3,25773
27,25774
4,25775
27,25776
12,25777
1,25778
6,25779
24,25780
1,25781
28,25782
12,25783
9,25784
27,25785
19,25786
12,25787
9,25788
3,25789
1,25790
11,25791
19,25792
5,25793
1,25794
7,25795
15,25796
11,25797
5,25798
9,25799
11,25800
19,25801
1,25802
27,25803
1,25804
11,25805
9,25806
27,25807
3,25808
12,25809
19,25810
25,25811
1,25812
11,25813
12,25814
1,25815
11,25816
1,25817
11,25818
30,25819
1,25820
27,25821
9,25822
27,25823
23,25824
11,25825
11,25826
1,25827
27,25828
1,25829
3,25830
27,25831
7,25832
21,25833
1,25834
11,25835
27,25836
23,25837
1,25838
4,25839
19,25840
27,25841
12,25842
16,25843
11,25844
27,25845
1,25846
9,25847
21,25848
11,25849
22,25850
27,25851
9,25852
27,25853
25,25854
24,25855
9,25856
11,25857
11,25858
19,25859
19,25860
1,25861
16,25862
27,25863
27,25864
9,25865
9,25866
11,25867
19,25868
9,25869
27,25870
27,25871
12,25872
11,25873
11,25874
4,25875
3,25876
12,25877
3,25878
11,25879
11,25880
11,25881
12,25882
23,25883
12,25884
22,25885
19,25886
9,25887
1,25888
5,25889
27,25890
22,25891
11,25892
1,25893
9,25894
27,25895
4,25896
27,25897
25,25898
13,25899
11,25900
9,25901
19,25902
21,25903
24,25904
11,25905
1,25906
27,25907
12,25908
12,25909
9,25910
11,25911
23,25912
3,25913
27,25914
27,25915
7,25916
1,25917
27,25918
11,25919
1,25920
14,25921
6,25922
27,25923
11,25924
9,25925
27,25926
23,25927
4,25928
22,25929
12,25930
9,25931
27,25932
8,25933
5,25934
16,25935
32,25936
22,25937
1,25938
6,25939
1,25940
28,25941
27,25942
11,25943
16,25944
27,25945
11,25946
23,25947
11,25948
3,25949
1,25950
19,25951
14,25952
3,25953
11,25954
27,25955
7,25956
12,25957
11,25958
19,25959
9,25960
27,25961
5,25962
12,25963
11,25964
9,25965
27,25966
9,25967
28,25968
17,25969
30,25970
27,25971
19,25972
3,25973
1,25974
11,25975
9,25976
11,25977
23,25978
28,25979
9,25980
12,25981
9,25982
32,25983
11,25984
23,25985
1,25986
12,25987
33,25988
27,25989
9,25990
19,25991
12,25992
12,25993
1,25994
4,25995
27,25996
28,25997
1,25998
4,25999
9,26000
11,26001
5,26002
27,26003
12,26004
1,26005
1,26006
1,26007
27,26008
9,26009
7,26010
1,26011
1,26012
27,26013
1,26014
11,26015
28,26016
1,26017
3,26018
1,26019
27,26020
33,26021
11,26022
4,26023
9,26024
1,26025
11,26026
5,26027
1,26028
12,26029
11,26030
19,26031
27,26032
12,26033
19,26034
9,26035
27,26036
23,26037
27,26038
9,26039
11,26040
22,26041
22,26042
9,26043
9,26044
23,26045
27,26046
11,26047
9,26048
9,26049
12,26050
11,26051
9,26052
11,26053
5,26054
5,26055
1,26056
9,26057
1,26058
12,26059
1,26060
4,26061
5,26062
1,26063
1,26064
1,26065
20,26066
12,26067
1,26068
12,26069
21,26070
1,26071
11,26072
12,26073
6,26074
1,26075
9,26076
27,26077
23,26078
12,26079
12,26080
27,26081
1,26082
19,26083
4,26084
11,26085
10,26086
11,26087
27,26088
9,26089
9,26090
9,26091
28,26092
28,26093
1,26094
1,26095
27,26096
1,26097
28,26098
27,26099
11,26100
7,26101
11,26102
12,26103
27,26104
9,26105
27,26106
11,26107
22,26108
1,26109
11,26110
9,26111
11,26112
27,26113
7,26114
1,26115
19,26116
1,26117
1,26118
1,26119
1,26120
4,26121
1,26122
11,26123
13,26124
15,26125
11,26126
1,26127
9,26128
27,26129
11,26130
1,26131
3,26132
3,26133
32,26134
27,26135
1,26136
11,26137
12,26138
28,26139
27,26140
1,26141
12,26142
7,26143
32,26144
1,26145
1,26146
36,26147
23,26148
27,26149
6,26150
22,26151
27,26152
11,26153
9,26154
22,26155
11,26156
12,26157
9,26158
11,26159
9,26160
11,26161
27,26162
9,26163
9,26164
9,26165
15,26166
27,26167
23,26168
28,26169
27,26170
1,26171
27,26172
1,26173
1,26174
33,26175
27,26176
11,26177
19,26178
11,26179
15,26180
16,26181
16,26182
27,26183
9,26184
16,26185
27,26186
11,26187
1,26188
12,26189
11,26190
9,26191
11,26192
23,26193
9,26194
11,26195
19,26196
23,26197
1,26198
19,26199
19,26200
28,26201
27,26202
11,26203
9,26204
4,26205
1,26206
27,26207
12,26208
4,26209
9,26210
27,26211
27,26212
19,26213
1,26214
9,26215
1,26216
11,26217
1,26218
27,26219
11,26220
11,26221
27,26222
1,26223
8,26224
9,26225
1,26226
9,26227
11,26228
1,26229
11,26230
27,26231
9,26232
1,26233
1,26234
12,26235
23,26236
9,26237
11,26238
1,26239
27,26240
9,26241
1,26242
4,26243
27,26244
19,26245
1,26246
12,26247
9,26248
19,26249
9,26250
27,26251
9,26252
9,26253
9,26254
9,26255
27,26256
23,26257
9,26258
12,26259
19,26260
12,26261
19,26262
9,26263
9,26264
9,26265
11,26266
1,26267
27,26268
25,26269
9,26270
11,26271
11,26272
4,26273
19,26274
11,26275
19,26276
9,26277
11,26278
21,26279
12,26280
19,26281
27,26282
9,26283
19,26284
11,26285
9,26286
9,26287
1,26288
9,26289
9,26290
9,26291
27,26292
11,26293
19,26294
27,26295
11,26296
28,26297
11,26298
9,26299
27,26300
21,26301
1,26302
1,26303
27,26304
28,26305
30,26306
11,26307
19,26308
6,26309
5,26310
22,26311
27,26312
19,26313
9,26314
27,26315
22,26316
11,26317
1,26318
9,26319
27,26320
11,26321
19,26322
27,26323
11,26324
1,26325
11,26326
19,26327
27,26328
4,26329
11,26330
27,26331
11,26332
12,26333
1,26334
4,26335
19,26336
19,26337
3,26338
1,26339
1,26340
11,26341
23,26342
11,26343
9,26344
27,26345
9,26346
1,26347
1,26348
1,26349
25,26350
11,26351
7,26352
1,26353
1,26354
27,26355
1,26356
27,26357
9,26358
7,26359
9,26360
27,26361
23,26362
1,26363
21,26364
27,26365
4,26366
4,26367
24,26368
9,26369
27,26370
11,26371
9,26372
3,26373
11,26374
28,26375
36,26376
1,26377
1,26378
19,26379
27,26380
9,26381
27,26382
11,26383
25,26384
21,26385
18,26386
27,26387
1,26388
24,26389
9,26390
1,26391
1,26392
1,26393
27,26394
19,26395
4,26396
19,26397
28,26398
1,26399
1,26400
27,26401
19,26402
9,26403
24,26404
9,26405
9,26406
9,26407
4,26408
9,26409
9,26410
39,26411
11,26412
22,26413
9,26414
22,26415
16,26416
19,26417
11,26418
9,26419
9,26420
24,26421
19,26422
23,26423
19,26424
27,26425
1,26426
1,26427
27,26428
23,26429
9,26430
1,26431
9,26432
23,26433
27,26434
11,26435
1,26436
27,26437
24,26438
28,26439
9,26440
11,26441
7,26442
9,26443
23,26444
27,26445
11,26446
1,26447
9,26448
21,26449
1,26450
9,26451
11,26452
27,26453
19,26454
11,26455
27,26456
12,26457
19,26458
1,26459
27,26460
9,26461
1,26462
11,26463
9,26464
1,26465
27,26466
27,26467
24,26468
27,26469
12,26470
1,26471
19,26472
27,26473
27,26474
19,26475
11,26476
2,26477
20,26478
9,26479
9,26480
11,26481
27,26482
1,26483
1,26484
27,26485
9,26486
1,26487
12,26488
10,26489
27,26490
9,26491
9,26492
11,26493
9,26494
19,26495
9,26496
27,26497
9,26498
11,26499
9,26500
11,26501
21,26502
9,26503
20,26504
30,26505
11,26506
27,26507
9,26508
9,26509
9,26510
11,26511
9,26512
27,26513
11,26514
9,26515
11,26516
11,26517
9,26518
19,26519
11,26520
9,26521
21,26522
16,26523
9,26524
23,26525
27,26526
9,26527
9,26528
1,26529
9,26530
9,26531
9,26532
9,26533
11,26534
1,26535
1,26536
27,26537
20,26538
9,26539
11,26540
9,26541
27,26542
23,26543
19,26544
9,26545
9,26546
19,26547
9,26548
9,26549
19,26550
27,26551
23,26552
9,26553
11,26554
9,26555
15,26556
1,26557
11,26558
27,26559
3,26560
9,26561
9,26562
9,26563
9,26564
11,26565
9,26566
9,26567
9,26568
27,26569
9,26570
9,26571
9,26572
11,26573
27,26574
9,26575
27,26576
9,26577
27,26578
9,26579
9,26580
27,26581
27,26582
9,26583
11,26584
11,26585
10,26586
27,26587
9,26588
9,26589
11,26590
9,26591
11,26592
27,26593
9,26594
11,26595
11,26596
9,26597
10,26598
11,26599
9,26600
27,26601
9,26602
27,26603
11,26604
9,26605
11,26606
9,26607
9,26608
11,26609
27,26610
9,26611
9,26612
9,26613
11,26614
9,26615
11,26616
9,26617
27,26618
9,26619
7,26620
1,26621
11,26622
9,26623
9,26624
9,26625
9,26626
27,26627
9,26628
27,26629
9,26630
27,26631
9,26632
1,26633
11,26634
11,26635
9,26636
1,26637
27,26638
11,26639
27,26640
9,26641
9,26642
27,26643
9,26644
9,26645
27,26646
27,26647
9,26648
27,26649
7,26650
1,26651
27,26652
11,26653
27,26654
9,26655
9,26656
11,26657
9,26658
9,26659
9,26660
9,26661
11,26662
27,26663
27,26664
9,26665
9,26666
1,26667
9,26668
9,26669
9,26670
11,26671
9,26672
9,26673
9,26674
11,26675
11,26676
11,26677
9,26678
11,26679
27,26680
9,26681
27,26682
11,26683
27,26684
9,26685
9,26686
9,26687
16,26688
11,26689
27,26690
9,26691
11,26692
9,26693
11,26694
9,26695
27,26696
23,26697
9,26698
27,26699
9,26700
27,26701
9,26702
9,26703
9,26704
27,26705
27,26706
9,26707
27,26708
9,26709
27,26710
9,26711
9,26712
14,26713
9,26714
11,26715
9,26716
11,26717
11,26718
11,26719
11,26720
9,26721
7,26722
11,26723
11,26724
9,26725
21,26726
11,26727
27,26728
27,26729
9,26730
11,26731
1,26732
9,26733
27,26734
1,26735
27,26736
11,26737
9,26738
16,26739
11,26740
9,26741
11,26742
11,26743
9,26744
11,26745
11,26746
11,26747
9,26748
11,26749
27,26750
9,26751
9,26752
9,26753
9,26754
11,26755
11,26756
27,26757
11,26758
9,26759
9,26760
9,26761
9,26762
27,26763
27,26764
23,26765
27,26766
9,26767
27,26768
9,26769
11,26770
9,26771
9,26772
9,26773
9,26774
9,26775
11,26776
1,26777
11,26778
9,26779
27,26780
9,26781
9,26782
9,26783
11,26784
23,26785
9,26786
27,26787
27,26788
9,26789
11,26790
9,26791
11,26792
9,26793
11,26794
27,26795
9,26796
21,26797
11,26798
9,26799
21,26800
11,26801
9,26802
27,26803
9,26804
27,26805
1,26806
27,26807
9,26808
9,26809
9,26810
11,26811
11,26812
27,26813
9,26814
9,26815
27,26816
9,26817
11,26818
11,26819
9,26820
1,26821
9,26822
9,26823
11,26824
11,26825
9,26826
11,26827
9,26828
21,26829
27,26830
9,26831
9,26832
27,26833
9,26834
9,26835
9,26836
27,26837
9,26838
1,26839
11,26840
9,26841
9,26842
9,26843
9,26844
11,26845
27,26846
9,26847
9,26848
9,26849
9,26850
27,26851
7,26852
27,26853
9,26854
11,26855
27,26856
9,26857
11,26858
27,26859
9,26860
9,26861
11,26862
9,26863
9,26864
27,26865
27,26866
11,26867
9,26868
9,26869
27,26870
9,26871
11,26872
11,26873
27,26874
9,26875
9,26876
11,26877
27,26878
9,26879
9,26880
9,26881
9,26882
9,26883
11,26884
9,26885
11,26886
9,26887
9,26888
11,26889
9,26890
9,26891
9,26892
9,26893
27,26894
19,26895
9,26896
11,26897
9,26898
9,26899
11,26900
27,26901
9,26902
9,26903
9,26904
27,26905
11,26906
27,26907
9,26908
11,26909
27,26910
9,26911
11,26912
9,26913
9,26914
9,26915
9,26916
19,26917
9,26918
11,26919
27,26920
9,26921
27,26922
11,26923
27,26924
9,26925
11,26926
11,26927
9,26928
9,26929
9,26930
27,26931
9,26932
11,26933
27,26934
9,26935
9,26936
11,26937
11,26938
27,26939
9,26940
9,26941
11,26942
9,26943
27,26944
9,26945
11,26946
27,26947
9,26948
9,26949
9,26950
9,26951
27,26952
11,26953
23,26954
9,26955
9,26956
9,26957
11,26958
9,26959
11,26960
9,26961
11,26962
9,26963
11,26964
9,26965
9,26966
9,26967
9,26968
11,26969
27,26970
9,26971
9,26972
11,26973
27,26974
9,26975
11,26976
9,26977
9,26978
27,26979
21,26980
27,26981
9,26982
11,26983
27,26984
9,26985
11,26986
9,26987
9,26988
9,26989
27,26990
11,26991
11,26992
9,26993
11,26994
11,26995
9,26996
9,26997
27,26998
27,26999
9,27000
9,27001
8,27002
9,27003
9,27004
9,27005
11,27006
9,27007
11,27008
9,27009
9,27010
9,27011
27,27012
9,27013
11,27014
9,27015
9,27016
9,27017
9,27018
11,27019
9,27020
11,27021
21,27022
11,27023
11,27024
9,27025
9,27026
9,27027
11,27028
11,27029
9,27030
9,27031
27,27032
27,27033
9,27034
11,27035
27,27036
11,27037
9,27038
9,27039
11,27040
11,27041
11,27042
9,27043
9,27044
9,27045
9,27046
9,27047
27,27048
9,27049
11,27050
9,27051
9,27052
27,27053
23,27054
9,27055
9,27056
9,27057
9,27058
9,27059
9,27060
9,27061
27,27062
11,27063
27,27064
11,27065
9,27066
9,27067
9,27068
11,27069
9,27070
13,27071
12,27072
9,27073
11,27074
9,27075
9,27076
11,27077
11,27078
27,27079
9,27080
11,27081
27,27082
9,27083
11,27084
9,27085
9,27086
11,27087
9,27088
11,27089
11,27090
27,27091
9,27092
1,27093
11,27094
9,27095
9,27096
27,27097
9,27098
9,27099
27,27100
9,27101
27,27102
9,27103
11,27104
11,27105
11,27106
27,27107
9,27108
9,27109
11,27110
27,27111
9,27112
9,27113
11,27114
27,27115
27,27116
9,27117
9,27118
9,27119
11,27120
27,27121
9,27122
11,27123
9,27124
11,27125
9,27126
9,27127
11,27128
9,27129
9,27130
11,27131
9,27132
11,27133
27,27134
8,27135
9,27136
9,27137
9,27138
27,27139
11,27140
11,27141
27,27142
9,27143
11,27144
11,27145
9,27146
9,27147
11,27148
9,27149
27,27150
27,27151
9,27152
27,27153
9,27154
9,27155
27,27156
9,27157
9,27158
9,27159
11,27160
9,27161
27,27162
9,27163
11,27164
27,27165
9,27166
11,27167
21,27168
1,27169
9,27170
9,27171
27,27172
9,27173
27,27174
9,27175
11,27176
9,27177
9,27178
27,27179
9,27180
9,27181
11,27182
11,27183
11,27184
11,27185
9,27186
11,27187
11,27188
1,27189
11,27190
27,27191
9,27192
9,27193
11,27194
27,27195
9,27196
11,27197
9,27198
9,27199
11,27200
9,27201
9,27202
11,27203
9,27204
11,27205
9,27206
11,27207
27,27208
11,27209
27,27210
9,27211
9,27212
11,27213
11,27214
27,27215
9,27216
9,27217
11,27218
9,27219
21,27220
11,27221
9,27222
9,27223
9,27224
27,27225
9,27226
11,27227
11,27228
9,27229
9,27230
9,27231
27,27232
11,27233
27,27234
9,27235
9,27236
9,27237
27,27238
23,27239
9,27240
11,27241
11,27242
11,27243
11,27244
9,27245
9,27246
27,27247
27,27248
11,27249
11,27250
9,27251
1,27252
1,27253
9,27254
9,27255
9,27256
11,27257
9,27258
9,27259
21,27260
11,27261
27,27262
9,27263
11,27264
9,27265
9,27266
11,27267
9,27268
27,27269
9,27270
9,27271
11,27272
9,27273
9,27274
9,27275
9,27276
16,27277
23,27278
27,27279
9,27280
9,27281
11,27282
27,27283
9,27284
16,27285
27,27286
9,27287
11,27288
27,27289
23,27290
9,27291
27,27292
9,27293
11,27294
27,27295
9,27296
9,27297
27,27298
9,27299
12,27300
4,27301
1,27302
25,27303
19,27304
27,27305
9,27306
9,27307
11,27308
9,27309
11,27310
9,27311
21,27312
9,27313
9,27314
1,27315
9,27316
27,27317
9,27318
11,27319
27,27320
9,27321
27,27322
9,27323
7,27324
11,27325
11,27326
11,27327
9,27328
9,27329
9,27330
9,27331
27,27332
9,27333
11,27334
9,27335
27,27336
27,27337
9,27338
27,27339
9,27340
9,27341
9,27342
27,27343
9,27344
27,27345
9,27346
27,27347
9,27348
27,27349
9,27350
27,27351
9,27352
11,27353
27,27354
9,27355
9,27356
9,27357
1,27358
27,27359
9,27360
11,27361
27,27362
9,27363
9,27364
9,27365
11,27366
9,27367
9,27368
11,27369
9,27370
9,27371
11,27372
11,27373
27,27374
11,27375
9,27376
10,27377
11,27378
9,27379
1,27380
9,27381
11,27382
9,27383
11,27384
9,27385
11,27386
9,27387
11,27388
11,27389
27,27390
9,27391
9,27392
11,27393
9,27394
11,27395
11,27396
9,27397
7,27398
21,27399
1,27400
11,27401
27,27402
9,27403
27,27404
9,27405
9,27406
11,27407
9,27408
9,27409
11,27410
27,27411
27,27412
9,27413
27,27414
9,27415
9,27416
11,27417
9,27418
9,27419
11,27420
27,27421
11,27422
27,27423
9,27424
9,27425
11,27426
8,27427
9,27428
27,27429
11,27430
27,27431
9,27432
27,27433
11,27434
27,27435
9,27436
9,27437
9,27438
27,27439
9,27440
9,27441
9,27442
11,27443
9,27444
12,27445
16,27446
27,27447
23,27448
9,27449
27,27450
9,27451
9,27452
9,27453
11,27454
9,27455
9,27456
11,27457
27,27458
9,27459
11,27460
11,27461
27,27462
9,27463
27,27464
9,27465
11,27466
27,27467
9,27468
9,27469
27,27470
9,27471
27,27472
9,27473
11,27474
27,27475
9,27476
1,27477
11,27478
9,27479
11,27480
9,27481
11,27482
9,27483
27,27484
9,27485
9,27486
9,27487
11,27488
9,27489
11,27490
27,27491
9,27492
27,27493
9,27494
11,27495
9,27496
27,27497
9,27498
9,27499
9,27500
11,27501
27,27502
9,27503
27,27504
9,27505
11,27506
9,27507
27,27508
11,27509
27,27510
9,27511
11,27512
27,27513
9,27514
11,27515
9,27516
9,27517
9,27518
9,27519
11,27520
9,27521
11,27522
9,27523
11,27524
27,27525
9,27526
11,27527
27,27528
9,27529
9,27530
9,27531
10,27532
27,27533
9,27534
11,27535
11,27536
27,27537
9,27538
21,27539
11,27540
11,27541
9,27542
9,27543
27,27544
7,27545
27,27546
9,27547
9,27548
27,27549
9,27550
11,27551
9,27552
9,27553
9,27554
11,27555
9,27556
9,27557
27,27558
23,27559
9,27560
9,27561
9,27562
9,27563
1,27564
27,27565
9,27566
9,27567
11,27568
27,27569
9,27570
27,27571
9,27572
11,27573
11,27574
27,27575
9,27576
9,27577
11,27578
27,27579
9,27580
9,27581
9,27582
11,27583
9,27584
1,27585
27,27586
11,27587
27,27588
9,27589
9,27590
11,27591
9,27592
9,27593
21,27594
1,27595
27,27596
9,27597
9,27598
11,27599
11,27600
9,27601
9,27602
11,27603
9,27604
9,27605
11,27606
9,27607
27,27608
9,27609
27,27610
9,27611
9,27612
11,27613
27,27614
9,27615
11,27616
11,27617
11,27618
9,27619
21,27620
7,27621
11,27622
9,27623
27,27624
23,27625
9,27626
11,27627
9,27628
11,27629
9,27630
9,27631
9,27632
27,27633
23,27634
9,27635
11,27636
11,27637
9,27638
9,27639
9,27640
9,27641
27,27642
9,27643
11,27644
9,27645
11,27646
9,27647
11,27648
27,27649
11,27650
9,27651
27,27652
9,27653
9,27654
27,27655
9,27656
9,27657
11,27658
9,27659
11,27660
27,27661
9,27662
9,27663
11,27664
11,27665
27,27666
9,27667
9,27668
11,27669
9,27670
9,27671
9,27672
27,27673
9,27674
27,27675
11,27676
27,27677
9,27678
11,27679
27,27680
9,27681
11,27682
9,27683
7,27684
1,27685
1,27686
11,27687
11,27688
27,27689
27,27690
11,27691
27,27692
9,27693
9,27694
9,27695
11,27696
9,27697
27,27698
9,27699
27,27700
9,27701
9,27702
9,27703
27,27704
9,27705
9,27706
9,27707
9,27708
9,27709
9,27710
11,27711
27,27712
9,27713
27,27714
9,27715
11,27716
9,27717
27,27718
9,27719
11,27720
11,27721
27,27722
9,27723
11,27724
9,27725
27,27726
9,27727
11,27728
9,27729
9,27730
17,27731
27,27732
16,27733
27,27734
9,27735
9,27736
9,27737
9,27738
11,27739
9,27760
24,27741
5,27742
9,27743
24,27744
40,27745
4,27746
1,27747
27,27748
1,27749
27,27750
9,27751
27,27752
23,27753
24,27754
9,27755
9,27756
9,27757
27,27758
23,27759
9,27760
11,27761
9,27762
9,27763
11,27764
27,27765
9,27766
11,27767
27,27768
9,27769
11,27770
9,27771
11,27772
27,27773
11,27774
9,27775
11,27776
9,27777
20,27778
27,27779
11,27780
27,27781
22,27782
27,27783
27,27784
23,27785
13,27786
9,27787
11,27788
9,27789
9,27790
11,27791
9,27792
27,27793
27,27794
19,27795
9,27796
9,27797
9,27798
11,27799
27,27800
19,27801
11,27802
9,27803
9,27804
4,27805
11,27806
9,27807
9,27808
9,27809
27,27810
5,27811
16,27812
19,27813
9,27814
1,27815
11,27816
23,27817
27,27818
27,27819
23,27820
9,27821
9,27822
11,27823
9,27824
27,27825
27,27826
9,27827
1,27828
11,27829
1,27830
1,27831
9,27832
11,27833
9,27834
11,27835
1,27836
21,27837
1,27838
27,27839
27,27840
9,27841
27,27842
24,27843
11,27844
27,27845
23,27846
9,27847
27,27848
9,27849
11,27850
9,27851
24,27852
27,27853
19,27854
9,27855
12,27856
1,27857
27,27858
25,27859
19,27860
27,27861
9,27862
9,27863
9,27864
23,27865
27,27866
11,27867
9,27868
11,27869
9,27870
23,27871
11,27872
23,27873
1,27874
11,27875
9,27876
9,27877
23,27878
27,27879
27,27880
11,27881
27,27882
1,27883
9,27884
11,27885
27,27886
16,27887
1,27888
11,27889
9,27890
19,27891
19,27892
27,27893
27,27894
1,27895
11,27896
9,27897
11,27898
19,27899
12,27900
12,27901
1,27902
23,27903
11,27904
11,27905
27,27906
16,27907
27,27908
27,27909
4,27910
19,27911
11,27912
1,27913
1,27914
11,27915
1,27916
27,27917
9,27918
11,27919
9,27920
19,27921
36,27922
9,27923
27,27924
11,27925
9,27926
1,27927
23,27928
9,27929
1,27930
9,27931
23,27932
11,27933
12,27934
18,27935
28,27936
1,27937
9,27938
27,27939
27,27940
9,27941
9,27942
22,27943
27,27944
4,27945
4,27946
4,27947
4,27948
1,27949
1,27950
11,27951
27,27952
9,27953
5,27954
11,27955
13,27956
9,27957
1,27958
27,27959
23,27960
11,27961
11,27962
27,27963
6,27964
4,27965
11,27966
1,27967
27,27968
9,27969
11,27970
1,27971
1,27972
18,27973
1,27974
5,27975
10,27976
27,27977
23,27978
24,27979
1,27980
9,27981
27,27982
24,27983
5,27984
27,27985
11,27986
19,27987
22,27988
4,27989
11,27990
1,27991
30,27992
27,27993
23,27994
13,27995
11,27996
1,27997
19,27998
18,27999
27,28000
24,28001
18,28002
1,28003
11,28004
19,28005
39,28006
19,28007
23,28008
27,28009
19,28010
12,28011
23,28012
11,28013
36,28014
22,28015
27,28016
23,28017
1,28018
9,28019
23,28020
27,28021
3,28022
19,28023
13,28024
1,28025
1,28026
1,28027
27,28028
1,28029
27,28030
23,28031
1,28032
1,28033
9,28034
27,28035
13,28036
14,28037
22,28038
11,28039
27,28040
9,28041
27,28042
23,28043
1,28044
7,28045
13,28046
22,28047
11,28048
27,28049
19,28050
20,28051
27,28052
15,28053
3,28054
9,28055
11,28056
20,28057
27,28058
19,28059
15,28060
27,28061
6,28062
1,28063
20,28064
1,28065
30,28066
11,28067
9,28068
14,28069
27,28070
19,28071
20,28072
27,28073
9,28074
23,28075
11,28076
19,28077
1,28078
19,28079
1,28080
25,28081
14,28082
24,28083
1,28084
27,28085
9,28086
23,28087
27,28088
1,28089
1,28090
9,28091
27,28092
23,28093
7,28094
7,28095
1,28096
19,28097
27,28098
5,28099
1,28100
19,28101
15,28102
27,28103
22,28104
19,28105
1,28106
7,28107
30,28108
5,28109
19,28110
15,28111
24,28112
1,28113
11,28114
9,28115
22,28116
36,28117
27,28118
16,28119
40,28120
9,28121
27,28122
19,28123
1,28124
11,28125
27,28126
11,28127
18,28128
9,28129
19,28130
39,28131
19,28132
1,28133
11,28134
13,28135
4,28136
27,28137
1,28138
12,28139
1,28140
11,28141
3,28142
19,28143
11,28144
11,28145
19,28146
1,28147
1,28148
19,28149
27,28150
28,28151
11,28152
19,28153
14,28154
19,28155
11,28156
21,28157
9,28158
19,28159
9,28160
24,28161
27,28162
19,28163
23,28164
12,28165
27,28166
1,28167
27,28168
11,28169
24,28170
27,28171
9,28172
1,28173
1,28174
23,28175
1,28176
27,28177
11,28178
11,28179
1,28180
27,28181
1,28182
27,28183
18,28184
20,28185
19,28186
11,28187
9,28188
11,28189
7,28190
19,28191
24,28192
19,28193
14,28194
1,28195
24,28196
27,28197
19,28198
10,28199
19,28200
27,28201
19,28202
1,28203
19,28204
19,28205
19,28206
1,28207
15,28208
19,28209
11,28210
9,28211
19,28212
12,28213
11,28214
19,28215
23,28216
27,28217
5,28218
5,28219
19,28220
9,28221
11,28222
5,28223
1,28224
3,28225
22,28226
18,28227
23,28228
28,28229
27,28230
13,28231
12,28232
11,28233
9,28234
1,28235
1,28236
11,28237
18,28238
1,28239
6,28240
19,28241
6,28242
23,28243
27,28244
27,28245
1,28246
32,28247
1,28248
27,28249
20,28250
11,28251
9,28252
19,28253
19,28254
13,28255
9,28256
27,28257
12,28258
1,28259
1,28260
1,28261
28,28262
1,28263
27,28264
5,28265
27,28266
23,28267
20,28268
1,28269
30,28270
27,28271
27,28272
15,28273
9,28274
27,28275
1,28276
28,28277
11,28278
9,28279
27,28280
11,28281
1,28282
4,28283
11,28284
3,28285
19,28286
11,28287
23,28288
9,28289
1,28290
9,28291
27,28292
1,28293
16,28294
23,28295
1,28296
9,28297
11,28298
11,28299
11,28300
4,28301
5,28302
9,28303
27,28304
28,28305
27,28306
23,28307
16,28308
19,28309
27,28310
4,28311
27,28312
9,28313
11,28314
27,28315
9,28316
11,28317
27,28318
23,28319
9,28320
23,28321
27,28322
19,28323
1,28324
14,28325
1,28326
11,28327
27,28328
9,28329
19,28330
6,28331
1,28332
36,28333
19,28334
11,28335
9,28336
1,28337
9,28338
19,28339
17,28340
27,28341
23,28342
11,28343
9,28344
36,28345
23,28346
27,28347
11,28348
9,28349
7,28350
27,28351
27,28352
9,28353
7,28354
27,28355
11,28356
11,28357
9,28358
1,28359
16,28360
27,28361
9,28362
23,28363
1,28364
11,28365
19,28366
1,28367
11,28368
27,28369
27,28370
19,28371
1,28372
22,28373
12,28374
9,28375
27,28376
15,28377
16,28378
23,28379
27,28380
4,28381
27,28382
4,28383
9,28384
9,28385
19,28386
16,28387
3,28388
4,28389
9,28390
11,28391
27,28392
19,28393
27,28394
11,28395
27,28396
23,28397
9,28398
27,28399
22,28400
11,28401
11,28402
16,28403
9,28404
19,28405
9,28406
12,28407
9,28408
9,28409
27,28410
16,28411
12,28412
27,28413
11,28414
23,28415
11,28416
12,28417
23,28418
8,28419
9,28420
1,28421
25,28422
8,28423
19,28424
15,28425
9,28426
20,28427
26,28428
3,28429
9,28430
11,28431
27,28432
9,28433
11,28434
27,28435
9,28436
11,28437
9,28438
9,28439
11,28440
27,28441
9,28442
11,28443
9,28444
11,28445
9,28446
11,28447
11,28448
1,28449
27,28450
27,28451
19,28452
11,28453
27,28454
9,28455
9,28456
11,28457
9,28458
9,28459
27,28460
9,28461
9,28462
9,28463
9,28464
27,28465
9,28466
9,28467
9,28468
9,28469
9,28470
9,28471
9,28472
11,28473
11,28474
9,28475
11,28476
9,28477
9,28478
9,28479
27,28480
9,28481
9,28482
1,28483
27,28484
11,28485
9,28486
11,28487
9,28488
11,28489
9,28490
9,28491
9,28492
9,28493
9,28494
9,28495
9,28496
9,28497
27,28498
23,28499
9,28500
9,28501
27,28502
9,28503
11,28504
11,28505
27,28506
9,28507
11,28508
11,28509
12,28510
23,28511
9,28512
9,28513
27,28514
9,28515
9,28516
9,28517
9,28518
9,28519
11,28520
11,28521
9,28522
9,28523
11,28524
11,28525
9,28526
9,28527
9,28528
9,28529
9,28530
27,28531
9,28532
27,28533
4,28534
9,28535
7,28536
9,28537
19,28538
1,28539
9,28540
27,28541
9,28542
11,28543
12,28544
11,28545
9,28546
9,28547
9,28548
11,28549
9,28550
27,28551
9,28552
11,28553
9,28554
9,28555
19,28556
11,28557
11,28558
27,28559
9,28560
11,28561
9,28562
27,28563
9,28564
9,28565
9,28566
27,28567
9,28568
9,28569
9,28570
11,28571
27,28572
9,28573
11,28574
9,28575
9,28576
11,28577
9,28578
11,28579
9,28580
11,28581
9,28582
9,28583
11,28584
11,28585
9,28586
9,28587
9,28588
9,28589
9,28590
27,28591
9,28592
9,28593
27,28594
11,28595
9,28596
9,28597
9,28598
27,28599
9,28600
9,28601
27,28602
9,28603
9,28604
1,28605
12,28606
27,28607
11,28608
11,28609
9,28610
11,28611
19,28612
23,28613
11,28614
11,28615
9,28616
9,28617
11,28618
9,28619
1,28620
11,28621
28,28622
11,28623
9,28624
27,28625
9,28626
11,28627
9,28628
11,28629
27,28630
11,28631
9,28632
27,28633
11,28634
27,28635
9,28636
9,28637
27,28638
9,28639
1,28640
9,28641
9,28642
9,28643
9,28644
11,28645
11,28646
11,28647
9,28648
16,28649
27,28650
9,28651
9,28652
11,28653
9,28654
30,28655
11,28656
9,28657
1,28658
11,28659
9,28660
16,28661
9,28662
9,28663
27,28664
9,28665
9,28666
19,28667
11,28668
1,28669
11,28670
9,28671
9,28672
9,28673
11,28674
7,28675
1,28676
27,28677
9,28678
9,28679
11,28680
9,28681
11,28682
27,28683
9,28684
21,28685
11,28686
27,28687
9,28688
9,28689
11,28690
27,28691
11,28692
9,28693
11,28694
9,28695
9,28696
7,28697
11,28698
27,28699
9,28700
9,28701
9,28702
11,28703
27,28704
9,28705
9,28706
11,28707
9,28708
27,28709
11,28710
9,28711
27,28712
9,28713
27,28714
9,28715
9,28716
9,28717
9,28718
27,28719
9,28720
11,28721
4,28722
9,28723
9,28724
11,28725
27,28726
9,28727
9,28728
27,28729
27,28730
9,28731
1,28732
27,28733
9,28734
9,28735
27,28736
9,28737
9,28738
11,28739
9,28740
9,28741
27,28742
9,28743
9,28744
11,28745
27,28746
9,28747
11,28748
9,28749
27,28750
9,28751
9,28752
9,28753
11,28754
9,28755
9,28756
9,28757
27,28758
9,28759
9,28760
9,28761
9,28762
11,28763
9,28764
9,28765
11,28766
9,28767
9,28768
9,28769
9,28770
11,28771
9,28772
21,28773
11,28774
11,28775
9,28776
9,28777
11,28778
27,28779
9,28780
9,28781
9,28782
27,28783
9,28784
11,28785
9,28786
9,28787
27,28788
1,28789
27,28790
9,28791
27,28792
9,28793
27,28794
9,28795
9,28796
27,28797
9,28798
11,28799
9,28800
9,28801
9,28802
23,28803
9,28804
9,28805
9,28806
9,28807
9,28808
27,28809
9,28810
11,28811
11,28812
9,28813
11,28814
9,28815
11,28816
9,28817
9,28818
11,28819
23,28820
9,28821
9,28822
27,28823
9,28824
9,28825
27,28826
27,28827
9,28828
27,28829
9,28830
27,28831
16,28832
27,28833
23,28834
9,28835
27,28836
9,28837
27,28838
7,28839
11,28840
11,28841
9,28842
11,28843
9,28844
11,28845
9,28846
9,28847
11,28848
11,28849
9,28850
9,28851
9,28852
11,28853
9,28854
9,28855
9,28856
27,28857
23,28858
11,28859
27,28860
9,28861
11,28862
4,28863
9,28864
9,28865
27,28866
11,28867
27,28868
9,28869
9,28870
11,28871
9,28872
27,28873
9,28874
11,28875
9,28876
27,28877
23,28878
9,28879
27,28880
9,28881
9,28882
9,28883
11,28884
27,28885
9,28886
11,28887
9,28888
9,28889
27,28890
9,28891
11,28892
9,28893
11,28894
11,28895
9,28896
9,28897
11,28898
11,28899
27,28900
9,28901
27,28902
9,28903
14,28904
11,28905
21,28906
11,28907
9,28908
11,28909
9,28910
27,28911
9,28912
27,28913
27,28914
9,28915
7,28916
1,28917
11,28918
11,28919
9,28920
9,28921
9,28922
11,28923
27,28924
9,28925
9,28926
9,28927
9,28928
27,28929
11,28930
27,28931
27,28932
9,28933
11,28934
9,28935
9,28936
9,28937
9,28938
9,28939
11,28940
27,28941
11,28942
27,28943
9,28944
9,28945
11,28946
9,28947
11,28948
27,28949
11,28950
16,28951
9,28952
27,28953
9,28954
11,28955
9,28956
9,28957
11,28958
9,28959
27,28960
11,28961
27,28962
11,28963
9,28964
9,28965
11,28966
27,28967
9,28968
27,28969
9,28970
11,28971
9,28972
9,28973
27,28974
9,28975
27,28976
11,28977
9,28978
11,28979
27,28980
11,28981
9,28982
11,28983
27,28984
23,28985
9,28986
9,28987
8,28988
11,28989
27,28990
9,28991
27,28992
9,28993
11,28994
9,28995
11,28996
9,28997
9,28998
9,28999
9,29000
27,29001
9,29002
27,29003
9,29004
9,29005
27,29006
27,29007
27,29008
9,29009
9,29010
9,29011
25,29012
9,29013
9,29014
27,29015
9,29016
11,29017
9,29018
9,29019
9,29020
27,29021
27,29022
27,29023
9,29024
11,29025
12,29026
9,29027
27,29028
27,29029
9,29030
9,29031
27,29032
27,29033
23,29034
11,29035
9,29036
1,29037
9,29038
11,29039
9,29040
11,29041
9,29042
9,29043
11,29044
9,29045
11,29046
27,29047
9,29048
27,29049
27,29050
9,29051
11,29052
12,29053
11,29054
9,29055
1,29056
11,29057
9,29058
27,29059
11,29060
11,29061
27,29062
9,29063
9,29064
27,29065
9,29066
9,29067
9,29068
11,29069
9,29070
27,29071
27,29072
9,29073
9,29074
11,29075
11,29076
9,29077
27,29078
9,29079
9,29080
23,29081
27,29082
27,29083
9,29084
11,29085
27,29086
11,29087
9,29088
9,29089
9,29090
27,29091
9,29092
9,29093
9,29094
11,29095
27,29096
9,29097
11,29098
9,29099
11,29100
1,29101
11,29102
9,29103
9,29104
9,29105
27,29106
9,29112
11,29108
9,29109
11,29110
9,29111
9,29112
7,29113
1,29114
27,29115
4,29116
11,29117
27,29118
9,29119
11,29120
12,29121
23,29122
11,29123
11,29124
27,29125
9,29126
1,29127
27,29128
11,29129
27,29130
9,29131
11,29132
9,29133
11,29134
9,29135
9,29136
27,29137
27,29138
9,29139
11,29140
9,29141
9,29142
9,29143
27,29144
27,29145
9,29146
16,29147
11,29148
27,29149
23,29150
9,29151
27,29152
9,29153
11,29154
9,29155
9,29156
9,29157
27,29158
9,29159
11,29160
27,29161
9,29162
11,29163
9,29164
11,29165
9,29166
11,29167
27,29168
9,29169
9,29170
11,29171
9,29172
9,29173
27,29174
9,29175
9,29176
4,29177
27,29178
9,29179
27,29180
27,29181
11,29182
9,29183
11,29184
9,29185
11,29186
9,29187
9,29188
9,29189
9,29190
8,29191
9,29192
11,29193
27,29194
11,29195
9,29196
27,29197
9,29198
27,29199
9,29200
9,29201
11,29202
23,29203
27,29204
9,29205
9,29206
9,29207
11,29208
27,29209
9,29210
9,29211
9,29212
27,29213
9,29214
9,29215
27,29216
9,29217
9,29218
27,29219
21,29220
11,29221
9,29222
1,29223
9,29224
11,29225
6,29226
11,29227
9,29228
9,29229
11,29230
9,29231
11,29232
11,29233
27,29234
11,29235
27,29236
9,29237
11,29238
11,29239
9,29240
9,29241
9,29242
23,29243
27,29244
11,29245
9,29246
9,29247
9,29248
11,29249
9,29250
9,29251
9,29252
27,29253
9,29254
4,29255
27,29256
9,29257
11,29258
1,29259
11,29260
9,29261
11,29262
9,29263
9,29264
19,29265
27,29266
9,29267
27,29268
9,29269
9,29270
1,29271
21,29272
27,29273
9,29274
11,29275
9,29276
11,29277
11,29278
27,29279
9,29280
9,29281
9,29282
8,29283
9,29284
11,29285
9,29286
11,29287
27,29288
9,29289
9,29290
9,29291
11,29292
9,29293
9,29294
11,29295
27,29296
27,29297
9,29298
11,29299
11,29300
11,29301
27,29302
9,29303
9,29304
11,29305
11,29306
9,29307
9,29308
9,29309
11,29310
9,29311
9,29312
11,29313
9,29314
11,29315
9,29316
9,29317
15,29318
9,29319
27,29320
9,29321
11,29322
27,29323
9,29324
9,29325
27,29326
9,29327
11,29328
9,29329
9,29330
11,29331
11,29332
9,29333
11,29334
9,29335
9,29336
11,29337
27,29338
27,29339
9,29340
9,29341
9,29342
11,29343
9,29344
9,29345
9,29346
9,29347
11,29348
9,29349
9,29350
27,29351
9,29352
9,29353
9,29354
9,29355
9,29356
11,29357
27,29358
11,29359
19,29360
12,29361
27,29362
19,29363
11,29364
9,29365
9,29366
9,29367
27,29368
11,29369
27,29370
11,29371
9,29372
11,29373
9,29374
11,29375
9,29376
9,29377
9,29378
4,29379
21,29380
11,29381
27,29382
9,29383
27,29384
27,29385
9,29386
27,29387
9,29388
9,29389
9,29390
27,29391
27,29392
9,29393
9,29394
27,29395
9,29396
9,29397
9,29398
9,29399
1,29400
9,29401
9,29402
11,29403
9,29404
11,29405
12,29406
16,29407
9,29408
27,29409
11,29410
27,29411
11,29412
27,29413
9,29414
9,29415
9,29416
11,29417
11,29418
9,29419
9,29420
11,29421
1,29422
19,29423
11,29424
19,29425
11,29426
27,29427
9,29428
9,29429
11,29430
23,29431
11,29432
9,29433
11,29434
27,29435
9,29436
36,29437
27,29438
9,29439
27,29440
18,29441
28,29442
27,29443
9,29444
12,29445
33,29446
11,29447
1,29448
28,29449
9,29450
9,29451
27,29452
9,29453
11,29454
9,29455
27,29456
9,29457
19,29458
9,29459
27,29460
23,29461
11,29462
27,29463
9,29464
9,29465
11,29466
9,29467
24,29468
27,29469
27,29470
23,29471
27,29472
27,29473
27,29474
9,29475
11,29476
9,29477
9,29478
27,29479
9,29480
11,29481
9,29482
1,29483
9,29484
27,29485
27,29486
1,29487
9,29488
27,29489
23,29490
11,29491
9,29492
11,29493
12,29494
27,29495
9,29496
1,29497
27,29498
27,29499
27,29500
9,29501
27,29502
9,29503
9,29504
4,29505
27,29506
9,29507
27,29508
23,29509
11,29510
9,29511
9,29512
11,29513
11,29514
9,29515
9,29516
11,29517
27,29518
9,29519
11,29520
1,29521
9,29522
11,29523
9,29524
11,29525
11,29526
9,29527
12,29528
27,29529
11,29530
19,29531
23,29532
1,29533
11,29534
4,29535
27,29536
9,29537
11,29538
9,29539
27,29540
23,29541
11,29542
9,29543
1,29544
18,29545
27,29546
9,29547
9,29548
23,29549
9,29550
27,29551
23,29552
11,29553
9,29554
11,29555
9,29556
11,29557
24,29558
11,29559
9,29560
27,29561
27,29562
27,29563
9,29564
12,29565
9,29566
27,29567
4,29568
25,29569
23,29570
27,29571
11,29572
27,29573
23,29574
9,29575
1,29576
9,29577
11,29578
27,29579
9,29580
11,29581
27,29582
9,29583
9,29584
11,29585
27,29586
27,29587
11,29588
11,29589
27,29590
11,29591
27,29592
9,29593
9,29594
11,29595
1,29596
28,29597
27,29598
11,29599
19,29600
9,29601
11,29602
1,29603
11,29604
1,29605
27,29606
21,29607
36,29608
11,29609
27,29610
11,29611
1,29612
1,29613
11,29614
27,29615
23,29616
16,29617
1,29618
27,29619
11,29620
12,29621
15,29622
23,29623
11,29624
10,29625
27,29627
27,29627
9,29628
9,29629
9,29630
17,29631
9,29632
21,29633
9,29634
27,29635
9,29636
9,29637
11,29638
11,29639
11,29640
27,29641
27,29642
9,29643
27,29644
9,29645
28,29646
11,29647
23,29648
19,29649
27,29650
23,29651
9,29652
27,29653
9,29654
11,29655
27,29656
9,29657
11,29658
9,29659
11,29660
9,29661
9,29662
11,29663
9,29664
9,29665
1,29666
9,29667
11,29668
27,29669
9,29670
11,29671
9,29672
9,29673
1,29674
11,29675
27,29676
9,29677
11,29678
27,29679
9,29680
11,29681
9,29682
11,29683
27,29684
9,29685
1,29686
27,29687
9,29688
9,29689
11,29690
11,29691
27,29692
9,29693
7,29694
11,29695
1,29696
27,29697
9,29698
11,29699
11,29700
11,29701
27,29702
9,29703
11,29704
9,29705
9,29706
11,29707
27,29708
9,29709
1,29710
9,29711
11,29712
9,29713
27,29714
27,29715
1,29716
12,29717
11,29718
27,29719
27,29720
9,29721
23,29722
11,29723
11,29724
19,29725
19,29726
11,29727
27,29728
27,29729
9,29730
3,29731
19,29732
9,29733
27,29734
27,29735
23,29736
9,29737
11,29738
23,29739
27,29740
9,29741
9,29742
11,29743
11,29744
11,29745
9,29746
11,29747
9,29748
23,29749
27,29750
9,29751
27,29752
27,29753
11,29754
27,29755
11,29756
27,29757
9,29758
11,29759
1,29760
27,29761
9,29762
27,29763
9,29764
9,29765
9,29766
1,29767
27,29768
27,29769
9,29770
9,29771
11,29772
11,29773
9,29774
27,29775
9,29776
27,29777
9,29778
1,29779
27,29780
9,29781
9,29782
9,29783
9,29784
27,29785
9,29786
9,29787
27,29788
9,29789
9,29790
27,29791
27,29792
27,29793
27,29794
9,29795
27,29796
23,29797
11,29798
11,29799
11,29800
9,29801
1,29802
27,29803
27,29804
9,29805
11,29806
9,29807
12,29808
9,29809
1,29810
27,29811
23,29812
27,29813
11,29814
27,29815
23,29816
9,29817
9,29818
11,29819
11,29820
9,29821
11,29822
9,29823
27,29824
9,29825
27,29826
27,29827
27,29828
23,29829
9,29830
9,29831
9,29832
1,29833
11,29834
11,29835
11,29836
9,29837
9,29838
11,29839
9,29840
9,29841
11,29842
1,29843
9,29844
4,29845
1,29846
11,29847
9,29848
10,29849
27,29850
9,29851
11,29852
9,29853
11,29854
1,29855
9,29856
11,29857
1,29858
27,29859
11,29860
19,29861
4,29862
20,29863
4,29864
19,29865
9,29866
1,29867
9,29868
9,29869
11,29870
9,29871
11,29872
9,29873
11,29874
9,29875
19,29876
11,29877
9,29878
27,29879
11,29880
27,29881
9,29882
9,29883
9,29884
11,29885
1,29886
11,29887
9,29888
27,29889
24,29890
18,29891
1,29892
1,29893
19,29894
6,29895
1,29896
11,29897
27,29898
9,29899
27,29900
9,29901
27,29902
23,29903
9,29904
27,29905
23,29906
3,29907
27,29908
27,29909
12,29910
19,29911
3,29912
16,29913
27,29914
9,29915
27,29916
22,29917
9,29918
27,29919
9,29920
27,29921
9,29922
11,29923
27,29924
9,29925
11,29926
5,29927
19,29928
27,29929
23,29930
9,29931
11,29932
27,29933
9,29934
1,29935
11,29936
9,29937
9,29938
11,29939
19,29940
27,29941
9,29942
12,29943
27,29944
11,29945
9,29946
27,29947
9,29948
9,29949
27,29950
9,29951
9,29952
8,29953
16,29954
9,29955
27,29956
9,29957
9,29958
19,29959
11,29960
27,29961
9,29962
9,29963
11,29964
11,29965
9,29966
1,29967
27,29968
28,29969
27,29970
9,29971
9,29972
9,29973
9,29974
27,29975
9,29976
9,29977
11,29978
9,29979
1,29980
27,29981
9,29982
11,29983
9,29984
11,29985
11,29986
27,29987
9,29988
27,29989
9,29990
11,29991
11,29992
9,29993
1,29994
9,29995
27,29996
27,29997
27,29998
11,29999
9,30000
27,30001
19,30002
9,30003
27,30004
16,30005
23,30006
9,30007
11,30008
27,30009
9,30010
27,30011
23,30012
11,30013
4,30014
27,30015
23,30016
11,30017
27,30018
9,30019
1,30020
28,30021
9,30022
11,30023
27,30024
27,30025
11,30026
11,30027
23,30028
9,30029
11,30030
9,30031
11,30032
9,30033
11,30034
9,30035
9,30036
9,30037
9,30038
11,30039
9,30040
9,30041
11,30042
11,30043
11,30044
11,30045
27,30046
23,30047
9,30048
27,30049
9,30050
9,30051
9,30052
9,30053
9,30054
9,30055
27,30056
27,30057
11,30058
9,30059
27,30060
27,30061
11,30062
27,30063
9,30064
11,30065
9,30066
11,30067
9,30068
11,30069
11,30070
9,30071
9,30072
11,30073
9,30074
9,30075
11,30076
11,30077
27,30078
9,30079
7,30080
11,30081
9,30082
11,30083
9,30084
11,30085
11,30086
9,30087
11,30088
1,30089
17,30090
11,30091
11,30092
27,30093
23,30094
1,30095
9,30096
11,30097
27,30098
9,30099
10,30100
27,30101
27,30102
9,30103
9,30104
9,30105
11,30106
9,30107
1,30108
27,30109
11,30110
27,30111
9,30112
11,30113
9,30114
11,30115
27,30116
9,30117
11,30118
27,30119
9,30120
21,30121
11,30122
11,30123
19,30124
19,30125
9,30126
9,30127
9,30128
9,30129
27,30130
23,30131
11,30132
27,30133
9,30134
11,30135
9,30136
12,30137
26,30138
27,30139
12,30140
1,30141
19,30142
19,30143
9,30144
9,30145
27,30146
27,30147
9,30148
11,30149
9,30150
12,30151
1,30152
9,30153
9,30154
9,30155
1,30156
9,30157
11,30158
11,30159
9,30160
11,30161
9,30162
1,30163
11,30164
19,30165
12,30166
16,30167
11,30168
27,30169
9,30170
9,30171
9,30172
9,30173
8,30174
11,30175
9,30176
11,30177
27,30178
9,30179
9,30180
9,30181
11,30182
27,30183
9,30184
11,30185
11,30186
27,30187
1,30188
9,30189
27,30190
9,30191
27,30192
23,30193
27,30194
27,30195
9,30196
11,30197
11,30198
11,30199
9,30200
11,30201
9,30202
9,30203
11,30204
9,30205
11,30206
9,30207
9,30208
11,30209
9,30210
11,30211
27,30212
9,30213
27,30214
9,30215
12,30216
11,30217
19,30218
40,30219
9,30220
9,30221
9,30222
17,30223
11,30224
27,30225
11,30226
9,30227
7,30228
27,30229
27,30230
11,30231
9,30232
1,30233
1,30234
18,30235
12,30236
16,30237
1,30238
11,30239
9,30240
1,30241
9,30242
9,30243
9,30244
27,30245
23,30246
9,30247
7,30248
11,30249
9,30250
11,30251
9,30252
9,30253
11,30254
27,30255
11,30256
11,30257
1,30258
17,30259
1,30260
1,30261
9,30262
9,30263
27,30264
9,30265
9,30266
9,30267
27,30268
11,30269
9,30270
11,30271
9,30272
9,30273
27,30274
23,30275
14,30276
1,30277
9,30278
19,30279
27,30280
1,30281
19,30282
19,30283
9,30284
11,30285
9,30286
9,30287
11,30288
27,30289
9,30290
9,30291
9,30292
11,30293
27,30294
9,30295
9,30296
11,30297
27,30298
9,30299
11,30300
11,30301
11,30302
9,30303
2,30304
11,30305
27,30306
9,30307
27,30308
9,30309
23,30310
27,30311
9,30312
1,30313
9,30314
11,30315
19,30316
27,30317
23,30318
9,30319
27,30320
9,30321
9,30322
27,30323
11,30324
27,30325
27,30326
9,30327
9,30328
11,30329
4,30330
1,30331
23,30332
27,30333
4,30334
9,30335
27,30336
9,30337
9,30338
9,30339
9,30340
9,30341
9,30342
27,30343
11,30344
9,30345
9,30346
27,30347
9,30348
27,30349
9,30350
4,30351
27,30352
4,30353
27,30354
11,30355
4,30356
9,30357
1,30358
11,30359
9,30360
23,30361
27,30362
11,30363
27,30364
9,30365
11,30366
23,30367
9,30368
9,30369
11,30370
11,30371
27,30372
12,30373
27,30374
1,30375
11,30376
1,30377
9,30378
27,30379
27,30380
9,30381
21,30382
1,30383
11,30384
27,30385
9,30386
9,30387
9,30388
9,30389
9,30390
11,30391
9,30392
9,30393
9,30394
9,30395
9,30396
27,30397
16,30398
27,30399
9,30400
9,30401
9,30402
1,30403
11,30404
9,30405
9,30406
1,30407
9,30408
27,30409
9,30410
11,30411
1,30412
27,30413
9,30414
9,30417
11,30416
9,30417
9,30418
11,30419
9,30420
9,30421
9,30422
1,30423
9,30424
11,30425
27,30426
28,30427
27,30428
11,30429
27,30430
5,30431
11,30432
27,30433
9,30434
11,30435
9,30436
27,30437
9,30438
9,30439
11,30440
11,30441
9,30442
11,30443
9,30444
27,30445
9,30446
19,30447
11,30448
9,30449
9,30450
11,30451
9,30452
9,30453
17,30454
11,30455
1,30456
9,30457
11,30458
27,30459
11,30460
9,30461
11,30462
9,30463
11,30464
27,30465
27,30466
9,30467
9,30468
21,30469
9,30470
11,30471
9,30472
9,30473
11,30474
9,30475
9,30476
11,30477
9,30478
23,30479
11,30480
23,30481
39,30482
27,30483
9,30484
1,30485
9,30486
3,30487
28,30488
16,30489
19,30490
12,30491
9,30492
1,30493
1,30494
27,30495
1,30496
27,30497
11,30498
19,30499
9,30500
11,30501
9,30502
9,30503
19,30504
25,30505
9,30506
9,30507
27,30508
9,30509
19,30510
28,30511
27,30512
23,30513
27,30514
19,30515
9,30516
9,30517
27,30518
9,30519
27,30520
11,30521
9,30522
11,30523
9,30524
11,30525
9,30526
9,30527
9,30528
27,30529
9,30530
12,30531
1,30532
27,30533
9,30534
4,30535
9,30536
11,30537
27,30538
9,30539
11,30540
9,30541
21,30542
11,30543
27,30544
9,30545
22,30546
16,30547
9,30548
23,30549
27,30550
9,30551
24,30552
28,30553
4,30554
9,30555
9,30556
27,30557
9,30558
11,30559
1,30560
11,30561
27,30562
9,30563
11,30564
9,30565
11,30566
11,30567
9,30568
28,30569
1,30570
16,30571
27,30572
7,30573
1,30574
9,30575
11,30576
27,30577
23,30578
19,30579
5,30580
11,30581
1,30582
5,30583
22,30584
19,30585
27,30586
27,30587
1,30588
1,30589
27,30590
28,30591
27,30592
11,30593
9,30594
14,30595
9,30596
1,30597
1,30598
1,30599
1,30600
1,30601
27,30602
7,30603
27,30604
11,30605
11,30606
1,30607
23,30608
11,30609
4,30610
3,30611
19,30612
11,30613
7,30614
25,30615
2,30616
6,30617
12,30618
23,30619
22,30620
27,30621
7,30622
13,30623
12,30624
19,30625
27,30626
9,30627
27,30628
23,30629
22,30630
1,30631
1,30632
27,30633
11,30634
27,30635
1,30636
3,30637
9,30638
23,30639
27,30640
12,30641
19,30642
20,30643
27,30644
11,30645
19,30646
9,30647
1,30648
9,30649
11,30650
19,30651
19,30652
9,30653
19,30654
9,30655
9,30656
14,30657
1,30658
1,30659
11,30660
27,30661
9,30662
11,30663
27,30664
1,30665
1,30666
11,30667
19,30668
19,30669
9,30670
27,30671
23,30672
19,30673
19,30674
11,30675
19,30676
19,30677
1,30678
11,30679
1,30680
5,30681
23,30682
19,30683
11,30684
11,30685
9,30686
27,30687
24,30688
22,30689
1,30690
11,30691
23,30692
7,30693
1,30694
27,30695
27,30696
15,30697
9,30698
12,30699
27,30700
19,30701
27,30702
15,30703
19,30704
19,30705
27,30706
1,30707
9,30708
11,30709
1,30710
27,30711
1,30712
11,30713
9,30714
5,30715
23,30716
27,30717
19,30718
9,30719
27,30720
11,30721
11,30722
1,30723
19,30724
19,30725
27,30726
36,30727
36,30728
1,30729
1,30730
27,30731
23,30732
11,30733
9,30734
27,30735
24,30736
1,30737
27,30738
19,30739
1,30740
27,30741
19,30742
1,30743
9,30744
27,30745
11,30746
25,30747
1,30748
11,30749
11,30750
19,30751
27,30752
11,30753
27,30754
9,30755
21,30756
11,30757
1,30758
1,30759
1,30760
11,30761
1,30762
20,30763
12,30764
23,30765
1,30766
1,30767
1,30768
1,30769
20,30770
24,30771
15,30772
1,30773
1,30774
19,30775
32,30776
1,30777
9,30778
27,30779
27,30780
7,30781
3,30782
5,30783
19,30784
27,30785
9,30786
23,30787
27,30788
9,30789
27,30790
23,30791
11,30792
9,30793
3,30794
9,30795
12,30796
9,30797
27,30798
9,30799
9,30800
19,30801
27,30802
1,30803
27,30804
22,30805
9,30806
23,30807
12,30808
11,30809
19,30810
23,30811
11,30812
18,30813
1,30814
1,30815
19,30816
27,30817
23,30818
39,30819
18,30820
5,30821
1,30822
15,30823
27,30824
27,30825
11,30826
6,30827
19,30828
19,30829
5,30830
27,30831
12,30832
13,30833
9,30834
1,30835
27,30836
27,30837
21,30838
27,30839
11,30840
11,30841
27,30842
19,30843
11,30844
19,30845
2,30846
1,30847
24,30848
19,30849
27,30850
27,30851
1,30852
9,30853
27,30854
9,30855
11,30856
27,30857
9,30858
11,30859
11,30860
19,30861
9,30862
9,30863
11,30864
1,30865
27,30866
11,30867
9,30868
9,30869
9,30870
27,30871
11,30872
9,30873
11,30874
11,30875
9,30876
8,30877
9,30878
23,30879
27,30880
7,30881
11,30882
9,30883
7,30884
11,30885
1,30886
27,30887
9,30888
1,30889
4,30890
9,30891
9,30892
9,30893
16,30894
11,30895
9,30896
19,30897
7,30898
9,30899
12,30900
4,30901
5,30902
27,30903
5,30904
11,30905
19,30906
20,30907
27,30908
23,30909
9,30910
1,30911
1,30912
18,30913
27,30914
5,30915
1,30916
19,30917
11,30918
11,30919
11,30920
4,30921
1,30922
27,30923
28,30924
27,30925
7,30926
7,30927
19,30928
27,30929
27,30930
23,30931
1,30932
27,30933
5,30934
13,30935
28,30936
1,30937
27,30938
3,30939
27,30940
3,30941
1,30942
13,30943
22,30944
27,30945
3,30946
1,30947
7,30948
9,30949
27,30950
3,30951
5,30952
15,30953
19,30954
9,30955
9,30956
1,30957
1,30958
19,30959
19,30960
23,30961
1,30962
27,30963
1,30964
5,30965
11,30966
11,30967
7,30968
27,30969
23,30970
1,30971
23,30972
27,30973
1,30974
27,30975
27,30976
19,30977
27,30978
5,30979
15,30980
12,30981
9,30982
27,30983
23,30984
19,30985
11,30986
15,30987
1,30988
19,30989
27,30990
11,30991
27,30992
12,30993
9,30994
27,30995
9,30996
27,30997
23,30998
19,30999
3,31000
27,31001
23,31002
1,31003
12,31004
1,31005
19,31006
13,31007
1,31008
9,31009
1,31010
19,31011
36,31012
27,31013
11,31014
27,31015
9,31016
19,31017
1,31018
19,31019
27,31020
1,31021
27,31022
23,31023
11,31024
19,31025
11,31026
14,31027
27,31028
19,31029
1,31030
9,31031
27,31032
23,31033
24,31034
27,31035
23,31036
1,31037
14,31038
1,31039
9,31040
11,31041
9,31042
11,31043
23,31044
11,31045
19,31046
11,31047
20,31048
19,31049
27,31050
27,31051
11,31052
11,31053
11,31054
1,31055
11,31056
12,31057
19,31058
19,31059
11,31060
27,31061
15,31062
6,31063
27,31064
19,31065
11,31066
9,31067
23,31068
12,31069
19,31070
23,31071
27,31072
11,31073
1,31074
1,31075
25,31076
27,31077
19,31078
27,31079
19,31080
4,31081
9,31082
23,31083
27,31084
5,31085
1,31086
19,31087
28,31088
1,31089
13,31090
19,31091
22,31092
11,31093
19,31094
13,31095
5,31096
11,31097
11,31098
27,31099
12,31100
11,31101
23,31102
11,31103
4,31104
27,31105
9,31106
27,31107
23,31108
27,31109
9,31110
12,31111
27,31112
9,31113
11,31114
19,31115
27,31116
7,31117
9,31118
27,31119
9,31120
23,31121
27,31122
15,31123
9,31124
11,31125
23,31126
19,31127
9,31128
11,31129
9,31130
23,31131
27,31132
1,31133
27,31134
9,31135
11,31136
1,31137
22,31138
1,31139
11,31140
9,31141
12,31142
4,31143
11,31144
19,31145
19,31146
19,31147
15,31148
27,31149
23,31150
24,31151
1,31152
11,31153
5,31154
3,31155
1,31156
27,31157
1,31158
19,31159
27,31160
11,31161
1,31162
11,31163
18,31164
1,31165
12,31166
27,31167
11,31168
27,31169
27,31170
16,31171
9,31172
27,31173
11,31174
27,31175
23,31176
15,31177
27,31178
5,31179
21,31180
1,31181
28,31182
11,31183
27,31184
23,31185
4,31186
9,31187
9,31188
27,31189
11,31190
9,31191
21,31192
1,31193
11,31194
1,31195
9,31196
7,31197
11,31198
1,31199
3,31200
40,31201
9,31202
9,31203
11,31204
23,31205
4,31206
11,31207
24,31208
9,31209
16,31210
7,31211
12,31212
1,31213
27,31214
9,31215
11,31216
19,31217
11,31218
4,31219
28,31220
1,31221
11,31222
27,31223
9,31224
1,31225
11,31226
9,31227
27,31228
23,31229
9,31230
12,31231
1,31232
27,31233
11,31234
19,31235
9,31236
16,31237
1,31238
21,31239
19,31240
19,31241
19,31242
36,31243
27,31244
9,31245
1,31246
19,31247
27,31248
1,31249
9,31250
9,31251
27,31252
23,31253
1,31254
28,31255
1,31256
19,31257
27,31258
4,31259
9,31260
27,31261
19,31262
24,31263
9,31264
27,31265
4,31266
4,31267
8,31268
27,31269
4,31270
9,31271
1,31272
9,31273
27,31274
23,31275
16,31276
11,31277
1,31278
9,31279
27,31280
19,31281
1,31282
11,31283
12,31284
11,31285
11,31286
19,31287
1,31288
11,31289
21,31290
1,31291
9,31292
1,31293
27,31294
1,31295
11,31296
1,31297
23,31298
27,31299
9,31300
23,31301
27,31302
1,31303
11,31304
27,31305
3,31306
9,31307
9,31308
27,31309
27,31310
16,31311
27,31312
11,31313
27,31314
19,31315
19,31316
1,31317
11,31318
19,31319
19,31320
12,31321
9,31322
1,31323
1,31324
19,31325
9,31326
1,31327
27,31328
9,31329
11,31330
9,31331
28,31332
1,31333
25,31334
27,31335
11,31336
11,31337
27,31338
1,31339
16,31340
1,31341
19,31342
12,31343
1,31344
1,31345
39,31346
19,31347
18,31348
1,31349
1,31350
1,31351
19,31352
27,31353
16,31354
11,31355
9,31356
16,31357
19,31358
24,31359
19,31360
19,31361
19,31362
5,31363
19,31364
9,31365
1,31366
1,31367
27,31368
9,31369
1,31370
27,31371
12,31372
27,31373
11,31374
9,31375
9,31376
19,31377
19,31378
27,31379
12,31380
27,31381
4,31382
27,31383
1,31384
9,31385
11,31386
11,31387
1,31388
27,31389
9,31390
21,31391
12,31392
12,31393
27,31394
19,31395
19,31396
9,31397
19,31398
7,31399
1,31400
4,31401
1,31402
11,31403
9,31404
21,31405
1,31406
27,31407
19,31408
27,31409
1,31410
1,31411
11,31412
9,31413
11,31414
27,31415
19,31416
4,31417
9,31418
7,31419
1,31420
1,31421
27,31422
9,31423
11,31424
11,31425
14,31426
1,31427
27,31428
12,31429
12,31430
11,31431
19,31432
1,31433
1,31434
3,31435
19,31436
4,31437
19,31438
1,31439
27,31440
1,31441
27,31442
19,31443
13,31444
16,31445
27,31446
12,31447
11,31448
1,31449
27,31450
9,31451
27,31452
1,31453
1,31454
28,31455
27,31456
11,31457
4,31458
11,31459
19,31460
27,31461
19,31462
11,31463
27,31464
23,31465
27,31466
19,31467
9,31468
11,31469
1,31470
4,31471
9,31472
7,31473
27,31474
27,31475
11,31476
1,31477
21,31478
1,31479
27,31480
19,31481
9,31482
11,31483
9,31484
11,31485
9,31486
19,31487
9,31488
1,31489
27,31490
27,31491
27,31492
23,31493
11,31494
11,31495
8,31496
12,31497
11,31498
9,31499
27,31500
9,31501
11,31502
11,31503
4,31504
12,31505
3,31506
4,31507
1,31508
9,31509
1,31510
1,31511
9,31512
11,31513
1,31514
19,31515
27,31516
19,31517
27,31518
1,31519
11,31520
9,31521
1,31522
24,31523
1,31524
1,31525
12,31526
27,31527
27,31528
1,31529
25,31530
9,31531
3,31532
27,31533
28,31534
10,31535
7,31536
11,31537
18,31538
18,31539
27,31540
3,31541
15,31542
1,31543
30,31544
3,31545
1,31546
9,31547
3,31548
1,31549
3,31550
3,31551
3,31552
5,31553
1,31554
31,31555
1,31556
1,31557
12,31558
8,31559
25,31560
9,31561
1,31562
1,31563
19,31564
4,31565
25,31566
12,31567
27,31568
19,31569
1,31570
1,31571
25,31572
19,31573
7,31574
9,31575
1,31576
1,31577
19,31578
1,31579
9,31580
29,31581
6,31582
9,31583
11,31584
28,31585
1,31586
27,31587
4,31588
1,31589
1,31590
1,31591
19,31592
19,31593
9,31594
27,31595
23,31596
11,31597
27,31598
9,31599
19,31600
27,31601
19,31602
27,31603
7,31604
27,31605
11,31606
12,31607
11,31608
25,31609
1,31610
11,31611
9,31612
4,31613
1,31614
11,31615
9,31616
11,31617
1,31618
27,31619
9,31620
11,31621
11,31622
4,31623
27,31624
9,31625
27,31626
23,31627
1,31628
9,31629
27,31630
11,31631
19,31632
7,31633
13,31634
11,31635
7,31636
9,31637
1,31638
28,31639
27,31640
12,31641
4,31642
27,31643
27,31644
19,31645
11,31646
27,31647
1,31648
7,31649
27,31650
1,31651
9,31652
1,31653
27,31654
23,31655
22,31656
1,31657
1,31658
12,31659
1,31660
11,31661
12,31662
9,31663
2,31664
9,31665
9,31666
11,31667
1,31668
9,31669
1,31670
27,31671
10,31672
11,31673
27,31674
9,31675
27,31676
23,31677
1,31678
1,31679
11,31680
27,31681
11,31682
9,31683
7,31684
1,31685
11,31686
19,31687
11,31688
27,31689
19,31690
19,31691
11,31692
19,31693
3,31694
1,31695
20,31696
11,31697
1,31698
2,31699
27,31700
27,31701
9,31702
9,31703
21,31704
11,31705
16,31706
9,31707
9,31708
11,31709
19,31710
9,31711
5,31712
19,31713
27,31714
5,31715
1,31716
27,31717
1,31718
11,31719
9,31720
1,31721
12,31722
1,31723
3,31724
1,31725
11,31726
4,31727
11,31728
9,31729
1,31730
11,31731
27,31732
1,31733
16,31734
27,31735
9,31736
7,31737
27,31738
1,31739
24,31740
11,31741
27,31742
9,31743
21,31744
1,31745
27,31746
11,31747
5,31748
9,31749
1,31750
18,31751
1,31752
1,31753
1,31754
11,31755
16,31756
11,31757
9,31758
11,31759
9,31760
19,31761
27,31762
11,31763
7,31764
11,31765
9,31766
5,31767
1,31768
11,31769
25,31770
19,31771
1,31772
27,31773
9,31774
12,31775
1,31776
13,31777
1,31778
27,31779
19,31780
5,31781
19,31782
1,31783
27,31784
23,31785
19,31786
24,31787
9,31788
11,31789
5,31790
19,31791
9,31792
27,31793
19,31794
28,31795
1,31796
27,31797
11,31798
12,31799
16,31800
1,31801
12,31802
9,31803
27,31804
9,31805
3,31806
1,31807
32,31808
11,31809
9,31810
9,31811
7,31812
11,31813
19,31814
27,31815
1,31816
11,31817
27,31818
19,31819
24,31820
11,31821
9,31822
9,31823
11,31824
11,31825
24,31826
9,31827
6,31828
9,31829
13,31830
5,31831
7,31832
9,31833
7,31834
9,31835
9,31836
2,31837
19,31838
11,31839
9,31840
12,31841
19,31842
11,31843
27,31844
1,31845
6,31846
12,31847
1,31848
12,31849
9,31850
1,31851
27,31852
19,31853
1,31854
15,31855
1,31856
19,31857
27,31858
16,31859
12,31860
27,31861
11,31862
27,31863
27,31864
9,31865
21,31866
24,31867
2,31868
11,31869
27,31870
1,31871
11,31872
16,31873
27,31874
9,31875
9,31876
11,31877
5,31878
4,31879
9,31880
9,31881
27,31882
9,31883
11,31884
9,31885
27,31886
19,31887
11,31888
9,31889
9,31890
11,31891
23,31892
20,31893
9,31894
1,31895
21,31896
12,31897
1,31898
19,31899
1,31900
11,31901
4,31902
1,31903
16,31904
19,31905
1,31906
1,31907
4,31908
18,31909
28,31910
27,31911
11,31912
11,31913
9,31914
1,31915
1,31916
19,31917
19,31918
9,31919
11,31920
11,31921
25,31922
27,31923
5,31924
5,31925
1,31926
9,31927
1,31928
1,31929
5,31930
10,31931
1,31932
1,31933
24,31934
4,31935
9,31936
9,31937
19,31938
7,31939
9,31940
2,31941
1,31942
1,31943
19,31944
19,31945
19,31946
9,31947
1,31948
28,31949
1,31950
9,31951
10,31952
11,31953
5,31954
1,31955
4,31956
12,31957
16,31958
9,31959
11,31960
27,31961
23,31962
9,31963
19,31964
27,31965
12,31966
11,31967
27,31968
9,31969
1,31970
27,31971
11,31972
1,31973
1,31974
16,31975
27,31976
16,31977
27,31978
9,31979
9,31980
9,31981
19,31982
1,31983
1,31984
16,31985
9,31986
11,31987
1,31988
1,31989
19,31990
11,31991
11,31992
7,31993
1,31994
1,31995
12,31996
23,31997
27,31998
23,31999
9,32000
22,32001
19,32002
11,32003
12,32004
28,32005
3,32006
3,32007
9,32008
1,32009
11,32010
9,32011
1,32012
4,32013
1,32014
27,32015
19,32016
11,32017
4,32018
25,32019
19,32020
19,32021
19,32022
27,32023
11,32024
1,32025
9,32026
9,32027
11,32028
9,32029
19,32030
1,32031
27,32032
12,32033
27,32034
28,32035
11,32036
4,32037
3,32038
1,32039
11,32040
1,32041
1,32042
11,32043
11,32044
4,32045
12,32046
1,32047
1,32048
27,32049
24,32050
9,32051
9,32052
25,32053
10,32054
27,32055
11,32056
11,32057
3,32058
9,32059
9,32060
27,32061
11,32062
19,32063
40,32064
39,32065
27,32066
3,32067
4,32068
1,32069
27,32070
11,32071
28,32072
27,32073
12,32074
1,32075
11,32076
4,32077
11,32078
1,32079
1,32080
11,32081
1,32082
11,32083
4,32084
27,32085
11,32086
16,32087
7,32088
9,32089
23,32090
27,32091
27,32092
1,32093
9,32094
7,32095
1,32096
9,32097
19,32098
11,32099
9,32100
9,32101
11,32102
27,32103
23,32104
27,32105
15,32106
16,32107
1,32108
11,32109
24,32110
9,32111
27,32112
11,32113
9,32114
11,32115
11,32116
27,32117
19,32118
2,32119
19,32120
1,32121
27,32122
21,32123
19,32124
27,32125
27,32126
39,32127
19,32128
1,32129
1,32130
9,32131
18,32132
22,32133
28,32134
19,32135
19,32136
9,32137
11,32138
5,32139
27,32140
11,32141
19,32142
11,32143
27,32144
9,32145
4,32146
9,32147
1,32148
27,32149
1,32150
1,32151
3,32152
11,32153
1,32154
1,32155
7,32156
9,32157
11,32158
9,32159
9,32160
11,32161
9,32162
1,32163
1,32164
11,32165
27,32166
9,32167
27,32168
9,32169
9,32170
11,32171
11,32172
1,32173
27,32174
23,32175
5,32176
9,32177
16,32178
9,32179
23,32180
27,32181
1,32182
27,32183
27,32184
19,32185
1,32186
1,32187
23,32188
1,32189
1,32190
36,32191
27,32192
9,32193
1,32194
27,32195
1,32196
27,32197
9,32198
9,32199
9,32200
5,32201
15,32202
9,32203
21,32204
19,32205
15,32206
9,32208
9,32208
9,32209
9,32210
19,32211
24,32212
15,32213
24,32214
9,32215
4,32216
20,32217
7,32218
3,32219
20,32220
5,32221
14,32222
36,32223
3,32224
3,32225
39,32226
2,32227
1,32228
7,32229
9,32230
19,32231
7,32232
6,32233
6,32234
22,32235
18,32236
15,32237
7,32238
6,32239
4,32240
29,32241
17,32242
22,32243
2,32244
4,32245
3,32246
19,32247
7,32248
3,32250
22,32251
9,32252
22,32253
3,32254
1,32255
39,32256
18,32257
7,32258
7,32259
19,32260
15,32261
22,32262
3,32263
9,32264
14,32265
13,32266
32,32267
24,32268
7,32269
9,32270
9,32271
12,32272
16,32273
7,32274
20,32275
15,32276
14,32277
33,32278
1,32279
2,32280
19,32281
21,32282
20,32283
5,32284
15,32285
18,32286
40,32287
32,32288
22,32289
21,32290
7,32291
5,32292
36,32293
19,32294
36,32295
22,32296
6,32297
3,32298
21,32299
32,32300
3,32301
19,32302
6,32303
15,32304
40,32305
24,32306
19,32307
20,32308
19,32309
3,32310
19,32311
24,32312
18,32313
22,32314
13,32315
21,32316
1,32317
6,32318
3,32319
32,32320
16,32321
7,32322
5,32323
21,32324
33,32325
26,32326
18,32327
19,32328
21,32329
9,32330
18,32331
22,32332
39,32333
16,32334
9,32335
15,32336
6,32337
32,32338
9,32339
32,32340
1,32341
5,32342
4,32343
5,32344
8,32345
1,32346
19,32347
15,32348
16,32349
15,32350
22,32351
7,32352
22,32353
19,32354
21,32355
7,32356
3,32357
5,32358
15,32359
14,32360
9,32361
40,32362
7,32363
7,32364
19,32365
15,32366
18,32367
9,32368
22,32369
24,32370
18,32371
19,32372
2,32373
6,32374
22,32375
18,32376
6,32377
13,32378
6,32379
9,32380
21,32381
36,32382
22,32383
19,32384
6,32385
21,32386
19,32387
20,32388
22,32389
19,32390
39,32391
3,32392
24,32393
7,32394
9,32395
36,32396
39,32397
5,32398
20,32399
20,32400
15,32401
1,32402
24,32403
15,32404
5,32405
7,32406
20,32407
21,32408
16,32409
3,32410
7,32411
32,32412
36,32413
4,32414
7,32415
5,32416
15,32417
33,32418
5,32419
23,32420
5,32421
24,32422
9,32423
9,32424
5,32425
5,32426
16,32427
19,32428
32,32429
7,32430
13,32431
15,32432
6,32433
3,32434
40,32435
39,32436
20,32437
12,32438
4,32439
2,32440
40,32441
28,32442
18,32443
15,32444
20,32445
3,32446
20,32447
20,32448
22,32449
14,32450
13,32451
21,32452
32,32453
39,32454
22,32455
13,32456
19,32457
14,32458
40,32459
19,32460
19,32461
15,32462
6,32463
7,32464
29,32465
20,32466
9,32467
7,32468
23,32469
19,32470
5,32471
9,32472
