id,text,pos
1000,abnormalita,N
1001,abnormální,A
1002,abonent,N
1003,abonentní,A
1004,abonmá,N
1005,abrazivní,A
1006,absces,N
1007,absence,N
1008,absentující,A
1009,absint,N
1010,absolutno,N
1011,absolutorium,N
1012,absolventka,N
1013,absorpce,N
1014,abstinent,N
1015,abstinenční,A
1016,abstinovat,V
1017,abstrakce,N
1018,abstraktní,A
1019,absurdita,N
1020,absurdnost,N
1021,absurdní,A
1022,absurdně,D
1023,aceton,N
1024,achilovka,N
1025,acylpyrin,N
1026,adaptabilita,N
1027,adaptace,N
1028,adaptační,A
1029,adaptovat,V
1030,adekvátní,A
1031,adekvátně,D
1032,adept,N
1033,adeptka,N
1034,adheze,N
1035,adhezní,A
1036,adiktologie,N
1037,aditivní,A
1038,aditivum,N
1039,adjektivum,N
1040,administrativa,N
1041,administrativní,A
1042,administrativně,D
1043,administrátor,N
1044,admiralita,N
1045,admirál,N
1046,adolescent,N
1047,adopce,N
1048,adoptovaný,A
1049,adoptovat,V
1050,adrenalin,N
1051,adresa,N
1052,adresní,A
1053,adresný,A
1054,adresně,D
1055,adresovat,V
1056,adresát,N
1057,adresář,N
1058,advent,N
1059,adventista,N
1060,adventura,N
1061,advokát,N
1062,advokátní,A
1063,aero,N
1064,aerobic,N
1065,aerobní,A
1066,aerodynamický,A
1067,aerodynamika,N
1068,aerolinie,N
1069,aerolinka,N
1070,aerosol,N
1071,aerovka,N
1072,afekt,N
1073,afro,N
1074,afrodiziakum,N
1075,afta,N
1076,aféra,N
1077,aférka,N
1078,agenda,N
1079,agentka,N
1080,agentura,N
1081,agilita,N
1082,agilní,A
1083,agitace,N
1084,agitační,A
1085,agitka,N
1086,agitátor,N
1087,aglomerace,N
1088,agregace,N
1089,agregátní,A
1090,agrese,N
1091,agresivita,N
1092,agresivní,A
1093,agresívní,A
1094,agresívně,D
1095,agrární,A
1096,agrárník,N
1097,agáve,N
1098,agónie,N
1099,aikido,N
1100,akademický,A
1101,akademie,N
1102,akademik,N
1103,akce,N
1104,akcelerace,N
1105,akcelerovat,V
1106,akcelerátor,N
1107,akcent,N
1108,akcentovat,V
1109,akceptovaný,A
1110,akceptovat,V
1111,akceptovatelný,A
1112,akceptování,N
1113,akceschopnost,N
1114,akceschopný,A
1115,akcie,N
1116,akcionář,N
1117,akciovka,N
1118,akciový,A
1119,aklimatizace,N
1120,aklimatizační,A
1121,akné,N
1122,akord,N
1123,akordeon,N
1124,akordeonista,N
1125,akordeonový,A
1126,akorát,D
1127,akreditace,N
1128,akreditační,A
1129,akreditiv,N
1130,akreditovaný,A
1131,akreditovat,V
1132,akrobat,N
1133,akrobatický,A
1134,akrylový,A
1135,akrylátový,A
1136,akta,N
1137,aktiv,N
1138,aktivace,N
1139,aktivační,A
1140,aktivismus,N
1141,aktivista,N
1142,aktivistka,N
1143,aktivita,N
1144,aktivizace,N
1145,aktivizační,A
1146,aktivizovat,V
1147,aktivně,D
1148,aktivovaný,A
1149,aktivovat,V
1150,aktivum,N
1151,aktovka,N
1152,aktualita,N
1153,aktualizace,N
1154,aktualizovaný,A
1155,aktualizovat,V
1156,aktuálnost,N
1157,aktuální,A
1158,aktér,N
1159,aktérka,N
1160,akumulační,A
1161,akumulovaný,A
1162,akumulovat,V
1163,akumulátor,N
1164,akumulátorový,A
1165,akupresura,N
1166,akupunkturní,A
1167,akusticky,D
1168,akustický,A
1169,akustika,N
1170,akutní,A
1171,akutně,D
1172,akvabela,N
1173,akvapark,N
1174,akvarel,N
1175,akvarela,N
1176,akvarelový,A
1177,akvarijní,A
1178,akvarista,N
1179,akvaristika,N
1180,akvizice,N
1181,akviziční,A
1182,akvárium,N
1183,akácie,N
1184,alarm,N
1185,alarmující,A
1186,albatros,N
1187,album,N
1188,alchymie,N
1189,alchymista,N
1190,alchymistický,A
1191,alegorický,A
1192,alegorie,N
1193,alej,N
1194,alela,N
1195,alergen,N
1196,alergický,A
1197,alergie,N
1198,alergik,N
1199,alergizující,A
1200,alergolog,N
1201,alergologický,A
1202,alergologie,N
1203,alergoložka,N
1204,alfa,N
1205,algebra,N
1206,aliance,N
1207,alias,J
1208,alibi,N
1209,aligátor,N
1210,alkalický,A
1211,alkaloid,N
1212,alkohol,N
1213,alkoholický,A
1214,alkoholička,N
1215,alkoholový,A
1216,almanach,N
1217,almara,N
1218,almužna,N
1219,alobal,N
1220,alokace,N
1221,alokovat,V
1222,alpaka,N
1223,alternace,N
1224,alternativně,D
1225,alternátor,N
1226,altruismus,N
1227,altán,N
1228,altánek,N
1229,aluminium,N
1230,amalgám,N
1231,amant,N
1232,amarant,N
1233,amatér,N
1234,amatérismus,N
1235,amatérský,A
1236,amazonka,N
1237,ambasador,N
1238,ambasáda,N
1239,ambice,N
1240,ambiciozní,A
1241,ambiciózní,A
1242,ambientní,A
1243,ambivalentní,A
1244,ambrózie,N
1245,ambulance,N
1246,ambulantní,A
1247,ambulantně,D
1248,amen,N
1249,amfetamin,N
1250,amfiteátr,N
1251,amfora,N
1252,amnestie,N
1253,amnézie,N
1254,amok,N
1255,amoniak,N
1256,amor,N
1257,amortizace,N
1258,amplituda,N
1259,amplión,N
1260,ampule,N
1261,ampulka,N
1262,amputace,N
1263,amputovaný,A
1264,amulet,N
1265,anabolikum,N
1266,anabáze,N
1267,anachronismus,N
1268,analfabet,N
1269,analgetikum,N
1270,analgezie,N
1271,analog,N
1272,analogicky,D
1273,analogický,A
1274,analogie,N
1275,analogový,A
1276,analytický,A
1277,analytik,N
1278,analytička,N
1279,analyzování,N
1280,analyzátor,N
1281,analýza,N
1282,anamnéza,N
1283,ananas,N
1284,anarchie,N
1285,anarchismus,N
1286,anarchista,N
1287,anatom,N
1288,anatomický,A
1289,anatomie,N
1290,android,N
1291,andulka,N
1292,anděl,N
1293,andělíček,N
1294,anekdota,N
1295,anekdotický,A
1296,anektovat,V
1297,anestetikum,N
1298,anestezie,N
1299,anesteziolog,N
1300,anesteziologie,N
1301,angažmá,N
1302,angažovanost,N
1303,angažovaný,A
1304,angažovat,V
1305,angrešt,N
1306,angína,N
1307,animace,N
1308,animační,A
1309,animovat,V
1310,animozita,N
1311,animální,A
1312,aniont,N
1313,anketní,A
1314,anomálie,N
1315,anonym,N
1316,anonymita,N
1317,anonymní,A
1318,anonymně,D
1319,anorganický,A
1320,anotace,N
1321,antagonismus,N
1322,antagonista,N
1323,antibakteriální,A
1324,antibiotický,A
1325,antibiotikum,N
1326,antidepresivum,N
1327,antigen,N
1328,antihmota,N
1329,antihrdina,N
1330,antika,N
1331,antikoncepce,N
1332,antikoncepční,A
1333,antikorozní,A
1334,antikvariát,N
1335,antikvář,N
1336,antilopa,N
1337,antipatie,N
1338,antiperspirant,N
1339,antistresový,A
1340,antivirový,A
1341,antivirus,N
1342,antologie,N
1343,antolog,N
1344,antropogenní,A
1345,antropolog,N
1346,antropologický,A
1347,antropoložka,N
1348,antuka,N
1349,antukový,A
1350,antukář,N
1351,anténa,N
1352,anténní,A
1353,anulovat,V
1354,anulování,N
1355,anály,N
1356,anémie,N
1357,ančovička,N
1358,aorta,N
1359,aparatura,N
1360,aparát,N
1361,apartmá,N
1362,apartmán,N
1363,apartmánový,A
1364,apatický,A
1365,apatie,N
1366,apatyka,N
1367,apel,N
1368,apelovat,V
1369,apendix,N
1370,apetit,N
1371,aplaus,N
1372,aplikace,N
1373,aplikační,A
1374,aplikovat,V
1375,aplikovatelný,A
1376,aplikování,N
1377,aplikátor,N
1378,apokalypsa,N
1379,apokalyptický,A
1380,apolitický,A
1381,apoštol,N
1382,apriorní,A
1383,aragonitový,A
1384,aranž,N
1385,aranžmá,N
1386,aranžovací,A
1387,aranžovaný,A
1388,aranžování,N
1389,aranžér,N
1390,aranžérka,N
1391,aranžérský,A
1392,arašíd,N
1393,arašídový,A
1394,arbitr,N
1395,arbitráž,N
1396,arbitrážní,A
1397,arboretum,N
1398,arborista,N
1399,arch,N
1400,archa,N
1401,archeolog,N
1402,archeologicky,D
1403,archeologický,A
1404,archeologie,N
1405,archeoložka,N
1406,archeopark,N
1407,archetyp,N
1408,architekt,N
1409,architektka,N
1410,architektura,N
1411,architektův,A
1412,archiv,N
1413,archivnictví,N
1414,archivní,A
1415,archiválie,N
1416,archivář,N
1417,arcibiskupský,A
1418,arcibiskupství,N
1419,arcidiecéze,N
1420,arcidiecézní,A
1421,arcivévoda,N
1422,area,N
1423,aretace,N
1424,areál,N
1425,argan,N
1426,arganový,A
1427,argon,N
1428,argument,N
1429,argumentace,N
1430,argumentační,A
1431,aristokracie,N
1432,aristokrat,N
1433,aristokratka,N
1434,aritmetický,A
1435,aritmetika,N
1436,armáda,N
1437,armádní,A
1438,arnika,N
1439,arogance,N
1440,arogantní,A
1441,aroma,N
1442,aromalampa,N
1443,aromaterapie,N
1444,aromatický,A
1445,arsen,N
1446,artefakt,N
1447,arteterapie,N
1448,artikl,N
1449,artikulovaný,A
1450,artikulovat,V
1451,artista,N
1452,artkino,N
1453,artritida,N
1454,artroskopický,A
1455,artróza,N
1456,artyčok,N
1457,arytmie,N
1458,arzenál,N
1459,aréna,N
1460,aróma,N
1461,asambláž,N
1462,asanace,N
1463,asanační,A
1464,asertivita,N
1465,asfalt,N
1466,asfaltka,N
1467,asfaltový,A
1468,asimilace,N
1469,asimilovat,V
1470,asistence,N
1471,asistent,N
1472,asistentka,N
1473,asistentský,A
1474,asistenční,A
1475,asketa,N
1476,asociace,N
1477,asociační,A
1478,asociovaný,A
1479,asonance,N
1480,aspekt,N
1481,aspik,N
1482,aspirace,N
1483,aspirant,N
1484,astigmatismus,N
1485,astma,N
1486,astmatický,A
1487,astmatik,N
1488,astra,N
1489,astrofyzik,N
1490,astrofyzika,N
1491,astrolog,N
1492,astrologie,N
1493,astroložka,N
1494,astronaut,N
1495,astronom,N
1496,astronomie,N
1497,asymetricky,D
1498,asymetrie,N
1499,asymptomatický,A
1500,asynchronní,A
1501,atak,N
1502,ataka,N
1503,atašé,N
1504,ateista,N
1505,ateistický,A
1506,ateliér,N
1507,ateliérový,A
1508,atentát,N
1509,atentátnice,N
1510,atentátník,N
1511,atest,N
1512,atestace,N
1513,atestační,A
1514,atestovaný,A
1515,atlas,N
1516,atlet,N
1517,atletika,N
1518,atletka,N
1519,atmosféra,N
1520,atmosférický,A
1521,atol,N
1522,atom,N
1523,atomovka,N
1524,atrakce,N
1525,atraktivita,N
1526,atraktivnost,N
1527,atraktivní,A
1528,atraktivně,D
1529,atribut,N
1530,atrofie,N
1531,audience,N
1532,audio,A
1533,audiokazeta,N
1534,audiokniha,N
1535,audionahrávka,N
1536,audiosystém,N
1537,audiovize,N
1538,audiovizuální,A
1539,audiozáznam,N
1540,audit,N
1541,auditní,A
1542,auditor,N
1543,auditorium,N
1544,auditorský,A
1545,auditovaný,A
1546,aukce,N
1547,aukční,A
1548,aula,N
1549,aura,N
1550,autenticky,D
1551,autentizace,N
1552,autentizační,A
1553,autentičnost,N
1554,auto,N
1555,autoatlas,N
1556,autobaterie,N
1557,autobazar,N
1558,autobiografie,N
1559,autobus,N
1560,autobusový,A
1561,autodoprava,N
1562,autodopravce,N
1563,autodrom,N
1564,autodráha,N
1565,autodíl,N
1566,autodílna,N
1567,autogram,N
1568,autogramiáda,N
1569,autokemp,N
1570,autokino,N
1571,automat,N
1572,automaticky,D
1573,automatický,A
1574,automatika,N
1575,automatismus,N
1576,automatizace,N
1577,automobil,N
1578,automobilka,N
1579,automobilní,A
1580,automotodrom,N
1581,autonehoda,N
1582,autonomie,N
1583,autopilot,N
1584,autoportrét,N
1585,autopůjčovna,N
1586,autor,N
1587,autorita,N
1588,autoritářský,A
1589,autorizační,A
1590,autorizovaný,A
1591,autorka,N
1592,autorsky,D
1593,autorský,A
1594,autorství,N
1595,autosalon,N
1596,autoservis,N
1597,autostráda,N
1598,autoveterán,N
1599,autovrak,N
1600,autoškola,N
1601,autíčko,N
1602,avantgarda,N
1603,avanti,I
1604,averze,N
1605,aviatický,A
1606,aviatik,N
1607,aviatika,N
1608,avizovat,V
1609,avokádo,N
1610,avšak,J
1611,axiom,N
1612,axiální,A
1613,azalka,N
1614,azbest,N
1615,azbestový,A
1616,azbuka,N
1617,azimut,N
1618,azurový,A
1619,azyl,N
1620,azylant,N
1621,azylový,A
1622,babeta,N
1623,babička,N
1624,babočka,N
1625,babrat,V
1626,bachař,N
1627,bachor,N
1628,bachyně,N
1629,bacil,N
1630,badatel,N
1631,badatelka,N
1632,badminton,N
1633,badmintonový,A
1634,badyán,N
1635,bageta,N
1636,bagr,N
1637,bagrista,N
1638,bagrování,N
1639,bagrovat,V
1640,bahenní,A
1641,bahnice,N
1642,bahnitý,A
1643,bahno,N
1644,bajonet,N
1645,bakalář,N
1646,bakalářský,A
1647,bakelit,N
1648,bakelitový,A
1649,baklažán,N
1650,bakterie,N
1651,bakteriální,A
1652,balada,N
1653,balamutit,V
1654,balanc,N
1655,balancovat,V
1656,balancování,N
1657,balancující,A
1658,balanční,A
1659,balast,N
1660,balastní,A
1661,baldachýn,N
1662,balení,N
1663,balený,A
1664,balerína,N
1665,balet,N
1666,baletka,N
1667,baletní,A
1668,balicí,A
1669,balistika,N
1670,balit,V
1671,balkán,N
1672,balkón,N
1673,balkónek,N
1674,balkónový,A
1675,balon,N
1676,balonek,N
1677,balonkový,A
1678,balonový,A
1679,balustráda,N
1680,balzamikový,A
1681,balzám,N
1682,balík,N
1683,balírna,N
1684,balíček,N
1685,balíčkový,A
1686,bambitka,N
1687,bambus,N
1688,bambusový,A
1689,banalita,N
1690,banda,N
1691,bandaska,N
1692,bandita,N
1693,bandáž,N
1694,bank,N
1695,banka,N
1696,banket,N
1697,bankomat,N
1698,bankovnictví,N
1699,bankovní,A
1700,bankrot,N
1701,bankrotový,A
1702,bankrotující,A
1703,bankéř,N
1704,bankéřka,N
1705,banální,A
1706,banálně,D
1707,banán,N
1708,banánovník,N
1709,baobab,N
1710,baptista,N
1711,barabizna,N
1712,barbar,N
1713,barbarský,A
1714,barbarství,N
1715,barel,N
1716,baret,N
1717,barevnost,N
1718,barevný,A
1719,barevně,D
1720,barikáda,N
1721,barikádník,N
1722,barista,N
1723,bariéra,N
1724,barman,N
1725,barmanka,N
1726,barokní,A
1727,baroko,N
1728,barometr,N
1729,baron,N
1730,baronka,N
1731,barva,N
1732,barvený,A
1733,barvit,V
1734,barvitý,A
1735,barvivo,N
1736,barvička,N
1737,baryton,N
1738,barytonista,N
1739,barák,N
1740,baráček,N
1741,baráčník,N
1742,baráž,N
1743,basa,N
1744,baseball,N
1745,baset,N
1746,basista,N
1747,basket,N
1748,basketbal,N
1749,basketbalový,A
1750,baskytarista,N
1751,bastion,N
1752,batalion,N
1753,baterie,N
1754,bateriový,A
1755,baterka,N
1756,batikovaný,A
1757,batikování,N
1758,batoh,N
1759,batole,N
1760,batolecí,A
1761,batát,N
1762,batůžek,N
1763,bavit,V
1764,bavič,N
1765,bavlna,N
1766,bavlnka,N
1767,bavlněný,A
1768,bazalka,N
1769,bazalkový,A
1770,bazar,N
1771,bazarový,A
1772,bazilika,N
1773,bazilišek,N
1774,bazální,A
1775,bazén,N
1776,bazének,N
1777,bazénový,A
1778,bazírovat,V
1779,bača,N
1780,bačkora,N
1781,bačkůrka,N
1782,baňka,N
1783,bašta,N
1784,baštit,V
1785,bažant,N
1786,bažantnice,N
1787,bažina,N
1788,bažinatý,A
1789,bdít,V
1790,bdělost,N
1791,bdělý,A
1792,bedekr,N
1793,bederní,A
1794,bedla,N
1795,bedlivě,D
1796,bedna,N
1797,bednička,N
1798,bedra,N
1799,bedýnka,N
1800,begonie,N
1801,benefice,N
1802,benevolence,N
1803,benjamínek,N
1804,benzen,N
1805,benzin,N
1806,benzinka,N
1807,beran,N
1808,beranice,N
1809,beranidlo,N
1810,berle,N
1811,berlička,N
1812,beruška,N
1813,beránek,N
1814,beránky,N
1815,berňák,N
1816,beseda,N
1817,bestie,N
1818,bestiář,N
1819,besídka,N
1820,beton,N
1821,betonovat,V
1822,betonování,N
1823,betonový,A
1824,betonárna,N
1825,betonářský,A
1826,betonáž,N
1827,bezbariérový,A
1828,bezbarvý,A
1829,bezbolestný,A
1830,bezbolestně,D
1831,bezbranný,A
1832,bezbrannost,N
1833,bezbřehý,A
1834,bezcenný,A
1835,bezchybný,A
1836,bezchybně,D
1837,bezcitnost,N
1838,bezcitný,A
1839,bezcílný,A
1840,bezcílně,D
1841,bezdomovec,N
1842,bezdomovectví,N
1843,bezdomovkyně,N
1844,bezdrátový,A
1845,bezdrátově,D
1846,bezdůvodný,A
1847,bezdůvodně,D
1848,bezedný,A
1849,bezejmenný,A
1850,bezesný,A
1851,bezešvý,A
1852,bezhlavý,A
1853,bezhlavě,D
1854,bezhotovostní,A
1855,bezhotovostně,D
1856,bezinka,N
1857,bezinkový,A
1858,bezkonfliktní,A
1859,bezkonkurenční,A
1860,bezkontaktní,A
1861,bezlepkový,A
1862,bezmezný,A
1863,bezmezně,D
1864,bezmoc,N
1865,bezmocnost,N
1866,bezmocný,A
1867,bezmotorový,A
1868,beznaděj,N
1869,beznadějně,D
1870,bezobratlý,A
1871,bezodkladný,A
1872,bezodkladně,D
1873,bezohlednost,N
1874,bezohledný,A
1875,bezohledně,D
1876,bezostyšně,D
1877,bezpečný,A
1878,bezpilotní,A
1879,bezplatný,N
1880,bezplatně,D
1881,bezpochyby,D
1882,bezproblémový,A
1883,bezprostřednost,N
1884,bezprostřední,A
1885,bezpředmětný,A
1886,bezradný,A
1887,bezradně,D
1888,bezrizikový,A
1889,bezstarostnost,N
1890,bezstarostný,A
1891,bezstarostně,D
1892,beztrestnost,N
1893,beztrestný,A
1894,beztvarý,A
1895,bezva,A
1896,bezvládně,D
1897,bezvládí,N
1898,bezvýchodný,A
1899,bezvýhradný,A
1900,bezvýznamnost,N
1901,bezvýznamný,A
1902,bezvědomí,N
1903,bezvěrec,N
1904,bezvětří,N
1905,bezúdržbový,A
1906,bezúhonnost,N
1907,bezúplatný,A
1908,bezúplatně,D
1909,bezúročný,A
1910,bezúspěšný,A
1911,bezúspěšně,D
1912,bezútěšný,A
1913,bezúčelný,A
1914,bezčasí,N
1915,bečka,N
1916,bešamel,N
1917,biatlon,N
1918,biatlonista,N
1919,biatlonistka,N
1920,biatlonový,A
1921,bible,N
1922,bibliografie,N
1923,bibliotéka,N
1924,biceps,N
1925,bicí,A
1926,bidet,N
1927,bidlo,N
1928,bidýlko,N
1929,bienále,N
1930,biflovat,V
1931,biflování,N
1932,biftek,N
1933,bijící,A
1934,biker,N
1935,bikiny,N
1936,bilance,N
1937,bilancovat,V
1938,bilancování,N
1939,bilaterální,A
1940,bilingvní,A
1941,bilirubin,N
1942,biliár,N
1943,biliárový,A
1944,bilión,N
1945,billboard,N
1946,bingo,N
1947,binární,A
1948,biochemie,N
1949,biodiverzita,N
1950,biofarma,N
1951,biograf,N
1952,biografický,A
1953,biografie,N
1954,biolog,N
1955,biologie,N
1956,bioodpad,N
1957,biopalivo,N
1958,biopotravina,N
1959,bioprodukt,N
1960,biopsie,N
1961,biorytmus,N
1962,biosféra,N
1963,biosférický,A
1964,biotop,N
1965,bipolární,A
1966,bisexuál,N
1967,biskup,N
1968,biskupství,N
1969,bistro,N
1970,bitka,N
1971,bitkař,N
1972,bitový,A
1973,bitva,N
1974,bitý,A
1975,bivak,N
1976,bivakovat,V
1977,bizarnost,N
1978,bizarně,D
1979,bizarní,A
1980,bizon,N
1981,bičovat,V
1982,bičování,N
1983,bičík,N
1984,biřmování,N
1985,bižuterie,N
1986,blaf,N
1987,blahobyt,N
1988,blahobytný,A
1989,blahodárný,A
1990,blahopřání,N
1991,blahopřát,V
1992,blahořečit,V
1993,blahý,A
1994,blamáž,N
1995,blankytný,A
1996,blatník,N
1997,blatný,A
1998,blato,N
1999,blaze,D
2000,blažený,A
2001,blaženě,D
2002,blbý,A
2003,blbě,D
2004,bledule,N
2005,bledě,D
2006,bledý,A
2007,blesk,N
2008,blesknout,V
2009,bleskosvod,N
2010,bleskový,A
2011,bleskurychle,D
2012,bleskurychlý,A
2013,blikající,A
2014,blikanec,N
2015,blikat,A
2016,bliknout,V
2017,blikání,N
2018,bližní,N
2019,blog,N
2020,blogerka,N
2021,bloger,N
2022,blogovat,V
2023,blok,N
2024,blokace,N
2025,blokační,A
2026,blokař,N
2027,blokařka,N
2028,blokovat,V
2029,blokový,A
2030,blokáda,N
2031,blokátor,N
2032,blond,A
2033,bloudit,V
2034,blouznit,V
2035,blouznění,N
2036,blud,N
2037,bludička,N
2038,bludiště,N
2039,bludný,A
2040,bluma,N
2041,blyštit,V
2042,blyštivý,A
2043,blábol,N
2044,bláhový,A
2045,bláhově,D
2046,blána,N
2047,bláto,N
2048,blázen,N
2049,bláznit,V
2050,bláznivě,D
2051,bláznovství,N
2052,blízce,D
2053,blízko,R
2054,blízkost,N
2055,blíž,R
2056,blíženec,N
2057,blížit,V
2058,blýsknout,V
2059,blýskat,V
2060,blýskání,N
2061,blůza,N
2062,blůzka,N
2063,bobek,N
2064,bobovat,V
2065,bobování,N
2066,bobový,A
2067,bobr,N
2068,bobtnající,A
2069,bobtnat,V
2070,bobule,N
2071,bobulka,N
2072,boby,N
2073,bochník,N
2074,bochánek,N
2075,bodat,V
2076,bodec,N
2077,bodlina,N
2078,bodlák,N
2079,bodnout,V
2080,bodnutí,N
2081,bodný,A
2082,bodovací,A
2083,bodovat,V
2084,bodující,A
2085,bodák,N
2086,bodík,N
2087,bohabojný,A
2088,bohapustý,A
2089,bohatnout,V
2090,bohatost,N
2091,bohatý,A
2092,bohatýr,N
2093,bohatýrský,A
2094,bohatě,D
2095,bohemista,N
2096,bohemistika,N
2097,bohoslužba,N
2098,bohoslužebný,A
2099,bohulibý,A
2100,boháč,N
2101,bohém,N
2102,bohéma,N
2103,bohémský,A
2104,bojiště,N
2105,bojkot,N
2106,bojkotovat,V
2107,bojler,N
2108,bojovat,V
2109,bojovka,N
2110,bojovnice,N
2111,bojovnost,N
2112,bojovník,N
2113,bojovný,A
2114,bojovně,D
2115,bojový,A
2116,bojující,A
2117,bojůvka,N
2118,boka,N
2119,bokem,D
2120,bokovka,N
2121,bolehlav,N
2122,bolero,N
2123,bolest,N
2124,bolestivost,N
2125,bolestivý,A
2126,bolestivě,D
2127,bolestné,N
2128,bolestný,A
2129,bolestně,D
2130,boltec,N
2131,bolístka,N
2132,bomba,N
2133,bombardovat,V
2134,bombardování,N
2135,bombardér,N
2136,bombastický,A
2137,bombička,N
2138,bombový,A
2139,bonboniéra,N
2140,bonbón,N
2141,bongo,N
2142,bonifikace,N
2143,bonita,N
2144,bonsaj,N
2145,bonus,N
2146,bonusový,A
2147,bonviván,N
2148,bordel,N
2149,bordó,N
2150,borec,N
2151,borelióza,N
2152,borovice,N
2153,bortící,A
2154,bortit,V
2155,borůvka,N
2156,borůvkový,A
2157,borůvčí,N
2158,bosky,D
2159,bota,N
2160,botanický,A
2161,botanik,N
2162,botaska,N
2163,botička,N
2164,botka,N
2165,botník,N
2166,bouchačka,N
2167,bouchnutí,N
2168,bouchnout,V
2169,bouchání,N
2170,bouda,N
2171,boudička,N
2172,boule,N
2173,bourací,A
2174,bouraný,A
2175,bourat,V
2176,bouračka,N
2177,bourák,N
2178,bouře,N
2179,bouřit,V
2180,bouřka,N
2181,bouřkový,A
2182,bouřlivák,N
2183,bouřlivý,A
2184,bouřlivě,D
2185,bouřící,A
2186,bowling,N
2187,boxer,N
2188,boxerka,N
2189,boxing,N
2190,boxovací,A
2191,boxovat,V
2192,bočnice,N
2193,boční,A
2194,bočně,D
2195,boření,N
2196,bořit,V
2197,božsky,D
2198,božský,A
2199,božstvo,N
2200,božství,N
2201,brabec,N
2202,brach,N
2203,brada,N
2204,bradavice,N
2205,bradavka,N
2206,bradlo,N
2207,brak,N
2208,brambor,N
2209,brambora,N
2210,bramboračka,N
2211,bramborový,A
2212,bramborák,N
2213,brambořík,N
2214,brambůrek,N
2215,branec,N
2216,branka,N
2217,brankoviště,N
2218,brankový,A
2219,brankově,D
2220,brankář,N
2221,brankářka,N
2222,braní,N
2223,branže,N
2224,bratr,N
2225,bratranec,N
2226,bratrský,A
2227,bratrstvo,N
2228,bratrství,N
2229,bratránek,N
2230,bratříček,N
2231,bravo,I
2232,bravurně,D
2233,brašna,N
2234,brečet,V
2235,brigáda,N
2236,brigádnice,N
2237,brigádnický,A
2238,brigádničit,V
2239,brigádní,A
2240,brigádník,N
2241,brigádně,D
2242,briketa,N
2243,brilantně,D
2244,brilantní,A
2245,briliant,N
2246,briliantový,A
2247,brko,N
2248,brloh,N
2249,brnkačka,N
2250,brnkat,N
2251,brnění,N
2252,brod,N
2253,brodit,V
2254,brodění,N
2255,brojit,V
2256,brok,N
2257,brokolice,N
2258,brokovnice,N
2259,bronchitida,N
2260,bronz,N
2261,bronzer,N
2262,broskvoň,N
2263,brouk,N
2264,brousek,N
2265,brousit,V
2266,brouzdaliště,N
2267,brouzdat,V
2268,brouzdání,N
2269,brouček,N
2270,broušení,N
2271,brož,N
2272,brožovaný,A
2273,brožura,N
2274,brožurka,N
2275,brtnice,N
2276,brusinka,N
2277,brusinkový,A
2278,bruslař,N
2279,bruslařka,N
2280,bruslařský,A
2281,brusle,N
2282,bruslení,N
2283,bruslit,V
2284,bruslící,A
2285,brusný,A
2286,brusírna,N
2287,brut,N
2288,brutalita,N
2289,brutální,A
2290,brutálně,D
2291,bručoun,N
2292,brva,N
2293,brynza,N
2294,bryčka,N
2295,brzda,N
2296,brzdař,N
2297,brzdit,V
2298,brzdný,A
2299,brzdový,A
2300,brzdící,A
2301,brzdění,N
2302,brzký,A
2303,brácha,N
2304,brána,N
2305,bránice,N
2306,bránit,V
2307,bránící,A
2308,bránění,N
2309,brázda,N
2310,brázdit,V
2311,bráška,N
2312,brýlatý,A
2313,brýle,N
2314,brýlový,A
2315,brčko,N
2316,brždění,N
2317,buben,N
2318,bubenice,N
2319,bubeník,N
2320,bublající,A
2321,bublat,V
2322,bublifuk,N
2323,bublina,N
2324,bublinka,N
2325,bublinkový,A
2326,bublinový,A
2327,bubnování,N
2328,bubák,N
2329,bubínek,N
2330,buchlovický,A
2331,buchta,N
2332,buclatý,A
2333,budit,V
2334,buditel,N
2335,budka,N
2336,budoucnost,N
2337,budoucí,A
2338,budova,N
2339,budovaný,A
2340,budovat,V
2341,budovatel,N
2342,budovatelský,A
2343,budoár,N
2344,budující,A
2345,budící,A
2346,budík,N
2347,budíček,N
2348,bufet,N
2349,bujarý,A
2350,bujení,N
2351,bujet,V
2352,bujný,A
2353,bujně,D
2354,bujon,N
2355,bujón,N
2356,bukový,A
2357,bukvice,N
2358,bula,N
2359,buldozer,N
2360,buldoček,N
2361,buldočí,A
2362,buldok,N
2363,bulgur,N
2364,bulimie,N
2365,bulva,N
2366,bulvár,N
2367,buly,N
2368,bunda,N
2369,bundička,N
2370,bungalov,N
2371,bunkr,N
2372,buněčný,A
2373,buran,N
2374,burcovat,V
2375,burcující,A
2376,burger,N
2377,burka,N
2378,burleska,N
2379,burza,N
2380,burzovní,A
2381,burácení,N
2382,burácet,V
2383,burák,N
2384,burčák,N
2385,burčákový,A
2386,buržoazie,N
2387,buržoazní,A
2388,busta,N
2389,butik,N
2390,buxus,N
2391,buzení,N
2392,buzola,N
2393,bučení,N
2394,bučet,V
2395,bučina,N
2396,buňka,N
2397,buřinka,N
2398,buřt,N
2399,buřtík,N
2400,bušení,N
2401,bušit,V
2402,bušící,A
2403,bydlení,N
2404,bydlet,V
2405,bydliště,N
2406,bydlící,A
2407,bylina,N
2408,bylinka,N
2409,bylinkový,A
2410,bylinkář,N
2411,bylinný,A
2412,byrokracie,N
2413,byrokrat,N
2414,byrokratický,A
2415,bystrost,N
2416,bystrý,A
2417,bytař,N
2418,bytelný,A
2419,bytná,N
2420,bytost,N
2421,bytostný,A
2422,bytostně,D
2423,bytovka,N
2424,bytový,A
2425,byznys,N
2426,byznysmen,N
2427,bzučení,N
2428,bzučet,V
2429,bába,N
2430,bábinka,N
2431,bábovička,N
2432,bábovka,N
2433,báchorka,N
2434,bádat,V
2435,bádání,N
2436,bágl,N
2437,báje,N
2438,báječně,D
2439,bájný,A
2440,bárka,N
2441,báseň,N
2442,básnický,A
2443,básnictví,N
2444,básnivý,A
2445,básnička,N
2446,básník,N
2447,básnířka,N
2448,báze,N
2449,bércový,A
2450,bérec,N
2451,béčko,N
2452,béčkový,A
2453,béžový,A
2454,bída,N
2455,bídný,A
2456,bídně,D
2457,bídák,N
2458,bílek,N
2459,bílkovina,N
2460,bílkový,A
2461,bóje,N
2462,bójka,N
2463,býložravec,N
2464,býložravý,A
2465,bývalka,N
2466,bývalý,A
2467,bývat,V
2468,bývávat,V
2469,býčí,A
2470,běda,N
2471,běhat,V
2472,během,R
2473,běhoun,N
2474,běhání,N
2475,bělat,V
2476,bělavý,A
2477,bělení,N
2478,bělicí,A
2479,bělidlo,N
2480,bělit,V
2481,běloba,N
2482,běloch,N
2483,bělost,N
2484,bělostný,A
2485,bělouš,N
2486,bělásek,N
2487,běsnit,V
2488,běsnící,A
2489,běsnění,N
2490,běžec,N
2491,běžecky,D
2492,běženec,N
2493,běžet,V
2494,běžka,N
2495,běžkař,N
2496,běžkařský,A
2497,běžkování,N
2498,běžkyně,N
2499,běžný,A
2500,běžící,A
2501,břeh,N
2502,břehový,A
2503,břemeno,N
2504,břevno,N
2505,březen,N
2506,březina,N
2507,břečka,N
2508,břich,N
2509,břicho,N
2510,břidlice,N
2511,břidlicový,A
2512,břidličný,A
2513,břit,N
2514,břitový,A
2515,břišní,A
2516,břídil,N
2517,břímě,N
2518,bříza,N
2519,břízka,N
2520,bůvol,N
2521,bůvolí,A
2522,bůček,N
2523,bůžek,N
2524,cachtat,V
2525,candát,N
2526,capart,N
2527,cech,N
2528,cechovní,A
2529,cedník,N
2530,cedr,N
2531,cedrový,A
2532,cedule,N
2533,cedulka,N
2534,ceknout,V
2535,cela,N
2536,celebrita,N
2537,celek,N
2538,celer,N
2539,celerový,A
2540,celiak,N
2541,celiakie,N
2542,celibát,N
2543,celkem,D
2544,cello,N
2545,celnice,N
2546,celník,N
2547,celodenní,A
2548,celofán,N
2549,celoroční,A
2550,celostátní,A
2551,celoživotní,A
2552,celoživotně,D
2553,celulitida,N
2554,celý,A
2555,cement,N
2556,cementárna,N
2557,cementář,N
2558,cenina,N
2559,cenit,V
2560,cennost,N
2561,cenný,A
2562,cenově,D
2563,cent,N
2564,centr,N
2565,centralizace,N
2566,centralizovaný,A
2567,centralizovat,V
2568,centrifuga,N
2569,centrum,N
2570,centrála,N
2571,centrální,A
2572,centrálně,D
2573,cenzor,N
2574,cenzura,N
2575,cenzurní,A
2576,cenzurovaný,A
2577,cenzurovat,V
2578,ceník,N
2579,ceníkový,A
2580,ceněný,A
2581,cepovat,V
2582,cepín,N
2583,ceremonie,N
2584,ceremoniál,N
2585,ceremoniální,A
2586,ceremoniář,N
2587,cereálie,N
2588,certifikace,N
2589,certifikační,A
2590,certifikovaný,A
2591,certifikovat,V
2592,certifikát,N
2593,cesta,N
2594,cestička,N
2595,cestopis,N
2596,cestopisný,A
2597,cestovat,V
2598,cestovatel,N
2599,cestovatelka,N
2600,cestovka,N
2601,cestovné,N
2602,cestující,N
2603,cestář,N
2604,cesťák,N
2605,cetka,N
2606,chabý,A
2607,chabě,D
2608,chaloupka,N
2609,chaluha,N
2610,chalupa,N
2611,chalupaření,N
2612,chalupník,N
2613,chalupář,N
2614,chalupářský,A
2615,chameleón,N
2616,chamtivost,N
2617,chamtivý,A
2618,chanuka,N
2619,chaos,N
2620,chaoticky,D
2621,chaotický,A
2622,chapadlo,N
2623,charakter,N
2624,charakteristický,A
2625,charakteristika,N
2626,charakterový,A
2627,charisma,N
2628,charita,N
2629,charitativní,A
2630,charitní,A
2631,charizmatický,A
2632,charta,N
2633,chasa,N
2634,chasník,N
2635,chat,N
2636,chata,N
2637,chatař,N
2638,chatařský,A
2639,chatka,N
2640,chatování,N
2641,chatový,A
2642,chatrč,N
2643,chcíplý,A
2644,chcípnout,V
2645,chechtat,V
2646,chemicky,D
2647,chemie,N
2648,chemikálie,N
2649,chemička,N
2650,chemoterapie,N
2651,chiméra,N
2652,chirurg,N
2653,chirurgicky,D
2654,chirurgie,N
2655,chlad,N
2656,chladicí,A
2657,chladit,V
2658,chladivo,N
2659,chladič,N
2660,chladnička,N
2661,chladno,N
2662,chladnokrevnost,N
2663,chladnout,V
2664,chladnutí,N
2665,chladný,A
2666,chladně,D
2667,chladový,A
2668,chladící,A
2669,chlamydie,N
2670,chlap,N
2671,chlapec,N
2672,chlapecký,A
2673,chlapeček,N
2674,chlapský,A
2675,chlazený,A
2676,chlebodárce,N
2677,chlebový,A
2678,chlebíček,N
2679,chlopeň,N
2680,chlorid,N
2681,chlorofyl,N
2682,chlorovodíkový,A
2683,chlouba,N
2684,chloupek,N
2685,chlubení,N
2686,chlubit,V
2687,chlup,N
2688,chlupáč,N
2689,chlácholit,V
2690,chléb,N
2691,chlév,N
2692,chlípník,N
2693,chlípný,A
2694,chlívek,N
2695,chlór,N
2696,chlórový,A
2697,chmel,N
2698,chmelař,N
2699,chmelařský,A
2700,chmelařství,N
2701,chmelnice,N
2702,chmelový,A
2703,chmura,N
2704,chmurný,A
2705,chmurně,D
2706,chmýří,N
2707,chobot,N
2708,chobotnice,N
2709,chobotnička,N
2710,chocholouš,N
2711,chod,N
2712,chodba,N
2713,chodec,N
2714,chodit,V
2715,chodkyně,N
2716,chodník,N
2717,chodníkový,A
2718,chodníček,N
2719,chodítko,N
2720,chodívat,V
2721,cholera,N
2722,cholerický,A
2723,cholesterol,N
2724,chomáč,N
2725,chomáček,N
2726,choreograf,N
2727,choreografický,A
2728,choreografie,N
2729,choroba,N
2730,chorobný,A
2731,chorobopis,N
2732,choroboplodný,A
2733,choroš,N
2734,choulit,V
2735,choutka,N
2736,chov,N
2737,chovající,A
2738,chovanka,N
2739,chovat,V
2740,chovatel,N
2741,chovatelka,N
2742,chování,N
2743,chození,N
2744,choť,N
2745,chrabrost,N
2746,chrabrý,A
2747,chraplák,N
2748,chrapot,N
2749,chrastítko,N
2750,chrlení,N
2751,chrlič,N
2752,chrlit,V
2753,chrlící,A
2754,chrom,N
2755,chromovaný,A
2756,chromozom,N
2757,chromý,A
2758,chronicky,D
2759,chronologicky,D
2760,chronologický,A
2761,chronometr,N
2762,chroptět,V
2763,chroupat,V
2764,chroust,N
2765,chrpa,N
2766,chrt,N
2767,chrup,N
2768,chrupavka,N
2769,chryzantéma,N
2770,chrám,N
2771,chrámový,A
2772,chránit,V
2773,chránič,N
2774,chránící,A
2775,chráněnec,N
2776,chráněný,A
2777,chrápání,N
2778,chrápat,V
2779,chrást,N
2780,chtivý,A
2781,chtít,V
2782,chtíč,N
2783,chuchvalec,N
2784,chudinka,N
2785,chudičký,A
2786,chudnout,V
2787,chudobinec,N
2788,chudobný,A
2789,chudák,N
2790,chudáček,N
2791,chudý,A
2792,chumelenice,N
2793,chumelit,V
2794,chuml,N
2795,chundelatý,A
2796,churavějící,A
2797,churavět,V
2798,chutnat,V
2799,chutný,A
2800,chuďas,N
2801,chuť,N
2802,chuťovka,N
2803,chuťový,A
2804,chvalozpěv,N
2805,chvatně,D
2806,chvilinka,N
2807,chvilička,N
2808,chvilka,N
2809,chvilkový,A
2810,chvojí,N
2811,chvost,N
2812,chvála,N
2813,chválený,A
2814,chválit,V
2815,chvályhodný,A
2816,chvátat,V
2817,chvíle,N
2818,chvějící,A
2819,chvění,N
2820,chyba,N
2821,chybit,V
2822,chybička,N
2823,chybka,N
2824,chybovost,N
2825,chybový,A
2826,chybějící,A
2827,chybět,V
2828,chycení,N
2829,chycený,A
2830,chystající,A
2831,chystání,N
2832,chystat,V
2833,chyt,N
2834,chytající,A
2835,chytat,V
2836,chytit,V
2837,chytnout,V
2838,chytrák,N
2839,chytráček,N
2840,chytrý,A
2841,chytání,N
2842,chytře,D
2843,chápající,A
2844,chápaný,A
2845,chápat,V
2846,chápavý,A
2847,chápavě,D
2848,chátrat,V
2849,chátrání,N
2850,chýlit,V
2851,chýše,N
2852,chňapka,N
2853,chňapnout,V
2854,chřadnoucí,A
2855,chřadnout,V
2856,chřest,N
2857,chřestový,A
2858,chřestýš,N
2859,chřipka,N
2860,chřipkový,A
2861,chřtán,N
2862,chřípí,N
2863,chůva,N
2864,chůvička,N
2865,chůze,N
2866,cibule,N
2867,cibulka,N
2868,cibulovina,N
2869,cibulový,A
2870,cibulák,N
2871,cider,N
2872,ciferník,N
2873,cifra,N
2874,cigareta,N
2875,cigaretka,N
2876,cigáro,N
2877,cihelna,N
2878,cihelný,A
2879,cihla,N
2880,cihlička,N
2881,cihlový,A
2882,cihlově,D
2883,cikáda,N
2884,cimbalista,N
2885,cimbalistka,N
2886,cimbuří,N
2887,cimbál,N
2888,cimbálovka,N
2889,cimbálový,A
2890,cimra,N
2891,cink,N
2892,cinkat,V
2893,cinknout,V
2894,cinkot,N
2895,cinkání,N
2896,cirkulace,N
2897,cirkulační,A
2898,cirkulovat,V
2899,cirkulující,A
2900,cirkulárka,N
2901,cirkus,N
2902,cirkusák,N
2903,cisterna,N
2904,cisternový,A
2905,citace,N
2906,citadela,N
2907,citelný,A
2908,citelně,D
2909,citický,A
2910,citlivka,N
2911,citlivý,A
2912,citlivě,D
2913,citoslovce,N
2914,citovaný,A
2915,citovat,V
2916,citovost,N
2917,citový,A
2918,citově,D
2919,citron,N
2920,citrónový,A
2921,citát,N
2922,civil,N
2923,civilista,N
2924,civilizace,N
2925,civilizační,A
2926,civilní,A
2927,cizina,N
2928,cizinecký,A
2929,cizinec,N
2930,cizinka,N
2931,cizojazyčný,A
2932,cizokrajný,A
2933,cizopasník,N
2934,cizorodý,A
2935,cizrna,N
2936,cizák,N
2937,cizí,A
2938,clona,N
2939,cloudový,A
2940,cloumat,V
2941,cokoli,P
2942,copánek,N
2943,coul,N
2944,couvající,A
2945,couvat,V
2946,couvnout,V
2947,couvání,N
2948,ctnost,N
2949,ctít,V
2950,cudnost,N
2951,cudný,A
2952,cudně,D
2953,cukat,V
2954,cukernatost,N
2955,cukerní,A
2956,cukerný,A
2957,cuketa,N
2958,cuketový,A
2959,cuknout,V
2960,cukr,N
2961,cukrařina,N
2962,cukrovar,N
2963,cukrovinka,N
2964,cukrovka,N
2965,cukrovkář,N
2966,cukroví,N
2967,cukrárna,N
2968,cukrátko,N
2969,cukrář,N
2970,cukrářství,N
2971,cukrářka,N
2972,cukání,N
2973,cukřenka,N
2974,curling,N
2975,cvak,I
2976,cvaknout,V
2977,cvakat,V
2978,cvakání,N
2979,cval,N
2980,cvalový,A
2981,cvalík,N
2982,cvik,N
2983,cvičební,A
2984,cvičenec,N
2985,cvičenka,N
2986,cvičený,A
2987,cvičit,V
2988,cvičitel,N
2989,cvičitelka,N
2990,cvičiště,N
2991,cvička,N
2992,cvičný,A
2993,cvičák,N
2994,cvoček,N
2995,cvrkot,N
2996,cvrnkání,N
2997,cvrček,N
2998,cválat,V
2999,cyklicky,D
3000,cyklista,N
3001,cyklistka,N
3002,cyklobus,N
3003,cyklon,N
3004,cyklopruh,N
3005,cyklostezka,N
3006,cyklotrasa,N
3007,cykloturistika,N
3008,cyklus,N
3009,cylindr,N
3010,cylindrický,A
3011,cynicky,D
3012,cynik,N
3013,cynismus,N
3014,cypřiš,N
3015,cysta,N
3016,cystický,A
3017,céva,N
3018,cévka,N
3019,cévní,A
3020,cílení,N
3021,cílený,A
3022,cíleně,D
3023,cílevědomost,N
3024,cílevědomý,A
3025,cílevědomě,D
3026,cílit,V
3027,cílový,A
3028,cínový,A
3029,církev,N
3030,církevní,A
3031,císař,N
3032,císařovna,N
3033,císařství,N
3034,cívka,N
3035,dabing,N
3036,dabovat,V
3037,daleko,D
3038,dalekohled,N
3039,dalekozrakost,N
3040,daleký,A
3041,dalmatin,N
3042,další,A
3043,danit,V
3044,danost,N
3045,daný,A
3046,dančí,A
3047,daně,N
3048,daněk,N
3049,darebák,N
3050,darovací,A
3051,darovat,V
3052,data,N
3053,databanka,N
3054,databáze,N
3055,datacentrum,N
3056,datel,N
3057,datle,N
3058,datlový,A
3059,datovaný,A
3060,datování,N
3061,datovat,V
3062,datový,A
3063,datum,N
3064,daňový,A
3065,daňově,D
3066,dařit,V
3067,dbalý,A
3068,dbát,V
3069,dcera,N
3070,dcerka,N
3071,dceruška,N
3072,dceřiný,A
3073,deaktivovat,V
3074,debakl,N
3075,debata,N
3076,debatní,A
3077,debatér,N
3078,debetní,A
3079,debut,N
3080,debutant,N
3081,debutantka,N
3082,debutovat,V
3083,debutový,A
3084,debutující,A
3085,decentní,A
3086,decentně,D
3087,dech,N
3088,dechberoucí,A
3089,dechovka,N
3090,decibel,N
3091,decilitr,N
3092,decimovat,V
3093,defekt,N
3094,defektní,A
3095,defenestrace,N
3096,defenziva,N
3097,defenzivní,A
3098,defibrilátor,N
3099,deficit,N
3100,defilé,N
3101,definice,N
3102,definitiva,N
3103,definitivně,D
3104,definitivní,A
3105,definovaný,A
3106,definovat,V
3107,definovatelný,A
3108,definování,N
3109,definující,A
3110,deflace,N
3111,deflační,A
3112,deformace,N
3113,deformační,A
3114,deformita,N
3115,deformovaný,A
3116,defraudace,N
3117,degenerace,N
3118,degenerativní,A
3119,degenerovat,V
3120,degradace,N
3121,degustace,N
3122,degustátor,N
3123,dehet,N
3124,dehonestace,N
3125,dehonestovat,V
3126,dehtový,A
3127,dehydratace,N
3128,dehydratovaný,A
3129,dehydrovaný,A
3130,deka,N
3131,dekadence,N
3132,dekagram,N
3133,deklarace,N
3134,deklarovaný,A
3135,deklarovat,V
3136,deklasovat,V
3137,dekodér,N
3138,dekolt,N
3139,dekonstrukce,N
3140,dekor,N
3141,dekorace,N
3142,dekorativní,A
3143,dekorační,A
3144,dekorovat,V
3145,dekorování,N
3146,dekret,N
3147,dekáda,N
3148,delegace,N
3149,delegovat,V
3150,delegování,N
3151,delegát,N
3152,delfín,N
3153,delikatesa,N
3154,delikt,N
3155,delikvent,N
3156,delikátní,A
3157,delta,N
3158,dementovat,V
3159,demise,N
3160,demižon,N
3161,demo,N
3162,demograf,N
3163,demografický,A
3164,demografie,N
3165,demokracie,N
3166,demokrat,N
3167,demokraticky,D
3168,demokratičnost,N
3169,demokratka,N
3170,demolice,N
3171,demoliční,A
3172,demolovat,V
3173,demonstrace,N
3174,demonstrant,N
3175,demonstrativní,A
3176,demonstrovat,V
3177,demonstrující,A
3178,demontovaný,A
3179,demontovat,V
3180,demontáž,N
3181,demotivovat,V
3182,denominace,N
3183,dentální,A
3184,denár,N
3185,deník,N
3186,deníkový,A
3187,deníček,N
3188,deodorant,N
3189,depeše,N
3190,deponovat,V
3191,deportace,N
3192,depot,N
3193,depozit,N
3194,depozitní,A
3195,depozitum,N
3196,deprese,N
3197,depresivní,A
3198,depresivně,D
3199,deprimovaný,A
3200,deprimovat,V
3201,deprivace,N
3202,deratizace,N
3203,deratizační,A
3204,deratizátor,N
3205,deratizér,N
3206,deregulace,N
3207,derivace,N
3208,derivát,N
3209,derivátový,A
3210,dermatitida,N
3211,dermatolog,N
3212,dermatologický,A
3213,dermatologie,N
3214,dermatoložka,N
3215,derniéra,N
3216,desatero,N
3217,desetník,N
3218,desinfekce,N
3219,desinfekční,A
3220,deska,N
3221,deskový,A
3222,deskriptivní,A
3223,despekt,N
3224,despota,N
3225,destabilizace,N
3226,destabilizovat,V
3227,destilace,N
3228,destilační,A
3229,destilovat,V
3230,destilát,N
3231,destinace,N
3232,destinační,A
3233,destička,N
3234,destrukce,N
3235,destrukční,A
3236,desátek,N
3237,desátník,N
3238,detail,N
3239,detailní,A
3240,detailně,D
3241,detašovaný,A
3242,detekce,N
3243,detektiv,N
3244,detektivka,N
3245,detektor,N
3246,detekovat,V
3247,detekční,A
3248,detence,N
3249,detenční,A
3250,detonace,N
3251,detoxikace,N
3252,devalvace,N
3253,devalvovat,V
3254,devastace,N
3255,devastovaný,A
3256,devastující,A
3257,development,N
3258,deviace,N
3259,deviza,N
3260,dezerce,N
3261,dezert,N
3262,dezertovat,V
3263,dezertér,N
3264,deziluze,N
3265,dezinfekce,N
3266,dezinfekční,A
3267,dezinformace,N
3268,dezorientace,N
3269,dezén,N
3270,deštivo,D
3271,deštivý,A
3272,deštník,N
3273,deštný,A
3274,deštík,N
3275,dešťový,A
3276,diabetes,N
3277,diabetický,A
3278,diabetik,N
3279,diabetička,N
3280,diabetologie,N
3281,diagnostický,A
3282,diagnostik,N
3283,diagnostika,N
3284,diagnostikovat,V
3285,diagnóza,N
3286,diagonála,N
3287,diagonální,A
3288,diagram,N
3289,diakonie,N
3290,diakritika,N
3291,dialekt,N
3292,dialog,N
3293,dialogový,A
3294,dialýza,N
3295,diamant,N
3296,diamantový,A
3297,diametrální,A
3298,diametrálně,D
3299,diapozitiv,N
3300,diaspora,N
3301,didaktický,A
3302,didaktika,N
3303,diecéze,N
3304,diecézní,A
3305,dieta,N
3306,dietní,A
3307,dietolog,N
3308,dietoložka,N
3309,diference,N
3310,diferenciál,N
3311,diferenciální,A
3312,diferencovaný,A
3313,diferenční,A
3314,difuze,N
3315,difuzér,N
3316,digitalizovat,V
3317,digitalizovaný,A
3318,digitál,N
3319,digitální,A
3320,dikobraz,N
3321,diktafon,N
3322,diktovaný,A
3323,diktovat,V
3324,diktát,N
3325,diktátor,N
3326,diktátorský,A
3327,dilatace,N
3328,dilatační,A
3329,dilema,N
3330,diletant,N
3331,dimenze,N
3332,dimenzování,N
3333,dingo,N
3334,dinosaurus,N
3335,dinár,N
3336,dioda,N
3337,diodový,A
3338,dioptrický,A
3339,dioptrie,N
3340,diorama,N
3341,dioxin,N
3342,diplom,N
3343,diplomat,N
3344,diplomaticky,D
3345,diplomatický,A
3346,diplomatka,N
3347,diplomka,N
3348,diplomovaný,A
3349,diplomový,A
3350,direkt,N
3351,direktiva,N
3352,direktoriát,N
3353,dirigent,N
3354,dirigentský,A
3355,dirigovaný,A
3356,dirigování,N
3357,dirigovat,A
3358,discgolf,N
3359,disciplinární,A
3360,disciplína,N
3361,disco,N
3362,disident,N
3363,disidentka,N
3364,disk,N
3365,diskař,N
3366,diskařka,N
3367,diskařský,A
3368,disketa,N
3369,disko,N
3370,diskontní,A
3371,diskotéka,N
3372,diskový,A
3373,diskreditace,N
3374,diskriminace,N
3375,diskriminační,A
3376,diskrétnost,N
3377,diskrétně,D
3378,diskurz,N
3379,diskuse,N
3380,diskutovat,V
3381,diskutující,A
3382,diskutér,N
3383,diskuze,N
3384,diskvalifikace,N
3385,diskvalifikovat,V
3386,diskžokej,N
3387,dislokace,N
3388,dislokovaný,A
3389,dislokovat,V
3390,disperzní,A
3391,dispečer,N
3392,dispečerka,N
3393,dispečerský,A
3394,dispečink,N
3395,displej,N
3396,disponovat,V
3397,disponující,A
3398,dispozice,N
3399,dispoziční,A
3400,dispozičně,D
3401,disproporce,N
3402,distanc,N
3403,distance,N
3404,distancovat,V
3405,distanční,A
3406,distingovaný,A
3407,distribuce,N
3408,distribuovat,V
3409,distributor,N
3410,distrikt,N
3411,diva,N
3412,divadelnictví,N
3413,divadelník,N
3414,divadlo,N
3415,divadýlko,N
3416,divan,N
3417,divačka,N
3418,diverzní,A
3419,dividenda,N
3420,divit,V
3421,divize,N
3422,divizionář,N
3423,divizna,N
3424,divný,A
3425,divoce,D
3426,divoch,N
3427,divokost,N
3428,divoká,N
3429,divoký,A
3430,divočina,N
3431,divočák,N
3432,divoška,N
3433,divoženka,N
3434,divácký,A
3435,divák,N
3436,diář,N
3437,dlabání,N
3438,dlabat,V
3439,dlaha,N
3440,dlaň,N
3441,dlažba,N
3442,dlaždice,N
3443,dlaždič,N
3444,dlaždička,N
3445,dlažební,A
3446,dloubat,N
3447,dloubnout,V
3448,dlouho,D
3449,dlouhodobý,A
3450,dlouhodobě,D
3451,dlouholetý,A
3452,dlouhosrstý,A
3453,dlouhověkost,N
3454,dlouhověký,A
3455,dlouze,D
3456,dluh,N
3457,dluhopis,N
3458,dluhopisový,A
3459,dluhový,A
3460,dlužit,V
3461,dlužník,N
3462,dlužný,A
3463,dláždit,V
3464,dlážděný,A
3465,dlážka,N
3466,dlít,V
3467,dnes,D
3468,dneska,D
3469,dnešek,N
3470,dnešní,A
3471,doba,N
3472,dobelhat,V
3473,dobojovat,V
3474,dobrat,V
3475,dobrman,N
3476,dobro,N
3477,dobrodinec,N
3478,dobrodiní,N
3479,dobrodruh,N
3480,dobrodružně,D
3481,dobrodružství,N
3482,dobroděj,N
3483,dobromysl,N
3484,dobromyslný,A
3485,dobrosrdečný,A
3486,dobrota,N
3487,dobrovolnice,N
3488,dobrovolnický,A
3489,dobrovolnictví,N
3490,dobrovolnost,N
3491,dobrovolník,N
3492,dobrovolně,D
3493,dobročinný,A
3494,dobročinnost,N
3495,dobrzdit,V
3496,dobrá,N
3497,dobrák,N
3498,dobrý,A
3499,dobrůtka,N
3500,dobudovat,V
3501,dobudování,N
3502,dobytek,N
3503,dobytý,A
3504,dobytče,N
3505,dobytčí,A
3506,dobyvatel,N
3507,dobíhající,A
3508,dobíhat,V
3509,dobíjecí,A
3510,dobíjení,N
3511,dobíjet,V
3512,dobírat,V
3513,dobírka,N
3514,dobít,V
3515,dobýt,V
3516,dobývací,A
3517,dobývat,V
3518,dobývání,N
3519,doběh,N
3520,doběhnout,V
3521,doběhnutí,N
3522,dobře,D
3523,docela,D
3524,docenit,V
3525,docent,N
3526,docentka,N
3527,dochovaný,A
3528,dochovat,V
3529,dochucení,N
3530,dochucovadlo,N
3531,dochutit,V
3532,dochuť,N
3533,dochvilnost,N
3534,dochvilný,A
3535,dochytat,V
3536,docházení,N
3537,docházet,V
3538,docházka,N
3539,docházkový,A
3540,docvaknout,V
3541,docílení,N
3542,docílit,V
3543,dodací,A
3544,dodaný,A
3545,dodat,V
3546,dodatek,N
3547,dodatečný,A
3548,dodatečně,D
3549,dodatkový,A
3550,dodavatel,N
3551,dodavatelský,A
3552,dodnes,D
3553,dodo,N
3554,dodržení,N
3555,dodržený,A
3556,dodržet,V
3557,dodržovaný,A
3558,dodržovat,V
3559,dodržování,N
3560,dodržující,A
3561,dodání,N
3562,dodávající,A
3563,dodávaný,A
3564,dodávat,V
3565,dodávka,N
3566,dodávkový,A
3567,dodávání,N
3568,dodělaný,A
3569,dodělat,V
3570,dodělávka,N
3571,dogma,N
3572,dogmatický,A
3573,dohad,N
3574,dohadovací,A
3575,dohadovat,V
3576,dohadování,N
3577,dohasit,V
3578,dohašovat,V
3579,dohašování,N
3580,dohled,N
3581,dohledat,V
3582,dohledatelný,A
3583,dohledný,A
3584,dohledový,A
3585,dohledávání,N
3586,dohlédnout,V
3587,dohlížecí,A
3588,dohlížet,V
3589,dohnat,V
3590,dohoda,N
3591,dohodnout,V
3592,dohodnutí,N
3593,dohodnutý,A
3594,dohonit,V
3595,dohra,N
3596,dohraný,A
3597,dohromady,D
3598,dohrání,N
3599,dohrát,V
3600,dohrávaný,A
3601,dohrávat,V
3602,dohrávka,N
3603,dohánění,N
3604,dohánět,V
3605,dojatý,A
3606,dojednaný,A
3607,dojednání,N
3608,dojednávat,V
3609,dojem,N
3610,dojemně,D
3611,dojemný,A
3612,dojení,N
3613,dojený,A
3614,dojet,V
3615,dojetí,N
3616,dojezd,N
3617,dojezdový,A
3618,dojicí,A
3619,dojit,V
3620,dojnice,N
3621,dojímat,V
3622,dojírna,N
3623,dojíst,V
3624,dokazovat,V
3625,dokazování,N
3626,doklad,N
3627,doklepnout,V
3628,doklepávat,V
3629,doklopýtat,V
3630,dokládat,V
3631,dokola,D
3632,dokonale,D
3633,dokonalost,N
3634,dokonalý,A
3635,dokonaný,A
3636,dokonání,N
3637,dokonat,V
3638,dokončení,N
3639,dokončený,A
3640,dokončit,V
3641,dokončovací,A
3642,dokončovaný,A
3643,dokončování,N
3644,dokopat,V
3645,dokoupení,N
3646,dokoupit,V
3647,dokouřit,V
3648,dokovací,A
3649,dokořán,D
3650,dokreslení,N
3651,dokreslit,V
3652,dokrmovat,V
3653,dokráčet,V
3654,doktorand,N
3655,doktorandský,A
3656,doktorka,N
3657,doktorát,N
3658,doktrína,N
3659,dokud,J
3660,dokument,N
3661,dokumentace,N
3662,dokumentarista,N
3663,dokumentaristka,N
3664,dokumentační,A
3665,dokumentovaný,A
3666,dokumentování,N
3667,dokumentující,A
3668,dokumentární,A
3669,dokupovat,V
3670,dokázat,V
3671,doladit,V
3672,doladění,N
3673,dolar,N
3674,dole,D
3675,dolejší,A
3676,dolet,N
3677,doletět,V
3678,dolina,N
3679,dolní,A
3680,dolovat,V
3681,dolování,N
3682,doložení,N
3683,doložený,A
3684,doložit,V
3685,doložitelný,A
3686,doložka,N
3687,doléhat,V
3688,dolétnout,V
3689,doléčený,A
3690,doléčit,V
3691,doléčovací,A
3692,dolík,N
3693,dolít,V
3694,dolíček,N
3695,domek,N
3696,domestikace,N
3697,domeček,N
3698,dominance,N
3699,dominanta,N
3700,dominantní,A
3701,domlouvat,V
3702,domlouvání,N
3703,domluva,N
3704,domluvený,A
3705,domluvit,V
3706,domnívat,V
3707,domněle,D
3708,domnělý,A
3709,domněnka,N
3710,domnění,N
3711,domov,N
3712,domovina,N
3713,domovinka,N
3714,domovnice,N
3715,domovník,N
3716,domyslet,V
3717,domyslit,V
3718,domyšlený,A
3719,domácnost,N
3720,domácí,N
3721,domáhat,V
3722,doména,N
3723,doménový,A
3724,domýšlet,V
3725,domýšlivý,A
3726,domů,D
3727,donesený,A
3728,donošený,A
3729,donucení,N
3730,donucovací,A
3731,donutit,V
3732,donátor,N
3733,donášet,V
3734,donést,V
3735,doopravdy,D
3736,dopad,N
3737,dopadající,A
3738,dopadení,N
3739,dopadený,A
3740,dopadnout,V
3741,dopadový,A
3742,dopamin,N
3743,dopilovat,V
3744,doping,N
3745,dopis,N
3746,dopisnice,N
3747,dopisní,A
3748,dopisovat,V
3749,dopisovatel,N
3750,dopisování,N
3751,dopisový,A
3752,dopitý,A
3753,doplacení,N
3754,doplachtit,V
3755,doplatek,N
3756,doplatit,V
3757,doplazit,V
3758,doplnit,V
3759,doplněk,N
3760,doplnění,N
3761,doplněný,A
3762,doplout,V
3763,doplácet,V
3764,doplňkový,A
3765,doplňkově,D
3766,doplňovací,A
3767,doplňovat,V
3768,doplňování,N
3769,doplňující,A
3770,dopoledne,D
3771,dopolední,A
3772,dopomoci,V
3773,dopomáhat,V
3774,doporučení,N
3775,doporučený,A
3776,doporučeně,D
3777,doporučit,V
3778,doporučovat,V
3779,doposud,D
3780,dopouštět,V
3781,dopovat,V
3782,dopovědět,V
3783,dopracovat,V
3784,dopracovávat,V
3785,doprava,N
3786,dopravce,N
3787,dopravit,V
3788,dopravka,N
3789,dopravní,A
3790,dopravovat,V
3791,dopravák,N
3792,doprostřed,R
3793,doprovodit,V
3794,doprovázející,A
3795,doprovázení,N
3796,doprovázet,V
3797,doprošovat,V
3798,doputovat,V
3799,dopustit,V
3800,dopátrat,V
3801,dopéci,V
3802,dopékat,V
3803,dopít,V
3804,dopředu,D
3805,dopřát,V
3806,dopřávat,V
3807,doraz,N
3808,dorost,N
3809,dorostenec,N
3810,dorostenka,N
3811,dorozumívací,A
3812,dorozumívat,V
3813,dorozumívání,N
3814,dorozumění,N
3815,dorozumět,V
3816,dort,N
3817,dortový,A
3818,dortík,N
3819,dortíček,N
3820,doručenka,N
3821,doručení,N
3822,doručený,A
3823,doručit,V
3824,doručovací,A
3825,doručovat,V
3826,doručovatel,N
3827,doručovatelka,N
3828,doručování,N
3829,dorážející,A
3830,dorážet,V
3831,dorážka,N
3832,dorůstající,A
3833,dosadit,V
3834,dosah,N
3835,dosahovat,V
3836,dosahování,N
3837,dosahující,A
3838,dosavadní,A
3839,dosazení,N
3840,dosazený,A
3841,dosažení,N
3842,dosažený,A
3843,dosažitelnost,N
3844,dosažitelný,A
3845,dosednout,V
3846,dosednutí,N
3847,doskakování,N
3848,doskok,N
3849,doskočiště,N
3850,doslech,N
3851,dosloužit,V
3852,dospívající,A
3853,dospívat,V
3854,dospívání,N
3855,dospěle,D
3856,dospělec,N
3857,dospělost,N
3858,dospělácký,A
3859,dospělák,N
3860,dospělý,A
3861,dospět,V
3862,dost,D
3863,dostat,V
3864,dostatek,N
3865,dostatečná,N
3866,dostatečný,A
3867,dostavba,N
3868,dostaveníčko,N
3869,dostavit,V
3870,dostavník,N
3871,dostavění,N
3872,dostavěný,A
3873,dostačovat,V
3874,dostačující,A
3875,dostih,N
3876,dostihnout,V
3877,dostoupit,V
3878,dostrkat,V
3879,dostudovaný,A
3880,dostudovat,V
3881,dostupnost,N
3882,dostupný,A
3883,dostání,N
3884,dostát,V
3885,dostávat,V
3886,dostřel,N
3887,dosvědčit,V
3888,dosypat,V
3889,dosyta,D
3890,dosytosti,D
3891,dosáhnout,V
3892,dotace,N
3893,dotahovat,V
3894,dotahování,N
3895,dotaz,N
3896,dotazník,N
3897,dotazníkový,A
3898,dotazovat,V
3899,dotazování,N
3900,dotační,A
3901,dotažení,N
3902,dotažený,A
3903,dotek,N
3904,doteď,D
3905,dotisk,N
3906,dotknout,V
3907,dotlačit,V
3908,dotovat,V
3909,dotování,N
3910,dotočit,V
3911,dotvoření,N
3912,dotvořit,V
3913,dotyk,N
3914,dotykový,A
3915,dotyčný,A
3916,dotáhnout,V
3917,dotázaný,A
3918,dotázaný,N
3919,dotírající,A
3920,dotírat,V
3921,dotýkající,A
3922,dotýkat,V
3923,dotýkání,N
3924,dotčený,A
3925,dotěrný,A
3926,doupě,N
3927,doutnající,A
3928,doutnat,V
3929,doutník,N
3930,doučování,N
3931,doušek,N
3932,dovedený,A
3933,dovednost,N
3934,dovednostní,A
3935,dovedný,A
3936,dovnitř,D
3937,dovolací,A
3938,dovolat,V
3939,dovolenka,N
3940,dovolenkový,A
3941,dovolená,N
3942,dovolený,A
3943,dovolit,V
3944,dovolovat,V
3945,dovolující,A
3946,dovolání,N
3947,dovolávat,V
3948,dovoz,N
3949,dovozce,N
3950,dovozní,A
3951,dovršení,N
3952,dovršit,V
3953,dovtípit,V
3954,dovybavení,N
3955,dovybavit,V
3956,dovádění,N
3957,dovážený,A
3958,dovést,V
3959,dovézt,V
3960,dovídat,V
3961,dovědět,V
3962,dovětek,N
3963,doznat,V
3964,doznání,N
3965,doznít,V
3966,doznívající,A
3967,doznívat,V
3968,doznívání,N
3969,dozor,N
3970,dozorce,N
3971,dozorovat,V
3972,dozorový,A
3973,dozorující,A
3974,dozorčí,A
3975,dozorčí,N
3976,dozrálý,A
3977,dozrát,V
3978,dozrávající,A
3979,dozrávat,V
3980,dozrávání,N
3981,dozvuk,N
3982,dozvídat,V
3983,dozvědět,V
3984,dočasný,A
3985,dočerpat,V
3986,dočistit,V
3987,dočkat,V
3988,dočítat,V
3989,dořeknout,V
3990,dořešený,A
3991,dořešit,V
3992,doškový,A
3993,došlápnout,V
3994,dožadovat,V
3995,dožití,N
3996,dožitý,A
3997,dožínky,N
3998,dožít,V
3999,dožívající,A
4000,dožívat,V
4001,draft,N
4002,draho,D
4003,drahocenný,A
4004,drahota,N
4005,drahoušek,N
4006,drak,N
4007,drakiáda,N
4008,dramaticky,D
4009,dramatik,N
4010,dramatika,N
4011,dramatizace,N
4012,dramatizovat,V
4013,dramatička,N
4014,dramatičnost,N
4015,dramaturg,N
4016,dramaturgický,A
4017,dramaturgyně,N
4018,drancovat,V
4019,drancování,N
4020,drasticky,D
4021,dravec,N
4022,dravost,N
4023,dravý,A
4024,draze,D
4025,dračice,N
4026,dračka,N
4027,dračí,A
4028,dražba,N
4029,dražební,A
4030,dražebník,N
4031,dražený,A
4032,dražit,V
4033,dražé,N
4034,drbna,N
4035,drbání,N
4036,drbat,V
4037,drcení,N
4038,drdol,N
4039,dredy,N
4040,drenáž,N
4041,drenážní,A
4042,dres,N
4043,dresink,N
4044,drezura,N
4045,drezurní,A
4046,drezína,N
4047,drhnout,V
4048,drhnutí,N
4049,drift,N
4050,dril,N
4051,drink,N
4052,drkotat,V
4053,drmolit,V
4054,drobek,N
4055,drobenka,N
4056,drobet,D
4057,drobet,N
4058,drobeček,N
4059,drobit,V
4060,drobnohled,N
4061,drobné,N
4062,drobný,A
4063,drobně,D
4064,drobounký,A
4065,droboučký,A
4066,droga,N
4067,drogerie,N
4068,drogově,D
4069,drolit,V
4070,dron,N
4071,drop,N
4072,drozd,N
4073,droždí,N
4074,drožka,N
4075,drsnost,N
4076,drsně,D
4077,drsný,A
4078,drsňák,N
4079,drtit,V
4080,drtivý,A
4081,drtivě,D
4082,drtič,N
4083,druh,N
4084,druhohory,N
4085,druhotný,A
4086,druhořadý,A
4087,druhák,N
4088,druhý,C
4089,druid,N
4090,družice,N
4091,družina,N
4092,družit,V
4093,družka,N
4094,družstevnictví,N
4095,družstevní,A
4096,družstevník,N
4097,družstvo,N
4098,drzost,N
4099,drzoun,N
4100,dráb,N
4101,dráha,N
4102,dráhař,N
4103,dráp,N
4104,drápkatý,A
4105,drápky,N
4106,drásat,V
4107,drásavý,A
4108,drát,N
4109,drátek,N
4110,dráteník,N
4111,drátkování,N
4112,drátovna,N
4113,drátování,N
4114,drátový,A
4115,dráček,N
4116,dráždit,V
4117,dráždivost,N
4118,dráždivý,A
4119,dráždění,N
4120,drážka,N
4121,dršťka,N
4122,dršťkový,A
4123,drůbež,N
4124,drůbežárna,N
4125,držadlo,N
4126,država,N
4127,držba,N
4128,držet,V
4129,držitel,N
4130,držitelka,N
4131,držák,N
4132,dualismus,N
4133,dualita,N
4134,duben,N
4135,dubový,A
4136,duch,N
4137,duchaplný,A
4138,duchařský,A
4139,duchna,N
4140,duchovenstvo,N
4141,duchovno,N
4142,duchovnost,N
4143,duchovní,N
4144,dudek,N
4145,dudlík,N
4146,dudy,N
4147,dudácký,A
4148,dudák,N
4149,duet,N
4150,dueto,N
4151,duha,N
4152,duhovka,N
4153,duhový,A
4154,dukát,N
4155,dula,N
4156,duma,N
4157,duna,N
4158,dunivý,A
4159,dunící,A
4160,dunění,N
4161,dupat,V
4162,dupačky,N
4163,duplex,N
4164,duplicita,N
4165,duplicitní,A
4166,duplikát,N
4167,dupnout,V
4168,dupák,N
4169,dupání,N
4170,dusit,V
4171,dusitan,N
4172,dusivý,A
4173,dusičnan,N
4174,dusno,N
4175,dusný,A
4176,dusot,N
4177,dusík,N
4178,dusíkatý,A
4179,dutat,V
4180,dutina,N
4181,dutinka,N
4182,dutý,A
4183,duální,A
4184,duše,N
4185,dušení,N
4186,dušený,A
4187,duševní,A
4188,dušnost,N
4189,dušný,A
4190,dušovat,V
4191,dužina,N
4192,dužnatý,A
4193,dveře,N
4194,dveřní,A
4195,dvojice,N
4196,dvojitý,A
4197,dvojka,N
4198,dvojkolo,N
4199,dvojnásobek,N
4200,dvojník,N
4201,dvojrole,N
4202,dvojsmysl,N
4203,dvojspřeží,N
4204,dvojče,N
4205,dvorana,N
4206,dvorec,N
4207,dvorek,N
4208,dvorní,A
4209,dvouhra,N
4210,dvoustrana,N
4211,dvoutakt,N
4212,dvouválec,N
4213,dvořan,N
4214,dvořit,V
4215,dvířka,N
4216,dvůr,N
4217,dychtit,V
4218,dychtivost,N
4219,dychtivě,D
4220,dychtící,A
4221,dynamika,N
4222,dynamit,N
4223,dynamičnost,N
4224,dynastický,A
4225,dynastie,N
4226,dysfunkce,N
4227,dysfunkční,A
4228,dyslektik,N
4229,dálava,N
4230,dále,D
4231,dálka,N
4232,dálkař,N
4233,dálkařka,N
4234,dálkově,D
4235,dálnice,N
4236,dálniční,A
4237,dálný,A
4238,dáma,N
4239,dámský,A
4240,dárce,N
4241,dárcovský,A
4242,dárcovství,N
4243,dárek,N
4244,dáreček,N
4245,dárkový,A
4246,dárkyně,N
4247,dáseň,N
4248,dávající,A
4249,dávat,V
4250,dávivý,A
4251,dávit,V
4252,dávka,N
4253,dávkovaný,A
4254,dávkovat,V
4255,dávkovač,N
4256,dávkování,N
4257,dávno,D
4258,dávnověk,N
4259,dávný,A
4260,dávání,N
4261,délka,N
4262,démon,N
4263,déšť,N
4264,dílec,N
4265,dílek,N
4266,dílko,N
4267,dílna,N
4268,dílnička,N
4269,dílný,A
4270,dílo,N
4271,díra,N
4272,dírka,N
4273,dítko,N
4274,dívat,V
4275,dívenka,N
4276,dívka,N
4277,dívání,N
4278,dýchací,A
4279,dýchající,A
4280,dýchat,V
4281,dýchatelný,A
4282,dýchavičný,A
4283,dýchánek,N
4284,dýchání,N
4285,dýha,N
4286,dýhovaný,A
4287,dýka,N
4288,dýmka,N
4289,dýmovnice,N
4290,dýně,N
4291,dýňový,A
4292,dýško,N
4293,děcko,N
4294,dědek,N
4295,dědeček,N
4296,dědic,N
4297,dědický,A
4298,dědictví,N
4299,dědina,N
4300,dědit,V
4301,dědička,N
4302,dědičnost,N
4303,dědičný,A
4304,dědičně,D
4305,dědění,N
4306,dějepis,N
4307,dějepisectví,N
4308,dějiny,N
4309,dějiště,N
4310,dějový,A
4311,dějově,D
4312,dějství,N
4313,děkan,N
4314,děkanka,N
4315,děkanský,A
4316,děkanství,N
4317,děkovat,V
4318,děkovačka,N
4319,děkovný,A
4320,dělaný,A
4321,dělat,V
4322,dělbuch,N
4323,dělení,N
4324,dělený,A
4325,dělit,V
4326,dělnice,N
4327,dělnictvo,N
4328,dělník,N
4329,dělný,A
4330,dělo,N
4331,dělobuch,N
4332,děloha,N
4333,dělostřelba,N
4334,dělostřelec,N
4335,dělostřelecký,A
4336,dělovka,N
4337,dělový,A
4338,děložní,A
4339,dělání,N
4340,dělávat,V
4341,dění,N
4342,děrovaný,A
4343,děsit,V
4344,děsivý,A
4345,děsivě,D
4346,dětinský,A
4347,dětičky,N
4348,dětsky,D
4349,děvečka,N
4350,děvče,N
4351,děvčátko,N
4352,děťátko,N
4353,dřep,N
4354,dřevař,N
4355,dřevařský,A
4356,dřevina,N
4357,dřevitý,A
4358,dřevnatý,A
4359,dřevní,A
4360,dřevník,N
4361,dřevo,N
4362,dřevokazný,A
4363,dřevomorka,N
4364,dřevorubec,N
4365,dřevoryt,N
4366,dřevostavba,N
4367,dřevotříska,N
4368,dřevotřískový,A
4369,dřevozpracující,A
4370,dřevořez,N
4371,dřevořezba,N
4372,dřevák,N
4373,dřevěný,A
4374,dřez,N
4375,dřeň,N
4376,dřina,N
4377,dřímající,A
4378,dřímat,V
4379,dřín,N
4380,dřít,V
4381,dříví,N
4382,dříve,D
4383,dřívější,A
4384,důchod,N
4385,důchodce,N
4386,důchodkyně,N
4387,důkaz,N
4388,důkazní,A
4389,důkladnost,N
4390,důlek,N
4391,důležitě,D
4392,důležitý,A
4393,důmyslně,D
4394,důmyslný,A
4395,důra,N
4396,důraz,N
4397,důrazný,A
4398,důrazně,D
4399,důsledek,N
4400,důslednost,N
4401,důsledný,A
4402,důsledně,D
4403,důstojnice,N
4404,důstojnický,A
4405,důstojnost,N
4406,důstojník,N
4407,důstojně,D
4408,důtka,N
4409,důvod,N
4410,důvodný,A
4411,důvtip,N
4412,důvtipný,A
4413,důvěrnice,N
4414,důvěrnost,N
4415,důvěrník,N
4416,důvěrný,A
4417,důvěrně,D
4418,důvěryhodnost,N
4419,důvěryhodně,D
4420,důvěřivost,N
4421,důvěřivý,A
4422,důvěřivě,D
4423,džbán,N
4424,džbánek,N
4425,džem,N
4426,džin,N
4427,džungle,N
4428,džus,N
4429,džínovina,N
4430,džínový,A
4431,džíny,N
4432,džíp,N
4433,eben,N
4434,ebenový,A
4435,ebola,N
4436,echinacea,N
4437,echo,N
4438,echt,A
4439,eden,N
4440,edice,N
4441,edikt,N
4442,editace,N
4443,editační,A
4444,editor,N
4445,editorka,N
4446,editorský,A
4447,editovat,V
4448,ediční,A
4449,edukace,N
4450,edukativní,A
4451,edukační,A
4452,edém,N
4453,efektivita,N
4454,efektivnost,N
4455,efektivní,A
4456,efektivně,D
4457,efektní,A
4458,efektně,D
4459,egoismus,N
4460,egoista,N
4461,egoistický,A
4462,eidam,N
4463,eklektický,A
4464,ekocentrum,N
4465,ekofarma,N
4466,ekolog,N
4467,ekologicky,D
4468,ekologický,A
4469,ekonom,N
4470,ekonomicky,D
4471,ekonomie,N
4472,ekonomika,N
4473,ekonomka,N
4474,ekvivalent,N
4475,elaborát,N
4476,elastan,N
4477,elegance,N
4478,elegantní,A
4479,elegie,N
4480,elegán,N
4481,elektricky,D
4482,elektrický,A
4483,elektrifikace,N
4484,elektrifikovaný,A
4485,elektrikář,N
4486,elektrizace,N
4487,elektrizační,A
4488,elektrobus,N
4489,elektroda,N
4490,elektrokolo,N
4491,elektrolyt,N
4492,elektroléčba,N
4493,elektrolýza,N
4494,elektromagnetický,A
4495,elektromobil,N
4496,elektromotor,N
4497,elektroměr,N
4498,elektron,N
4499,elektronický,A
4500,elektronika,N
4501,elektronka,N
4502,elektrospotřebič,N
4503,elektrotechnický,A
4504,elektrotechnik,N
4505,elektrotechnika,N
4506,elektrošok,N
4507,elektrárna,N
4508,elektřina,N
4509,element,N
4510,elementární,A
4511,elevace,N
4512,eliminace,N
4513,eliminační,A
4514,eliminovat,V
4515,elipsa,N
4516,eliptický,A
4517,elita,N
4518,elitní,A
4519,elixír,N
4520,elán,N
4521,elév,N
4522,email,N
4523,emailový,A
4524,emancipace,N
4525,emancipační,A
4526,embargo,N
4527,emblém,N
4528,embryo,N
4529,ementál,N
4530,emeritní,A
4531,emigrace,N
4532,emigrant,N
4533,emigrantka,N
4534,emigrační,A
4535,eminence,N
4536,emise,N
4537,emitent,N
4538,emitovaný,A
4539,emitovat,V
4540,emoce,N
4541,emocionální,A
4542,emotivní,A
4543,emotivně,D
4544,emoční,A
4545,empatie,N
4546,empirický,A
4547,empírový,A
4548,emulze,N
4549,encefalitida,N
4550,encyklopedický,A
4551,encyklopedie,N
4552,endokrinolog,N
4553,endokrinologie,N
4554,endometrióza,N
4555,endoprotéza,N
4556,endoskop,N
4557,endoskopie,N
4558,energetik,N
4559,energetika,N
4560,energicky,D
4561,energický,A
4562,energie,N
4563,enkláva,N
4564,enormní,A
4565,enormně,D
4566,entita,N
4567,entomolog,N
4568,entomologický,A
4569,entomologie,N
4570,enviromentální,A
4571,environmentální,A
4572,enzym,N
4573,enzymatický,A
4574,epicentrum,N
4575,epidemie,N
4576,epidemiolog,N
4577,epidemiologie,N
4578,epidurální,A
4579,epilace,N
4580,epilepsie,N
4581,epileptický,A
4582,epileptik,N
4583,epilog,N
4584,epitaf,N
4585,epitel,N
4586,epizoda,N
4587,epizodický,A
4588,epizodní,A
4589,epocha,N
4590,epochální,A
4591,epopej,N
4592,epopeje,N
4593,epos,N
4594,erbovní,A
4595,erekce,N
4596,ergonomický,A
4597,ergonomie,N
4598,erotika,N
4599,eroze,N
4600,erozní,A
4601,erudice,N
4602,erudovaný,A
4603,erupce,N
4604,erytrocyt,N
4605,erzeta,N
4606,erární,A
4607,esej,N
4608,esejista,N
4609,esejistický,A
4610,esence,N
4611,esenciální,A
4612,eskalace,N
4613,eskalovat,V
4614,eskalátor,N
4615,eskapáda,N
4616,eskorta,N
4617,eskortní,A
4618,eskortovat,V
4619,esperanto,N
4620,espreso,N
4621,esprit,N
4622,estakáda,N
4623,esteticky,D
4624,estetický,A
4625,estetik,N
4626,estetika,N
4627,estrogen,N
4628,estráda,N
4629,estrádní,A
4630,estét,N
4631,etablovaný,A
4632,etalon,N
4633,etapa,N
4634,etapový,A
4635,eternitový,A
4636,eticky,D
4637,etika,N
4638,etiketa,N
4639,etiologie,N
4640,etnikum,N
4641,etnograf,N
4642,etnografický,A
4643,etnografie,N
4644,etnografka,N
4645,etnolog,N
4646,etnologie,N
4647,etologie,N
4648,etuda,N
4649,eufemismus,N
4650,euforický,A
4651,euforie,N
4652,eukalyptový,A
4653,eukalyptus,N
4654,eunuch,N
4655,euro,N
4656,eutanázie,N
4657,evakuace,N
4658,evakuační,A
4659,evakuovaný,A
4660,evangelium,N
4661,evangelík,N
4662,event,N
4663,eventualita,N
4664,eventuální,A
4665,eventuálně,D
4666,evidence,N
4667,evidentní,A
4668,evidentně,D
4669,evidenční,A
4670,evidovaný,A
4671,evidovat,V
4672,evokace,N
4673,evokující,A
4674,evoluční,A
4675,excelovat,V
4676,excentrik,N
4677,exekuce,N
4678,exekutiva,N
4679,exekutivní,A
4680,exekutorka,N
4681,exekutor,N
4682,exekutorský,A
4683,exekuční,A
4684,exekučně,D
4685,exemplární,A
4686,exemplář,N
4687,exhalace,N
4688,exhibice,N
4689,exhibicionismus,N
4690,exhibicionista,N
4691,exhumace,N
4692,exil,N
4693,exilový,A
4694,existence,N
4695,existencialismus,N
4696,existenciální,A
4697,existenční,A
4698,existenčně,D
4699,existovat,V
4700,existující,A
4701,exkluzivita,N
4702,exkrement,N
4703,exkurze,N
4704,exodus,N
4705,exoplaneta,N
4706,exotický,A
4707,exotika,N
4708,expandovat,V
4709,expandující,A
4710,expanze,N
4711,expanzivní,A
4712,expanzní,A
4713,expedice,N
4714,experimentující,A
4715,experimentální,A
4716,experimentátor,N
4717,expert,N
4718,expertka,N
4719,expertní,A
4720,explicitní,A
4721,explicitně,D
4722,exploze,N
4723,exponenciální,A
4724,exponenciálně,D
4725,exponent,N
4726,exponovaný,A
4727,exponát,N
4728,export,N
4729,exportní,A
4730,exportovat,V
4731,exportér,N
4732,expozice,N
4733,expozitura,N
4734,expres,D
4735,expresivita,N
4736,expresní,A
4737,exteriér,N
4738,exteriérový,A
4739,externalita,N
4740,externista,N
4741,externí,A
4742,externě,D
4743,extra,A
4744,extrakce,N
4745,extravagance,N
4746,extravagantní,A
4747,extremismus,N
4748,extremista,N
4749,extremistický,A
4750,extrovert,N
4751,extrém,N
4752,extrémní,A
4753,extrémně,D
4754,extáze,N
4755,exulant,N
4756,ešus,N
4757,fabrika,N
4758,fabulace,N
4759,fakt,T
4760,fakticky,D
4761,faktický,A
4762,faktografický,A
4763,faktum,N
4764,faktura,N
4765,fakturace,N
4766,fakturační,A
4767,fakturovaný,A
4768,fakturovat,V
4769,fakulta,N
4770,fakultativní,A
4771,fakultní,A
4772,fakír,N
4773,faldík,N
4774,falkon,N
4775,falzifikát,N
4776,falzum,N
4777,falšovaný,A
4778,falšovat,V
4779,falšování,N
4780,familiární,A
4781,fanatik,N
4782,fanatismus,N
4783,fanda,N
4784,fandit,V
4785,fandovství,N
4786,fandící,A
4787,fandění,N
4788,fanfára,N
4789,fanklub,N
4790,fanoušek,N
4791,fantasmagorie,N
4792,fantasticky,D
4793,fantastika,N
4794,fantazie,N
4795,fantazírovat,V
4796,fantóm,N
4797,fanynka,N
4798,fara,N
4799,faraon,N
4800,farma,N
4801,farmaceut,N
4802,farmaceutický,A
4803,farmakologický,A
4804,farmakologie,N
4805,farmakoterapie,N
4806,farmakum,N
4807,farmaření,N
4808,farmařit,V
4809,farmář,N
4810,farmářka,N
4811,farmářský,A
4812,farnost,N
4813,farní,A
4814,farník,N
4815,farář,N
4816,farářka,N
4817,fascinace,N
4818,fascinovaný,A
4819,fascinovat,V
4820,fascinující,A
4821,fasovat,V
4822,fasáda,N
4823,fasádní,A
4824,fatální,A
4825,fatálně,D
4826,faul,N
4827,faulovaný,A
4828,faulovat,V
4829,faun,N
4830,favorit,N
4831,favoritka,N
4832,favorizovaný,A
4833,favorizovat,V
4834,fazole,N
4835,fazolka,N
4836,fazona,N
4837,fašank,N
4838,fašista,N
4839,federace,N
4840,federalismus,N
4841,federalizace,N
4842,federativní,A
4843,feferonka,N
4844,fejeton,N
4845,feminismus,N
4846,feminista,N
4847,feministický,A
4848,feministka,N
4849,fena,N
4850,fenek,N
4851,fenečka,N
4852,fenik,N
4853,fenka,N
4854,fenomenologie,N
4855,fenomenální,A
4856,fenomén,N
4857,fenotyp,N
4858,fermentace,N
4859,fermentační,A
4860,fermentovaný,A
4861,feromon,N
4862,ferrata,N
4863,fest,N
4864,festival,N
4865,festiválek,N
4866,fetiš,N
4867,fetální,A
4868,feudalismus,N
4869,feudál,N
4870,feudální,A
4871,fešácký,A
4872,fešák,N
4873,fialka,N
4874,fialkový,A
4875,fiasko,N
4876,fibrilace,N
4877,fibróza,N
4878,fichtl,N
4879,fidlovačka,N
4880,fiesta,N
4881,figura,N
4882,figurace,N
4883,figurant,N
4884,figurantka,N
4885,figurativní,A
4886,figurka,N
4887,figurovat,V
4888,figurující,A
4889,figurální,A
4890,figurína,N
4891,fikce,N
4892,fiktivní,A
4893,filantropie,N
4894,filatelie,N
4895,filatelista,N
4896,filc,N
4897,fileta,N
4898,filharmonie,N
4899,filiálka,N
4900,film,N
4901,filmař,N
4902,filmařina,N
4903,filmařka,N
4904,filmařský,A
4905,filmografie,N
4906,filmovat,V
4907,filmovka,N
4908,filmování,N
4909,filmový,A
4910,filolog,N
4911,filologie,N
4912,filozof,N
4913,filozofie,N
4914,filozofovat,V
4915,filozofování,N
4916,filozofující,A
4917,filtr,N
4918,filtrace,N
4919,filtrační,A
4920,filé,N
4921,finalista,N
4922,finalistka,N
4923,finalizace,N
4924,finance,N
4925,financovaný,A
4926,financování,N
4927,finančnictví,N
4928,finanční,A
4929,finančník,N
4930,finesa,N
4931,fingovaný,A
4932,fingovat,V
4933,finiš,N
4934,finta,N
4935,finále,N
4936,finálně,D
4937,firemní,A
4938,firewall,N
4939,firma,N
4940,firmware,N
4941,fitcentrum,N
4942,fitko,N
4943,fitness,N
4944,fixace,N
4945,fixační,A
4946,fixovaný,A
4947,fixovat,V
4948,fičet,V
4949,fjord,N
4950,flakon,N
4951,flamenco,N
4952,flamendr,N
4953,flamenkový,A
4954,flanel,N
4955,flanelový,A
4956,flash,A
4957,flashdisk,N
4958,flastr,N
4959,flašinet,N
4960,flaška,N
4961,flegmatik,N
4962,flek,N
4963,flekatý,A
4964,flexibilita,N
4965,flexibilní,A
4966,flexibilně,D
4967,flinta,N
4968,flip,N
4969,flirt,N
4970,flirtování,N
4971,flitr,N
4972,flora,N
4973,florbal,N
4974,florbalista,N
4975,florbalistka,N
4976,florista,N
4977,floristika,N
4978,floristka,N
4979,floskule,N
4980,flotila,N
4981,floutek,N
4982,flošna,N
4983,fluidní,A
4984,fluktuace,N
4985,fluorid,N
4986,fluór,N
4987,flám,N
4988,flámovat,V
4989,flétna,N
4990,flétnista,N
4991,flétnistka,N
4992,flétnový,A
4993,flíček,N
4994,flóra,N
4995,fobie,N
4996,fofr,N
4997,fojtství,N
4998,fokus,N
4999,folie,N
5000,folikul,N
5001,folk,N
5002,folkař,N
5003,folklor,N
5004,folklorista,N
5005,fond,N
5006,fondue,N
5007,fonetický,A
5008,font,N
5009,fontána,N
5010,fontánka,N
5011,forbína,N
5012,forenzní,A
5013,forma,N
5014,formace,N
5015,formaldehyd,N
5016,formalismus,N
5017,formalita,N
5018,forman,N
5019,formička,N
5020,formovaný,A
5021,formovat,V
5022,formování,N
5023,formující,A
5024,formulace,N
5025,formule,N
5026,formulka,N
5027,formulovat,V
5028,formulování,N
5029,formulový,A
5030,formulář,N
5031,formální,A
5032,formálně,D
5033,formát,N
5034,formátování,N
5035,fort,N
5036,forte,N
5037,fortuna,N
5038,fosfor,N
5039,fosforečný,A
5040,fosfát,N
5041,fosilie,N
5042,fotbal,N
5043,fotbalista,N
5044,fotbalistka,N
5045,fotbalový,A
5046,fotit,V
5047,fotka,N
5048,fotoalbum,N
5049,fotoaparát,N
5050,fotoarchiv,N
5051,fotoateliér,N
5052,fotobanka,N
5053,fotobuňka,N
5054,fotogalerie,N
5055,fotograf,N
5056,fotografie,N
5057,fotografka,N
5058,fotografovaný,A
5059,fotografování,N
5060,fotografovat,V
5061,fotoklub,N
5062,fotokniha,N
5063,fotokomora,N
5064,fotokopie,N
5065,fotokoutek,N
5066,fotomodelka,N
5067,fotomontáž,N
5068,foton,N
5069,fotopast,N
5070,fotoreportáž,N
5071,fotoreportér,N
5072,fotosoutěž,N
5073,fotosyntéza,N
5074,fototerapie,N
5075,fototyp,N
5076,fotovoltaika,N
5077,fotr,N
5078,foukací,A
5079,foukat,V
5080,fouknout,V
5081,foukání,N
5082,fous,N
5083,fousek,N
5084,fousy,N
5085,foxteriér,N
5086,foxtrot,N
5087,foyer,N
5088,fořt,N
5089,fošna,N
5090,foťák,N
5091,fracek,N
5092,fragment,N
5093,frajer,N
5094,frajeřina,N
5095,fraktura,N
5096,frank,N
5097,františkán,N
5098,františkánský,A
5099,fraška,N
5100,freestyle,N
5101,frekvence,N
5102,frekventant,N
5103,frekvenční,A
5104,frenetický,A
5105,freon,N
5106,freska,N
5107,freskový,A
5108,frgál,N
5109,frisbee,N
5110,fritovací,A
5111,fritovat,V
5112,fritéza,N
5113,frmol,N
5114,front,N
5115,frontman,N
5116,frontální,A
5117,froté,A
5118,frustrace,N
5119,frustrující,A
5120,fráze,N
5121,frázování,N
5122,fréza,N
5123,frézař,N
5124,frézie,N
5125,frézka,N
5126,frézovat,V
5127,frézování,N
5128,frčet,V
5129,fuga,N
5130,fukar,N
5131,fundamentalismus,N
5132,fundamentalista,N
5133,fundamentální,A
5134,fundovaný,A
5135,fundovaně,D
5136,fundus,N
5137,fungicid,N
5138,fungicidní,A
5139,fungl,D
5140,fungovat,V
5141,fungování,N
5142,fungující,A
5143,funk,N
5144,funkce,N
5145,funkcionalita,N
5146,funkčnost,N
5147,funkční,A
5148,funění,N
5149,funět,V
5150,furgon,N
5151,furiant,N
5152,furt,D
5153,futro,N
5154,futsal,N
5155,futsalový,A
5156,futurismus,N
5157,futuristický,A
5158,futurum,N
5159,fuzzy,A
5160,fuška,N
5161,fušovat,V
5162,fytoplankton,N
5163,fyzicky,D
5164,fyzik,N
5165,fyzika,N
5166,fyzikální,A
5167,fyzikálně,D
5168,fyziognomie,N
5169,fyziolog,N
5170,fyziologicky,D
5171,fyziologie,N
5172,fyzioterapeut,N
5173,fyzioterapeutka,N
5174,fyzička,N
5175,fáborek,N
5176,fádní,A
5177,fáma,N
5178,fáro,N
5179,fáze,N
5180,fázový,A
5181,fénix,N
5182,fénovat,V
5183,fénování,N
5184,férovost,N
5185,férový,A
5186,férově,D
5187,fígl,N
5188,fíkovník,N
5189,fíkus,N
5190,fólie,N
5191,fóliovník,N
5192,fóliový,A
5193,fórek,N
5194,fórum,N
5195,fúrie,N
5196,fúze,N
5197,fúzní,A
5198,fňukat,V
5199,fůra,N
5200,gala,N
5201,galakoncert,N
5202,galaktický,A
5203,galanterie,N
5204,galantnost,N
5205,galantní,N
5206,galantně,D
5207,galavečer,N
5208,galaxie,N
5209,galeje,N
5210,galerie,N
5211,galerijní,A
5212,galerista,N
5213,galeristka,N
5214,galon,N
5215,galvanický,A
5216,galvanovna,N
5217,gama,A
5218,gamba,N
5219,gambit,N
5220,gambler,N
5221,gamblerství,N
5222,game,N
5223,gang,N
5224,garance,N
5225,garant,N
5226,garantka,N
5227,garanční,A
5228,garda,N
5229,gardista,N
5230,gardový,A
5231,garnitura,N
5232,garnát,N
5233,garsoniéra,N
5234,garsonka,N
5235,garáž,N
5236,garážový,A
5237,gastronomie,N
5238,gauč,N
5239,gazela,N
5240,gazeta,N
5241,gejzír,N
5242,gejša,N
5243,genealog,N
5244,genealogický,A
5245,genealogie,N
5246,generace,N
5247,generalita,N
5248,generalizace,N
5249,generalizovaný,A
5250,generační,A
5251,generačně,D
5252,generický,A
5253,generikum,N
5254,generovaný,A
5255,generování,N
5256,generovat,V
5257,generál,N
5258,generálka,N
5259,generátor,N
5260,geneticky,D
5261,genetický,A
5262,genetik,N
5263,genetika,N
5264,genialita,N
5265,genitálie,N
5266,genius,N
5267,geniální,A
5268,geniálně,D
5269,genocida,N
5270,genocidní,A
5271,genofond,N
5272,genom,N
5273,genotyp,N
5274,geocaching,N
5275,geodet,N
5276,geograf,N
5277,geograficky,D
5278,geografický,A
5279,geografie,N
5280,geolog,N
5281,geologie,N
5282,geologicky,D
5283,geometricky,D
5284,geometrický,A
5285,geometrie,N
5286,geopolitický,A
5287,geotermální,A
5288,gepard,N
5289,gerbera,N
5290,geriatrický,A
5291,gerila,N
5292,gestikulace,N
5293,gestikulovat,N
5294,gesto,N
5295,gestor,N
5296,gibon,N
5297,giga,N
5298,gigabit,N
5299,gigabyte,N
5300,gigajoul,N
5301,gigant,N
5302,gilotina,N
5303,girlanda,N
5304,gladiátor,N
5305,glaukom,N
5306,glazovaný,A
5307,glazovat,V
5308,glazura,N
5309,glejt,N
5310,globálně,D
5311,glosa,N
5312,glosátor,N
5313,glosář,N
5314,glukometr,N
5315,glukóza,N
5316,glukózový,A
5317,glutamát,N
5318,glycerin,N
5319,glyfosát,N
5320,glykémie,N
5321,glóbus,N
5322,gobelín,N
5323,gobelínový,A
5324,gogo,A
5325,golem,N
5326,golet,N
5327,golf,N
5328,golfista,N
5329,golfistka,N
5330,gondola,N
5331,gong,N
5332,gorgonzola,N
5333,gotický,A
5334,gotika,N
5335,gouda,N
5336,gourmet,N
5337,gradace,N
5338,gradovat,V
5339,graf,N
5340,graffiti,N
5341,graficky,D
5342,grafický,A
5343,grafika,N
5344,grafikon,N
5345,grafička,N
5346,grafolog,N
5347,grafologie,N
5348,gram,N
5349,gramatický,A
5350,gramatika,N
5351,gramodeska,N
5352,gramofon,N
5353,gramofonový,A
5354,gramotnost,N
5355,grande,A
5356,grandiózní,A
5357,granit,N
5358,grant,N
5359,grantový,A
5360,granule,N
5361,granulovaný,A
5362,granát,N
5363,granátník,N
5364,granátový,A
5365,grapefruit,N
5366,gratis,D
5367,gratulace,N
5368,gratulant,N
5369,gratulovat,V
5370,gravidita,N
5371,gravitační,A
5372,gravitace,N
5373,grep,N
5374,grešle,N
5375,grif,N
5376,gril,N
5377,grilovací,A
5378,grilovaný,A
5379,grilovat,V
5380,grilování,N
5381,grimasa,N
5382,grog,N
5383,groteska,N
5384,groš,N
5385,grunt,N
5386,gruntování,N
5387,grupa,N
5388,grácie,N
5389,grády,N
5390,grál,N
5391,grázl,N
5392,guláš,N
5393,guma,N
5394,gumička,N
5395,gumák,N
5396,gumárna,N
5397,gurmet,N
5398,gurmán,N
5399,guru,N
5400,gusto,N
5401,guvernér,N
5402,guvernérka,N
5403,gymnasta,N
5404,gymnastka,N
5405,gymnazijní,A
5406,gymnazista,N
5407,gymnazistka,N
5408,gymnázium,N
5409,gynekolog,N
5410,gynekologie,N
5411,gynekoložka,N
5412,gyroskop,N
5413,génius,N
5414,gólman,N
5415,gólmanka,N
5416,hacienda,N
5417,hacker,N
5418,hadice,N
5419,hadička,N
5420,hadovka,N
5421,hadr,N
5422,hadrový,A
5423,hadry,N
5424,hadí,A
5425,hadřík,N
5426,hafan,N
5427,haiku,N
5428,hajný,N
5429,hala,N
5430,halapartna,N
5431,halas,N
5432,halasný,A
5433,halasně,D
5434,halda,N
5435,halekat,V
5436,halena,N
5437,halenka,N
5438,halogen,N
5439,halucinace,N
5440,halucinogen,N
5441,halucinogenní,A
5442,halucinovat,V
5443,haluz,N
5444,halušky,N
5445,haléř,N
5446,hamburger,N
5447,hamižnost,N
5448,hamižný,A
5449,hamr,N
5450,hanba,N
5451,handbike,N
5452,handicap,N
5453,handicapovaný,A
5454,handrkování,N
5455,handrkovat,V
5456,hanebnost,N
5457,hanebný,A
5458,hanebně,D
5459,hanit,V
5460,hanlivý,A
5461,hanobení,N
5462,hanobit,V
5463,hantec,N
5464,hantýrka,N
5465,haraburdí,N
5466,harampádí,N
5467,harašení,N
5468,hardware,N
5469,harfa,N
5470,harmonicky,D
5471,harmonický,A
5472,harmonie,N
5473,harmonika,N
5474,harmonium,N
5475,harmonizační,A
5476,harmonogram,N
5477,harpuna,N
5478,hasit,V
5479,hasič,N
5480,hasička,N
5481,hasičárna,N
5482,hastrman,N
5483,hatit,V
5484,havran,N
5485,havárie,N
5486,havárka,N
5487,havíř,N
5488,hazard,N
5489,hazardní,A
5490,hazardovat,V
5491,hazardér,N
5492,hašení,N
5493,hašlerka,N
5494,hbitost,N
5495,hbitý,A
5496,hbitě,D
5497,hebkost,N
5498,hebký,A
5499,hecovat,V
5500,hecíř,N
5501,hedvábí,N
5502,hejno,N
5503,hejtman,N
5504,hejtmanka,N
5505,hekat,V
5506,hektar,N
5507,hektarový,A
5508,hektický,A
5509,hektolitr,N
5510,heligonka,N
5511,heligonkář,N
5512,helikoptéra,N
5513,heliport,N
5514,helium,N
5515,helma,N
5516,helmice,N
5517,hematom,N
5518,hemoglobin,N
5519,hemoroidy,N
5520,hemžení,N
5521,hemžit,V
5522,hena,N
5523,hendikepovaný,A
5524,hendikepovat,V
5525,hendikepový,A
5526,hendikep,N
5527,heparin,N
5528,heparinový,A
5529,hepatitida,N
5530,heraldik,N
5531,heraldika,N
5532,herbicid,N
5533,herbicidní,A
5534,herbář,N
5535,herec,N
5536,herecký,A
5537,herectví,N
5538,herečka,N
5539,hermelín,N
5540,herna,N
5541,herní,A
5542,heroický,A
5543,heroin,N
5544,herpes,N
5545,heslo,N
5546,heterogenní,A
5547,heterosexuál,N
5548,heterosexuální,A
5549,hever,N
5550,hezký,A
5551,heřmánek,N
5552,hibernace,N
5553,hibernovat,V
5554,hierarchický,A
5555,hierarchie,N
5556,hieroglyf,N
5557,hinduismus,N
5558,hinduista,N
5559,histologie,N
5560,historicky,D
5561,historie,N
5562,historik,N
5563,historismus,N
5564,historizující,A
5565,historička,N
5566,historka,N
5567,hitparáda,N
5568,hlad,N
5569,hladit,V
5570,hladkost,N
5571,hladký,A
5572,hladomor,N
5573,hladomorna,N
5574,hladovka,N
5575,hladovkář,N
5576,hladový,A
5577,hladovějící,A
5578,hladovět,V
5579,hlady,D
5580,hlahol,N
5581,hlaholit,V
5582,hlas,N
5583,hlasatel,N
5584,hlasatelka,N
5585,hlasitost,N
5586,hlasitý,A
5587,hlasitě,D
5588,hlasivka,N
5589,hlasovací,A
5590,hlasovat,V
5591,hlasování,N
5592,hlasový,A
5593,hlasově,D
5594,hlasující,A
5595,hlava,N
5596,hlaveň,N
5597,hlavička,N
5598,hlavičkovat,V
5599,hlavní,A
5600,hlavně,D
5601,hlavolam,N
5602,hlavonožec,N
5603,hlavoun,N
5604,hlavový,A
5605,hlazení,N
5606,hledající,A
5607,hledač,N
5608,hledat,V
5609,hledisko,N
5610,hlediště,N
5611,hledáček,N
5612,hledící,A
5613,hledět,V
5614,hlemýžď,N
5615,hlen,N
5616,hlinitý,A
5617,hlinka,N
5618,hliník,N
5619,hliníkový,A
5620,hliněný,A
5621,hlodat,V
5622,hloh,N
5623,hloub,N
5624,hloubení,N
5625,hloubit,V
5626,hloubkový,A
5627,hloupost,N
5628,hlouček,N
5629,hltan,N
5630,hlubina,N
5631,hluboce,D
5632,hluboko,D
5633,hlubokomyslný,A
5634,hluboký,A
5635,hluchoněmý,A
5636,hluchoslepý,A
5637,hluk,N
5638,hlukový,A
5639,hlupák,N
5640,hlučnost,N
5641,hlučný,A
5642,hlučně,D
5643,hlušina,N
5644,hlásající,A
5645,hlásit,V
5646,hlásič,N
5647,hlásný,A
5648,hlásání,N
5649,hlásící,A
5650,hlávka,N
5651,hlášenka,N
5652,hlášení,N
5653,hlášený,A
5654,hláška,N
5655,hlídající,A
5656,hlídaný,A
5657,hlídat,V
5658,hlídač,N
5659,hlídka,N
5660,hlídkovat,V
5661,hlídkování,N
5662,hlídkový,A
5663,hlídkující,A
5664,hlína,N
5665,hlíva,N
5666,hlíza,N
5667,hlíznatý,A
5668,hmat,N
5669,hmatatelný,A
5670,hmatatelně,D
5671,hmatný,A
5672,hmatový,A
5673,hmota,N
5674,hmotnost,N
5675,hmotnostní,A
5676,hmotný,A
5677,hmotně,D
5678,hmoždinka,N
5679,hmoždíř,N
5680,hmyz,N
5681,hmyzí,A
5682,hnací,A
5683,hnaný,A
5684,hnida,N
5685,hnijící,A
5686,hniloba,N
5687,hnilobný,A
5688,hnis,N
5689,hnisavý,A
5690,hnisat,V
5691,hnojení,N
5692,hnojený,A
5693,hnojit,V
5694,hnojivo,N
5695,hnout,V
5696,hnus,N
5697,hnusit,V
5698,hnutí,N
5699,hnát,V
5700,hnít,V
5701,hníst,V
5702,hnízdit,V
5703,hnízdiště,N
5704,hnízdní,A
5705,hnízdo,N
5706,hnědák,N
5707,hnětení,N
5708,hněv,N
5709,hněvat,V
5710,hnůj,N
5711,hoblík,N
5712,hoboj,N
5713,hobojista,N
5714,hoch,N
5715,hodina,N
5716,hodinka,N
5717,hodinky,N
5718,hodinovka,N
5719,hodiny,N
5720,hodinář,N
5721,hodinářský,A
5722,hodinářství,N
5723,hodit,V
5724,hodlat,V
5725,hodnocení,N
5726,hodnost,N
5727,hodnostář,N
5728,hodnota,N
5729,hodnotit,V
5730,hodnotitel,N
5731,hodnotitelský,A
5732,hodnotící,A
5733,hodnověrnost,N
5734,hodnověrný,A
5735,hodný,A
5736,hodně,D
5737,hodněkrát,C
5738,hodokvas,N
5739,hodovat,V
5740,hodovní,A
5741,hodování,N
5742,hody,N
5743,hojení,N
5744,hojit,V
5745,hojnost,N
5746,hojný,A
5747,hojně,D
5748,hojící,A
5749,hokej,N
5750,hokejbal,N
5751,hokejbalista,N
5752,hokejista,N
5753,hokejistka,N
5754,hokejka,N
5755,hokejový,A
5756,hokynář,N
5757,holba,N
5758,holenní,A
5759,holení,N
5760,holeň,N
5761,holicí,A
5762,holina,N
5763,holinka,N
5764,holistický,A
5765,holit,V
5766,holič,N
5767,holička,N
5768,holičství,N
5769,holka,N
5770,holobyt,N
5771,holografický,A
5772,holohlavý,A
5773,holoubek,N
5774,holt,D
5775,holub,N
5776,holubice,N
5777,holubinka,N
5778,holubí,A
5779,holínka,N
5780,holčina,N
5781,holčička,N
5782,holčičí,A
5783,homeopatie,N
5784,homogenita,N
5785,homogenní,A
5786,homole,N
5787,homosexualita,N
5788,homosexuál,N
5789,honební,A
5790,honem,D
5791,honitba,N
5792,honička,N
5793,honorace,N
5794,honorovaný,A
5795,honorární,A
5796,honorář,N
5797,honosit,V
5798,honosně,D
5799,honosný,A
5800,honák,N
5801,honění,N
5802,hora,N
5803,horda,N
5804,horentní,A
5805,horečka,N
5806,horečnatě,D
5807,horečnatý,A
5808,horečný,A
5809,horizont,N
5810,horizontální,A
5811,horizontálně,D
5812,horko,N
5813,horkokrevný,A
5814,horkovzdušný,A
5815,horký,A
5816,horlit,V
5817,horlivost,N
5818,horlivý,A
5819,hormon,N
5820,hormonální,A
5821,hormonálně,D
5822,hornatý,A
5823,hornictví,N
5824,hornina,N
5825,horninový,A
5826,horník,N
5827,horolezec,N
5828,horolezecký,A
5829,horolezectví,N
5830,horolezkyně,N
5831,horor,N
5832,hororový,A
5833,horoskop,N
5834,horoucí,A
5835,horovat,V
5836,horský,A
5837,hortenzie,N
5838,hory,N
5839,horácký,A
5840,horák,N
5841,horšit,V
5842,hospic,N
5843,hospitalizace,N
5844,hospitalizovat,V
5845,hospoda,N
5846,hospodaření,N
5847,hospodařit,V
5848,hospodařící,A
5849,hospodský,A
5850,hospodyně,N
5851,hospodyňka,N
5852,hospodárnost,N
5853,hospodárný,A
5854,hospodárně,D
5855,hospodář,N
5856,hospodářka,N
5857,hospodářsky,D
5858,hospodářství,N
5859,hospůdka,N
5860,host,N
5861,hostel,N
5862,hosteska,N
5863,hostie,N
5864,hostina,N
5865,hostinec,N
5866,hostinská,N
5867,hostinský,N
5868,hostitel,N
5869,hostitelka,N
5870,hostitelský,A
5871,hostovat,V
5872,hostování,N
5873,hostující,A
5874,hotel,N
5875,hotelnictví,N
5876,hotelovka,N
5877,hotovka,N
5878,hotovost,N
5879,hotovostní,A
5880,hotový,A
5881,hotově,D
5882,hotýlek,N
5883,houba,N
5884,houbař,N
5885,houbaření,N
5886,houbařit,V
5887,houbařský,A
5888,houbička,N
5889,houbovitý,A
5890,houbový,A
5891,houf,N
5892,houfnice,N
5893,houfně,D
5894,houfovat,V
5895,houkat,V
5896,houkačka,N
5897,houknout,V
5898,houpadlo,N
5899,houpající,A
5900,houpat,V
5901,houpavý,A
5902,houpačka,N
5903,houpání,N
5904,house,N
5905,housenka,N
5906,houser,N
5907,houska,N
5908,houslařský,A
5909,housle,N
5910,houslista,N
5911,houslistka,N
5912,housličky,N
5913,houstnoucí,A
5914,houstnout,V
5915,houština,N
5916,houští,N
5917,houževnatost,N
5918,houževnatý,A
5919,houževnatě,D
5920,hovor,N
5921,hovorné,N
5922,hovorový,A
5923,hovořit,V
5924,hovořící,A
5925,hovězí,A
5926,hození,N
5927,hozený,A
5928,hořce,D
5929,hoře,N
5930,hořec,N
5931,hořejší,A
5932,hořekovat,V
5933,hoření,N
5934,hořet,V
5935,hořkost,N
5936,hořký,A
5937,hořlavina,N
5938,hořlavý,A
5939,hořák,N
5940,hořčice,N
5941,hořčík,N
5942,hošek,N
5943,hošík,N
5944,hrabanka,N
5945,hrabat,V
5946,hraboš,N
5947,hrabství,N
5948,hrabě,N
5949,hraběcí,A
5950,hraběnka,N
5951,hrachovec,N
5952,hrachový,A
5953,hrací,A
5954,hrad,N
5955,hradba,N
5956,hradební,A
5957,hradisko,N
5958,hradit,V
5959,hradiště,N
5960,hradlo,N
5961,hradní,A
5962,hrající,A
5963,hrana,N
5964,hranatý,A
5965,hranečník,N
5966,hraničit,V
5967,hraniční,A
5968,hraničář,N
5969,hranol,N
5970,hranolek,N
5971,hranolový,A
5972,hratelnost,N
5973,hratelný,A
5974,hravost,N
5975,hravý,A
5976,hravě,D
5977,hrazda,N
5978,hrazený,A
5979,hračička,N
5980,hračka,N
5981,hračkářský,A
5982,hračkářství,N
5983,hrbatý,A
5984,hrbit,V
5985,hrbol,N
5986,hrbolek,N
5987,hrdelní,A
5988,hrdina,N
5989,hrdinka,N
5990,hrdinsky,D
5991,hrdinský,A
5992,hrdinství,N
5993,hrdlička,N
5994,hrdlo,N
5995,hrdost,N
5996,hrdý,A
5997,hrknout,V
5998,hrnec,N
5999,hrnek,N
6000,hrneček,N
6001,hrnkový,A
6002,hrníček,N
6003,hrnčíř,N
6004,hrnčířský,A
6005,hrnčířství,N
6006,hrob,N
6007,hrobař,N
6008,hrobka,N
6009,hrobník,N
6010,hrobový,A
6011,hroch,N
6012,hromada,N
6013,hromada,N
6014,hromadný,A
6015,hromadně,D
6016,hromadící,A
6017,hromadění,N
6018,hromnice,N
6019,hromobití,N
6020,hromosvod,N
6021,hromotluk,N
6022,hromádka,N
6023,hrotit,V
6024,hroutit,V
6025,hroutící,A
6026,hrouzek,N
6027,hrozba,N
6028,hrozen,N
6029,hrozinka,N
6030,hrozit,V
6031,hrozivý,A
6032,hrozivě,D
6033,hrozno,N
6034,hroznový,A
6035,hroznýš,N
6036,hrozně,D
6037,hrozící,A
6038,hroší,A
6039,hrošík,N
6040,hrst,N
6041,hrstka,N
6042,hrtan,N
6043,hrubec,N
6044,hrubice,N
6045,hrubián,N
6046,hrubka,N
6047,hrubost,N
6048,hrubozrnný,A
6049,hrubě,D
6050,hrubý,A
6051,hrudka,N
6052,hruď,N
6053,hrušeň,N
6054,hruška,N
6055,hruškovice,N
6056,hruškový,A
6057,hryzat,V
6058,hrábě,N
6059,hrách,N
6060,hrádek,N
6061,hrát,V
6062,hrátky,N
6063,hráz,N
6064,hrázděný,A
6065,hrázka,N
6066,hrázný,N
6067,hráč,N
6068,hráčsky,D
6069,hráčský,A
6070,hráčství,N
6071,hrášek,N
6072,hráškový,A
6073,hrůza,N
6074,hrůzný,A
6075,hrůzně,D
6076,hrůzostrašný,A
6077,hrůzovláda,N
6078,hubatý,A
6079,hubení,N
6080,hubice,N
6081,hubička,N
6082,hubit,V
6083,hubovat,V
6084,hucul,N
6085,hudba,N
6086,hudebnice,N
6087,hudebnost,N
6088,hudební,A
6089,hudebník,N
6090,hudec,N
6091,hukot,N
6092,humanismus,N
6093,humanista,N
6094,humanitární,A
6095,humanizace,N
6096,humanoidní,A
6097,humno,N
6098,humor,N
6099,humoreska,N
6100,humoristický,A
6101,humorný,A
6102,humr,N
6103,humus,N
6104,humánní,A
6105,humózní,A
6106,hunt,N
6107,hurikán,N
6108,husa,N
6109,husar,N
6110,husita,N
6111,husitský,A
6112,husička,N
6113,husky,N
6114,hustit,V
6115,hustota,N
6116,hustý,A
6117,husí,A
6118,hutnický,A
6119,hutnictví,N
6120,hutní,A
6121,hutník,N
6122,hučení,N
6123,hučet,V
6124,hučící,A
6125,huňatý,A
6126,huňáč,N
6127,hvizd,N
6128,hvozd,N
6129,hvozdík,N
6130,hvízdnout,V
6131,hvězda,N
6132,hvězdice,N
6133,hvězdicový,A
6134,hvězdička,N
6135,hvězdokupa,N
6136,hvězdárna,N
6137,hvězdář,N
6138,hvězdářský,A
6139,hyacint,N
6140,hyaluronový,A
6141,hybnost,N
6142,hybný,A
6143,hybrid,N
6144,hybridní,A
6145,hydra,N
6146,hydrant,N
6147,hydratace,N
6148,hydratační,A
6149,hydratovat,V
6150,hydraulicky,D
6151,hydraulika,N
6152,hydrolog,N
6153,hydrologický,A
6154,hyena,N
6155,hyenismus,N
6156,hygiena,N
6157,hygienik,N
6158,hygienistka,N
6159,hygienička,N
6160,hymna,N
6161,hymnus,N
6162,hyperaktivita,N
6163,hyperaktivní,A
6164,hyperinflace,N
6165,hypermarket,N
6166,hypnóza,N
6167,hypoalergenní,A
6168,hypofýza,N
6169,hypotetický,A
6170,hypoteční,A
6171,hypotéka,N
6172,hypotéza,N
6173,hypotéční,A
6174,hysterický,A
6175,hysterie,N
6176,hábit,N
6177,hádanka,N
6178,hádat,V
6179,hádek,N
6180,hádka,N
6181,hádání,N
6182,hájemství,N
6183,hájenka,N
6184,hájení,N
6185,háječek,N
6186,hájovna,N
6187,hájící,A
6188,házenkář,N
6189,házenkářka,N
6190,házená,N
6191,házení,N
6192,házený,A
6193,házet,V
6194,háček,N
6195,háčkovaný,A
6196,háčkování,N
6197,háčkovat,V
6198,hádě,N
6199,hélium,N
6200,hýbat,V
6201,hýčkaný,A
6202,hýčkání,N
6203,hýčkat,V
6204,hýždě,N
6205,hýžďový,A
6206,hňup,N
6207,hřbet,N
6208,hřbetní,A
6209,hřbitov,N
6210,hřbitovní,A
6211,hřebec,N
6212,hřeben,N
6213,hřebenovka,N
6214,hřebenový,A
6215,hřebík,N
6216,hřebíček,N
6217,hřebčín,N
6218,hřejivý,A
6219,hřešit,V
6220,hřib,N
6221,hřivna,N
6222,hřiště,N
6223,hřmot,N
6224,hřmotný,A
6225,hřmít,V
6226,hřmění,N
6227,hřát,V
6228,hříbek,N
6229,hříbátko,N
6230,hříbě,N
6231,hřích,N
6232,hřídel,N
6233,hříva,N
6234,hříčka,N
6235,hříšník,N
6236,hůlka,N
6237,hůrka,N
6238,ibis,N
6239,ibišek,N
6240,idea,N
6241,idealismus,N
6242,idealista,N
6243,idealistický,A
6244,idealizovaný,A
6245,idealizovat,V
6246,identifikace,N
6247,identifikační,A
6248,identifikovaný,A
6249,identifikovat,V
6250,identifikátor,N
6251,identita,N
6252,ideologicky,D
6253,ideologický,A
6254,ideologie,N
6255,ideový,A
6256,ideově,D
6257,ideál,N
6258,ideální,A
6259,ideálně,D
6260,idiom,N
6261,idiopatický,A
6262,idol,N
6263,idylický,A
6264,idylka,N
6265,igelit,N
6266,igelitka,N
6267,iglú,N
6268,ignorace,N
6269,ignorance,N
6270,ignorovat,V
6271,ignorování,N
6272,ikona,N
6273,ikonka,N
6274,iktový,A
6275,ilegalita,N
6276,ilegální,A
6277,iluminace,N
6278,iluminovaný,A
6279,ilustrace,N
6280,ilustrativní,A
6281,ilustrační,A
6282,ilustrovaný,A
6283,ilustrovat,V
6284,ilustrátor,N
6285,iluze,N
6286,iluzionista,N
6287,iluzorní,A
6288,imaginární,A
6289,imigrace,N
6290,imigrant,N
6291,imigrační,A
6292,imise,N
6293,imisní,A
6294,imitace,N
6295,imitovat,V
6296,imitující,A
6297,imitátor,N
6298,imobilizér,N
6299,imobilní,A
6300,impeachment,N
6301,impedance,N
6302,imperativ,N
6303,imperialismus,N
6304,imperialista,N
6305,imperialistický,A
6306,imperátor,N
6307,implantace,N
6308,implantovaný,A
6309,implantovat,V
6310,implantát,N
6311,implementace,N
6312,implementační,A
6313,implementovat,V
6314,implicitní,A
6315,implicitně,D
6316,imponující,A
6317,import,N
6318,importní,A
6319,importovaný,A
6320,importovat,V
6321,importér,N
6322,impotence,N
6323,impotentní,A
6324,impozantní,A
6325,impozantně,D
6326,impregnace,N
6327,impregnovaný,A
6328,impregnovat,V
6329,imprese,N
6330,impresionismus,N
6331,impresionista,N
6332,impresionistický,A
6333,improvizace,N
6334,improvizační,A
6335,improvizovat,V
6336,improvizátor,N
6337,impuls,N
6338,impulz,N
6339,impulzivně,D
6340,impulzívní,A
6341,impérium,N
6342,imunita,N
6343,imunitní,A
6344,imunní,A
6345,imunolog,N
6346,imunologie,N
6347,imunoterapie,N
6348,inaugurace,N
6349,inaugurační,A
6350,incidence,N
6351,incident,N
6352,index,N
6353,indicie,N
6354,indigo,N
6355,indikace,N
6356,indikační,A
6357,indikovaný,A
6358,indikovat,V
6359,indikátor,N
6360,indisponovaný,A
6361,indispozice,N
6362,individualismus,N
6363,individualista,N
6364,individualistický,A
6365,individualita,N
6366,individualizace,N
6367,individuum,N
6368,indukce,N
6369,indukovaný,A
6370,indukovat,V
6371,indukční,A
6372,industrializace,N
6373,industriální,A
6374,inertní,A
6375,infarkt,N
6376,infekce,N
6377,infekční,A
6378,infikovaný,A
6379,infikovat,V
6380,infiltrace,N
6381,infiltrovat,V
6382,inifinitiv,N
6383,infinitum,N
6384,inflace,N
6385,info,N
6386,infocentrum,N
6387,infokanál,N
6388,informace,N
6389,informatik,N
6390,informatika,N
6391,informativní,A
6392,informovanost,N
6393,informovaný,A
6394,informování,N
6395,informovat,V
6396,informující,A
6397,informátor,N
6398,infrasauna,N
6399,infrastruktura,N
6400,infrastrukturní,A
6401,infuzní,A
6402,infúze,N
6403,ingot,N
6404,ingredience,N
6405,inhalace,N
6406,inhalační,A
6407,inhalovat,V
6408,inhalátor,N
6409,inhibitor,N
6410,inhibovat,V
6411,iniciace,N
6412,iniciativa,N
6413,iniciační,A
6414,iniciovaný,A
6415,iniciovat,V
6416,iniciála,N
6417,iniciátor,N
6418,iniciátorka,N
6419,injekce,N
6420,injektáž,N
6421,injekční,A
6422,inkasovaný,A
6423,inkasovat,V
6424,inklinace,N
6425,inklinovat,V
6426,inkluzivní,A
6427,inkluze,N
6428,inkognito,D
6429,inkoust,N
6430,inkriminace,N
6431,inkriminovat,V
6432,inkriminovaný,A
6433,inkubace,N
6434,inkubační,A
6435,inkubátor,N
6436,inkvizice,N
6437,inkvizitor,N
6438,inkviziční,A
6439,inovace,N
6440,inovativnost,N
6441,inovativní,A
6442,inovovat,V
6443,inovátor,N
6444,inscenace,N
6445,inscenační,A
6446,inscenovaný,A
6447,inscenovat,V
6448,inscenování,N
6449,inscenátor,N
6450,insekticid,N
6451,insekticidní,A
6452,inseminace,N
6453,inseminační,A
6454,insignie,N
6455,insolvence,N
6456,insolvenční,A
6457,inspekce,N
6458,inspektor,N
6459,inspektorka,N
6460,inspirace,N
6461,inspirační,A
6462,instalace,N
6463,instalatér,N
6464,instalatérský,A
6465,instalační,A
6466,instalovaný,A
6467,instalování,N
6468,instalovat,V
6469,instance,N
6470,instantní,A
6471,instinkt,N
6472,instinktivní,A
6473,instinktivně,D
6474,instituce,N
6475,institucionální,A
6476,institut,N
6477,instrukce,N
6478,instruktor,N
6479,instruktorka,N
6480,instruktáž,N
6481,instruktážní,A
6482,instrument,N
6483,instrumentace,N
6484,instrumentalista,N
6485,instruovat,V
6486,integrace,N
6487,integrační,A
6488,integrita,N
6489,integrovaný,A
6490,integrovat,V
6491,integrující,A
6492,integrál,N
6493,integrální,A
6494,intelekt,N
6495,intelektuál,N
6496,intelektuálka,N
6497,intelektuální,A
6498,intelektuálně,D
6499,inteligence,N
6500,inteligentní,A
6501,inteligentně,D
6502,inteligenční,A
6503,intence,N
6504,intendant,N
6505,intenzifikace,N
6506,intenzita,N
6507,intenzívní,A
6508,interakce,N
6509,interaktivita,N
6510,interaktivní,A
6511,interference,N
6512,interiér,N
6513,interiérový,A
6514,interna,N
6515,internace,N
6516,internační,A
6517,internet,N
6518,internista,N
6519,internovaný,A
6520,internovat,V
6521,internát,N
6522,interní,A
6523,interpelace,N
6524,interpersonální,A
6525,interpret,N
6526,interpretace,N
6527,interpretační,A
6528,interpretačně,D
6529,interpretka,N
6530,interrupce,N
6531,interval,N
6532,intervalový,A
6533,intervence,N
6534,intervenovat,V
6535,intimita,N
6536,intimnost,N
6537,intimně,D
6538,intimní,A
6539,intolerance,N
6540,intonace,N
6541,intonační,A
6542,intoxikace,N
6543,intranet,N
6544,intrika,N
6545,introvert,N
6546,introvertní,A
6547,intuice,N
6548,invalida,N
6549,invalidita,N
6550,invalidní,A
6551,invaze,N
6552,invektiva,N
6553,invence,N
6554,inventura,N
6555,inventární,A
6556,inventář,N
6557,invenční,A
6558,inverze,N
6559,investice,N
6560,investigativní,A
6561,investigovat,V
6562,investor,N
6563,investorský,A
6564,investovaný,A
6565,investovat,V
6566,investování,N
6567,investující,A
6568,inzerce,N
6569,inzerent,N
6570,inzertní,A
6571,inzerát,N
6572,inzulin,N
6573,inzultace,N
6574,inzultovat,V
6575,inženýr,N
6576,inženýrka,N
6577,inženýrský,A
6578,ionizující,A
6579,iont,N
6580,iontový,A
6581,iracionalita,N
6582,iracionální,A
6583,iridium,N
6584,ironicky,D
6585,ironie,N
6586,ironik,N
6587,ironizovat,V
6588,ischemie,N
6589,islám,N
6590,itinerář,N
6591,izolace,N
6592,izolant,N
6593,izolační,A
6594,izolepa,N
6595,izolovanost,N
6596,izolovaný,A
6597,izolovaně,D
6598,izolovat,V
6599,izolátor,N
6600,izotop,N
6601,jablečný,A
6602,jablko,N
6603,jabloň,N
6604,jabloňový,A
6605,jablíčko,N
6606,jachta,N
6607,jachtař,N
6608,jachtařský,A
6609,jachting,N
6610,jackpot,N
6611,jaderný,A
6612,jadérko,N
6613,jahoda,N
6614,jahodník,N
6615,jahodový,A
6616,jakkoli,D
6617,jakmile,J
6618,jakoby,D
6619,jakobín,N
6620,jakost,N
6621,jaký,P
6622,jakýkoli,P
6623,jakýsi,P
6624,jalovec,N
6625,jantar,N
6626,jarmareční,A
6627,jarmark,N
6628,jaro,N
6629,jarní,A
6630,jasan,N
6631,jasanový,A
6632,jasno,D
6633,jasnost,N
6634,jasnovidec,N
6635,jasný,A
6636,jasně,D
6637,jasoň,N
6638,jaterní,A
6639,jateční,A
6640,jatečný,A
6641,jatka,N
6642,javor,N
6643,javorový,A
6644,jazyk,N
6645,jazykový,A
6646,jazykově,D
6647,jazykovědec,N
6648,jazz,N
6649,jazýček,N
6650,jařina,N
6651,jdoucí,A
6652,jeden,C
6653,jedinec,N
6654,jedinečnost,N
6655,jedináček,N
6656,jedině,D
6657,jediný,A
6658,jedle,N
6659,jedlička,N
6660,jedlový,A
6661,jedlík,N
6662,jedlý,A
6663,jednací,A
6664,jednající,A
6665,jednat,V
6666,jednatel,N
6667,jednatelka,N
6668,jednatelství,N
6669,jednička,N
6670,jednoduchý,A
6671,jednodílný,A
6672,jednohubka,N
6673,jednokolejka,N
6674,jednokolka,N
6675,jednomyslnost,N
6676,jednomyslný,A
6677,jednooký,A
6678,jednorožec,N
6679,jednorázový,A
6680,jednorázově,D
6681,jednoslovný,A
6682,jednosměrka,N
6683,jednosměrný,A
6684,jednota,N
6685,jednotka,N
6686,jednotkový,A
6687,jednotlivec,N
6688,jednotlivkyně,N
6689,jednotlivost,N
6690,jednotlivý,A
6691,jednotlivě,D
6692,jednotnost,N
6693,jednotný,A
6694,jednotvárnost,N
6695,jednotvárný,A
6696,jednotící,A
6697,jednovrstvý,A
6698,jednoznačnost,N
6699,jednoznačně,D
6700,jednoznačný,A
6701,jednání,N
6702,jedovatost,N
6703,jedovatý,A
6704,jedovka,N
6705,jedový,A
6706,jehla,N
6707,jehlan,N
6708,jehlice,N
6709,jehlička,N
6710,jehličnan,N
6711,jehličí,N
6712,jehlový,A
6713,jehně,N
6714,jehněčí,A
6715,jehovista,N
6716,jehňátko,N
6717,jekot,N
6718,jelen,N
6719,jelito,N
6720,jemnost,N
6721,jemný,A
6722,jeptiška,N
6723,jeskyně,N
6724,jeskyňka,N
6725,jeskyňář,N
6726,jesle,N
6727,jesličky,N
6728,jestřáb,N
6729,jestřábí,A
6730,jetel,N
6731,jetelovina,N
6732,jevit,V
6733,jeviště,N
6734,jezdec,N
6735,jezdectvo,N
6736,jezdectví,N
6737,jezdit,V
6738,jezdící,A
6739,jezerní,A
6740,jezero,N
6741,jezevec,N
6742,jezevčík,N
6743,jezinka,N
6744,jezový,A
6745,jezuita,N
6746,jezulátko,N
6747,jezírko,N
6748,ječmen,N
6749,ječný,A
6750,ječící,A
6751,jeřabina,N
6752,jeřabinový,A
6753,jeřáb,N
6754,jeřábník,N
6755,ještěr,N
6756,ještěrka,N
6757,ježdění,N
6758,ježek,N
6759,ježčí,A
6760,jidiš,N
6761,jihovýchod,N
6762,jihozápad,N
6763,jikra,N
6764,jilm,N
6765,jinak,D
6766,jinakost,N
6767,jinam,D
6768,jinan,N
6769,jinde,D
6770,jindy,D
6771,jinotaj,N
6772,jinudy,D
6773,jiný,A
6774,jirchář,N
6775,jiskra,N
6776,jiskření,N
6777,jiskřit,V
6778,jiskřička,N
6779,jisticí,A
6780,jistina,N
6781,jistit,V
6782,jistič,N
6783,jistota,N
6784,jistící,A
6785,jistý,A
6786,jitrnice,N
6787,jitro,N
6788,jitrocel,N
6789,jitřit,V
6790,jitřní,A
6791,jizba,N
6792,jizva,N
6793,jiřinka,N
6794,jištění,N
6795,jištěný,A
6796,jižní,A
6797,jmelí,N
6798,jmeniny,N
6799,jmenovací,A
6800,jmenovaný,A
6801,jmenovat,V
6802,jmenovatel,N
6803,jmenovec,N
6804,jmenovitý,A
6805,jmenovitě,D
6806,jmenovka,N
6807,jmenovkyně,N
6808,jmenování,N
6809,jmout,V
6810,jméno,N
6811,jmění,N
6812,jogurt,N
6813,jogurtový,A
6814,jogín,N
6815,joint,N
6816,jojo,N
6817,jojoba,N
6818,jojobový,A
6819,jsoucno,N
6820,jsoucí,A
6821,jubilant,N
6822,jubilejní,A
6823,jubileum,N
6824,juchat,V
6825,judaismus,N
6826,judikatura,N
6827,judikát,N
6828,judistka,N
6829,judo,N
6830,jukebox,N
6831,junior,N
6832,juniorka,N
6833,juniorský,A
6834,junta,N
6835,junácký,A
6836,junák,N
6837,jurisdikce,N
6838,jurta,N
6839,jury,N
6840,just,D
6841,justice,N
6842,justiční,A
6843,juta,N
6844,jutový,A
6845,juvenilní,A
6846,jádro,N
6847,jádrovina,N
6848,jádrový,A
6849,jádřinec,N
6850,jáhla,N
6851,jáma,N
6852,jásat,V
6853,jásání,N
6854,játra,N
6855,játrový,A
6856,jícen,N
6857,jícha,N
6858,jídelna,N
6859,jídelní,A
6860,jídelníček,N
6861,jídlo,N
6862,jílek,N
6863,jílový,A
6864,jímací,A
6865,jímat,V
6866,jímka,N
6867,jímání,N
6868,jírovcový,A
6869,jírovec,N
6870,jíst,V
6871,jíva,N
6872,jízda,N
6873,jízdenka,N
6874,jízdné,N
6875,jízdní,A
6876,jízdný,A
6877,jízdárna,N
6878,jízlivost,N
6879,jóga,N
6880,jógový,A
6881,kabala,N
6882,kabaret,N
6883,kabaretiér,N
6884,kabaretní,A
6885,kabel,N
6886,kabela,N
6887,kabelka,N
6888,kabelkový,A
6889,kabelovka,N
6890,kabelový,A
6891,kabina,N
6892,kabinet,N
6893,kabinetní,A
6894,kabinka,N
6895,kabinový,A
6896,kabriolet,N
6897,kabátec,N
6898,kabátek,N
6899,kachel,N
6900,kachlový,A
6901,kachlík,N
6902,kachna,N
6903,kachnička,N
6904,kachní,A
6905,kacíř,N
6906,kacířský,A
6907,kadence,N
6908,kadet,N
6909,kadetka,N
6910,kadeř,N
6911,kadeřnice,N
6912,kadeřnictví,N
6913,kadeřník,N
6914,kadibudka,N
6915,kadidlo,N
6916,kafe,N
6917,kafíčko,N
6918,kahan,N
6919,kajak,N
6920,kajakář,N
6921,kajakářka,N
6922,kajot,N
6923,kajuta,N
6924,kajícník,N
6925,kaktus,N
6926,kalamita,N
6927,kalamitní,A
6928,kalamář,N
6929,kalcium,N
6930,kaleidoskop,N
6931,kalendárium,N
6932,kalendář,N
6933,kalendářní,A
6934,kalendářík,N
6935,kalhoty,N
6936,kalhotky,N
6937,kalhotový,A
6938,kalibr,N
6939,kalibrace,N
6940,kalibrační,A
6941,kalich,N
6942,kaligrafický,A
6943,kaligrafie,N
6944,kalina,N
6945,kališník,N
6946,kaliště,N
6947,kalkul,N
6948,kalkulace,N
6949,kalkulačka,N
6950,kalkulus,N
6951,kalkulátor,N
6952,kalný,A
6953,kalorie,N
6954,kaloň,N
6955,kalup,N
6956,kaluž,N
6957,kalíšek,N
6958,kamarád,N
6959,kamarádit,V
6960,kamencový,A
6961,kamenec,N
6962,kamenictví,N
6963,kamenina,N
6964,kameninový,A
6965,kamenitý,A
6966,kamenivo,N
6967,kamenný,A
6968,kamenolom,N
6969,kamenovat,V
6970,kameník,N
6971,kamera,N
6972,kameraman,N
6973,kamerka,N
6974,kamerový,A
6975,kameňák,N
6976,kamion,N
6977,kamionový,A
6978,kamna,N
6979,kamnář,N
6980,kampaň,N
6981,kampus,N
6982,kamrlík,N
6983,kamufláž,N
6984,kamzík,N
6985,kamélie,N
6986,kamínek,N
6987,kamínka,N
6988,kanady,N
6989,kanalizace,N
6990,kanalizační,A
6991,kanape,N
6992,kancelář,N
6993,kancl,N
6994,kancléř,N
6995,kancléřka,N
6996,kancléřský,A
6997,kancléřství,N
6998,kandelábr,N
6999,kandidatura,N
7000,kandidující,A
7001,kandidát,N
7002,kandidátka,N
7003,kandidátní,A
7004,kandidátský,A
7005,kandidovat,V
7006,kandovaný,A
7007,kanec,N
7008,kanibal,N
7009,kankán,N
7010,kanoe,N
7011,kanoista,N
7012,kanoistický,A
7013,kanoistika,N
7014,kanoistka,N
7015,kanon,N
7016,kanonický,A
7017,kanonie,N
7018,kanonizace,N
7019,kanonáda,N
7020,kanonýr,N
7021,kanonýrka,N
7022,kanonýrský,A
7023,kanovník,N
7024,kantiléna,N
7025,kantor,N
7026,kantořina,N
7027,kantáta,N
7028,kantýna,N
7029,kanyla,N
7030,kanál,N
7031,kanálek,N
7032,kanálový,A
7033,kanár,N
7034,kanárek,N
7035,kanón,N
7036,kapacita,N
7037,kapacitní,A
7038,kapacitně,D
7039,kapající,A
7040,kapalina,N
7041,kapalinový,A
7042,kapalný,A
7043,kapary,N
7044,kapat,V
7045,kapavka,N
7046,kapačka,N
7047,kapela,N
7048,kapelník,N
7049,kapesné,N
7050,kapesní,A
7051,kapesník,N
7052,kapilára,N
7053,kapitalista,N
7054,kapitalizace,N
7055,kapitační,A
7056,kapitola,N
7057,kapitula,N
7058,kapitulace,N
7059,kapitulní,A
7060,kapitál,N
7061,kapitální,A
7062,kapitálově,D
7063,kapitán,N
7064,kapitánka,N
7065,kapička,N
7066,kapka,N
7067,kapkový,A
7068,kaplan,N
7069,kaplice,N
7070,kaplička,N
7071,kapota,N
7072,kapotáž,N
7073,kapr,N
7074,kapradina,N
7075,kapradí,N
7076,kapsa,N
7077,kapsička,N
7078,kapsle,N
7079,kapsář,N
7080,kapsářka,N
7081,kapuce,N
7082,kapucín,N
7083,kapusta,N
7084,kapustička,N
7085,kapr,N
7086,kapří,A
7087,kapřík,N
7088,karafa,N
7089,karafiát,N
7090,karambol,N
7091,karamel,N
7092,karamelka,N
7093,karamelový,A
7094,karanténa,N
7095,karanténní,A
7096,karaoke,N
7097,karas,N
7098,karate,N
7099,karatista,N
7100,karatistka,N
7101,karavana,N
7102,karbaník,N
7103,karbid,N
7104,karbon,N
7105,karbonový,A
7106,karburátor,N
7107,karcinogen,N
7108,karcinogenní,A
7109,karcinom,N
7110,kardamom,N
7111,kardiak,N
7112,kardinál,N
7113,kardinální,A
7114,kardio,N
7115,kardiochirurg,N
7116,kardiolog,N
7117,kareta,N
7118,karetní,A
7119,kari,N
7120,karikatura,N
7121,karikaturista,N
7122,karikovat,V
7123,karimatka,N
7124,kariéra,N
7125,kariérní,A
7126,karma,N
7127,karmín,N
7128,karmínový,A
7129,karneval,N
7130,karnevalový,A
7131,karosa,N
7132,karoserie,N
7133,karosárna,N
7134,karoten,N
7135,karotka,N
7136,karpální,A
7137,karta,N
7138,kartel,N
7139,kartelový,A
7140,kartička,N
7141,kartograf,N
7142,kartografický,A
7143,kartografie,N
7144,karton,N
7145,kartotéka,N
7146,kartáč,N
7147,kartářka,N
7148,kartón,N
7149,karásek,N
7150,karát,N
7151,karátový,A
7152,kasa,N
7153,kasační,A
7154,kasino,N
7155,kasička,N
7156,kaskadér,N
7157,kaskadérský,A
7158,kaskáda,N
7159,kaskádový,A
7160,kasovní,A
7161,kasta,N
7162,kastelán,N
7163,kastelánka,N
7164,kastrace,N
7165,kastrol,N
7166,kastrůlek,N
7167,kasárna,N
7168,kasárny,N
7169,katafalk,N
7170,katakomby,N
7171,katalog,N
7172,katalogový,A
7173,katalytický,A
7174,katalyzátor,N
7175,katamarán,N
7176,katan,N
7177,katapult,N
7178,katapultovat,V
7179,katarakta,N
7180,katarze,N
7181,katastr,N
7182,katastrofa,N
7183,katastrofický,A
7184,katastrofální,A
7185,katastrální,A
7186,katechismus,N
7187,katedra,N
7188,katedrála,N
7189,katedrální,A
7190,kategoricky,D
7191,kategorický,A
7192,kategorie,N
7193,katetr,N
7194,kationt,N
7195,katoda,N
7196,katolický,A
7197,katolictví,N
7198,katolík,N
7199,katr,N
7200,katétr,N
7201,kauce,N
7202,kauza,N
7203,kauzální,A
7204,kaučuk,N
7205,kaval,N
7206,kavalec,N
7207,kavalerie,N
7208,kavalír,N
7209,kaverna,N
7210,kavka,N
7211,kavárenský,A
7212,kavárna,N
7213,kavárnička,N
7214,kavárník,N
7215,kazatel,N
7216,kazatelna,N
7217,kazeta,N
7218,kazetový,A
7219,kazeťák,N
7220,kazivost,N
7221,kazit,V
7222,kazuistika,N
7223,kačena,N
7224,kačenka,N
7225,kačer,N
7226,kačírek,N
7227,kaňka,N
7228,kaše,N
7229,kašel,N
7230,kašička,N
7231,kašlat,V
7232,kašlání,N
7233,kašmír,N
7234,kašmírový,A
7235,kašna,N
7236,kašovitý,A
7237,kašpar,N
7238,kašpárek,N
7239,kaštan,N
7240,kaštanový,A
7241,každodenní,A
7242,každodenně,D
7243,každopádně,D
7244,každoroční,A
7245,každý,P
7246,kbelík,N
7247,kdoule,N
7248,kdykoli,D
7249,kdysi,D
7250,kebab,N
7251,kecka,N
7252,kedlubna,N
7253,kefír,N
7254,kejkle,N
7255,kejklíř,N
7256,kejklířský,A
7257,keks,N
7258,kelt,N
7259,kelímek,N
7260,kemp,N
7261,kempovat,V
7262,kempování,N
7263,keramický,A
7264,keramik,N
7265,keramika,N
7266,keramička,N
7267,keratin,N
7268,kečup,N
7269,keřový,A
7270,keřík,N
7271,kešu,N
7272,kiks,N
7273,kilo,N
7274,kilogram,N
7275,kilogramový,A
7276,kilojoul,N
7277,kilometr,N
7278,kilometrový,A
7279,kilový,A
7280,kimono,N
7281,kinař,N
7282,kinematograf,N
7283,kinematografický,A
7284,kinematografie,N
7285,kinetický,A
7286,kino,N
7287,kinosál,N
7288,kiosek,N
7289,kiwi,N
7290,klacek,N
7291,klacík,N
7292,klad,N
7293,kladení,N
7294,kladený,A
7295,kladina,N
7296,kladivo,N
7297,kladivář,N
7298,kladivářka,N
7299,kladka,N
7300,kladkostroj,N
7301,kladný,A
7302,kladně,D
7303,kladívko,N
7304,kladívkový,A
7305,klam,N
7306,klamat,V
7307,klan,N
7308,klanění,N
7309,klanět,V
7310,klapačka,N
7311,klapka,N
7312,klapot,N
7313,klapat,V
7314,klapání,N
7315,klarinet,N
7316,klarinetista,N
7317,klarinetový,A
7318,klas,N
7319,klasa,N
7320,klasifikace,N
7321,klasifikační,A
7322,klasifikovaný,A
7323,klasifikovat,V
7324,klasik,N
7325,klasika,N
7326,klastr,N
7327,klatba,N
7328,klaun,N
7329,klauniáda,N
7330,klaunský,A
7331,klauzule,N
7332,klauzurní,A
7333,klaviatura,N
7334,klavír,N
7335,klavírista,N
7336,klavíristka,N
7337,klavírní,A
7338,klec,N
7339,klecový,A
7340,kleknout,V
7341,klekánice,N
7342,klempíř,N
7343,klempířský,A
7344,klenba,N
7345,klenot,N
7346,klenotnice,N
7347,klenotnický,A
7348,klenotnictví,N
7349,klenotník,N
7350,klenout,V
7351,klenutý,A
7352,klep,N
7353,klepat,V
7354,klepeto,N
7355,klepnout,V
7356,klepnutí,N
7357,klerik,N
7358,klesat,V
7359,klest,N
7360,klestit,V
7361,klestí,N
7362,klesání,N
7363,kletba,N
7364,kleč,N
7365,klečící,A
7366,kleštičky,N
7367,kleště,N
7368,klid,N
7369,klidit,V
7370,klidný,A
7371,klient,N
7372,klientela,N
7373,klientka,N
7374,klientský,A
7375,klik,N
7376,klika,N
7377,klikat,V
7378,klikatící,A
7379,klikař,N
7380,kliknout,V
7381,kliknutí,N
7382,klikový,A
7383,klikyhák,N
7384,klikání,N
7385,klima,N
7386,klimakterium,N
7387,klimaticky,D
7388,klimatizace,N
7389,klimatizační,A
7390,klimatizovaný,A
7391,klimatolog,N
7392,klimatologie,N
7393,klinický,A
7394,klinika,N
7395,klip,N
7396,klipový,A
7397,klisna,N
7398,klička,N
7399,kličkovat,V
7400,kličkování,N
7401,kličkující,A
7402,kliďas,N
7403,klišé,N
7404,klobouk,N
7405,kloboukový,A
7406,klobouček,N
7407,klobása,N
7408,klobáska,N
7409,klokan,N
7410,kloktat,V
7411,klokánek,N
7412,klon,N
7413,klonit,V
7414,klonovat,V
7415,klonování,N
7416,klopa,N
7417,klopit,V
7418,klopotný,A
7419,klopýtnout,V
7420,klopýtnutí,N
7421,kloub,N
7422,kloubit,V
7423,kloubní,A
7424,kloubový,A
7425,kloudný,A
7426,klouzající,A
7427,klouzat,V
7428,klouzavý,A
7429,klouzačka,N
7430,klouzek,N
7431,klouzání,N
7432,klouček,N
7433,klozet,N
7434,klub,N
7435,klubko,N
7436,klubovna,N
7437,klubový,A
7438,klubíčko,N
7439,kluk,N
7440,klukovina,N
7441,klus,N
7442,klusat,V
7443,klusák,N
7444,kluziště,N
7445,kluzký,A
7446,kluzný,A
7447,klučina,N
7448,klučičí,A
7449,klučík,N
7450,klystýr,N
7451,klábosení,N
7452,klábosit,N
7453,klání,N
7454,klásek,N
7455,klást,V
7456,klávesa,N
7457,klávesista,N
7458,klávesnice,N
7459,klávesy,N
7460,klášter,N
7461,klášterní,A
7462,klícka,N
7463,klídek,N
7464,klín,N
7465,klínovitý,A
7466,klínový,A
7467,klíněnka,N
7468,klíč,N
7469,klíček,N
7470,klíčenka,N
7471,klíčení,N
7472,klíčit,V
7473,klíčivost,N
7474,klíční,A
7475,klíčový,A
7476,klíčící,A
7477,klíště,N
7478,klíšťový,A
7479,kmen,N
7480,kmenový,A
7481,kmet,N
7482,kmit,N
7483,kmitat,V
7484,kmitočet,N
7485,kmitočtový,A
7486,kmitání,N
7487,kmotr,N
7488,kmotra,N
7489,kmín,N
7490,kmínek,N
7491,knajpa,N
7492,knedlík,N
7493,kniha,N
7494,knihař,N
7495,knihařský,A
7496,knihkupec,N
7497,knihkupecký,A
7498,knihkupectví,N
7499,knihomol,N
7500,knihovna,N
7501,knihovnice,N
7502,knihovnický,A
7503,knihovnička,N
7504,knihovník,N
7505,knihtisk,N
7506,knižnice,N
7507,knižní,A
7508,knoflík,N
7509,knoflíkový,A
7510,knoflíček,N
7511,knot,N
7512,knír,N
7513,knírač,N
7514,knírek,N
7515,kníže,N
7516,knížectví,N
7517,knížecí,A
7518,knížečka,N
7519,knížka,N
7520,kněz,N
7521,kněžka,N
7522,kněžský,A
7523,kněžství,N
7524,koala,N
7525,koalice,N
7526,koaliční,A
7527,koaxiální,A
7528,kobercový,A
7529,koberec,N
7530,kobereček,N
7531,kobka,N
7532,kobliha,N
7533,koblížek,N
7534,kobra,N
7535,kobyla,N
7536,kobylka,N
7537,kobylí,A
7538,kochleární,A
7539,kocour,N
7540,kocourek,N
7541,kocovina,N
7542,kocábka,N
7543,kodek,N
7544,kodex,N
7545,kodifikovat,V
7546,koeficient,N
7547,koexistence,N
7548,kognice,N
7549,kognitivní,A
7550,koherentní,A
7551,kohezní,A
7552,kohorta,N
7553,kohout,N
7554,kohoutek,N
7555,kohoutkový,A
7556,kojení,N
7557,kojit,V
7558,kojná,N
7559,kojot,N
7560,kojící,A
7561,koka,N
7562,kokain,N
7563,kokainový,A
7564,koketní,A
7565,koketovat,V
7566,koketování,N
7567,kokon,N
7568,kokos,N
7569,kokosový,A
7570,kokpit,N
7571,koks,N
7572,koksovna,N
7573,koktat,V
7574,koktavost,N
7575,koktavý,A
7576,koktejl,N
7577,koktání,N
7578,kolaborace,N
7579,kolaborant,N
7580,kolagen,N
7581,kolagenový,A
7582,kolaps,N
7583,kolapsový,A
7584,kolaudace,N
7585,kolaudační,A
7586,kolaudovat,V
7587,kolbiště,N
7588,kolchoz,N
7589,koleda,N
7590,koledník,N
7591,kolega,N
7592,kolegialita,N
7593,kolegiální,A
7594,kolegyně,N
7595,kolej,N
7596,kolejiště,N
7597,kolejnice,N
7598,kolejní,A
7599,kolejový,A
7600,kolek,N
7601,kolekce,N
7602,kolektiv,N
7603,kolektivismus,N
7604,kolektivistický,A
7605,kolektivizace,N
7606,kolektivní,A
7607,kolektivně,D
7608,kolektor,N
7609,kolektorový,A
7610,kolem,D
7611,kolemjdoucí,N
7612,kolenní,A
7613,koleno,N
7614,koleso,N
7615,kolesový,A
7616,kolečko,N
7617,kolečkový,A
7618,kolečkář,N
7619,koliba,N
7620,kolibřík,N
7621,kolidovat,V
7622,kolik,C
7623,kolika,N
7624,kolikrát,C
7625,kolize,N
7626,kolizní,A
7627,kolkovaný,A
7628,kolkování,N
7629,kolmice,N
7630,kolmo,D
7631,kolmý,A
7632,kolo,N
7633,koloběh,N
7634,koloběžka,N
7635,koloběžkový,A
7636,koloběžkář,N
7637,kolokvium,N
7638,kolona,N
7639,kolonialismus,N
7640,kolonie,N
7641,kolonista,N
7642,kolonizace,N
7643,kolonizátor,N
7644,kolonka,N
7645,kolonáda,N
7646,kolorit,N
7647,kolorovaný,A
7648,kolos,N
7649,kolosální,A
7650,kolotoč,N
7651,kolotočář,N
7652,kolouch,N
7653,kolovat,V
7654,kolovrátek,N
7655,kolt,N
7656,kolující,A
7657,kolárna,N
7658,koláč,N
7659,koláž,N
7660,kolébka,N
7661,kolík,N
7662,kolínko,N
7663,kolísající,A
7664,kolísat,V
7665,kolísavý,A
7666,kolíček,N
7667,komando,N
7668,kombinace,N
7669,kombinační,A
7670,kombinačně,D
7671,kombinovat,V
7672,kombinování,N
7673,kombinující,A
7674,kombinát,N
7675,kombinéza,N
7676,komediant,N
7677,komedie,N
7678,komediální,A
7679,komenda,N
7680,koment,N
7681,komentovaný,A
7682,komentování,N
7683,komentovat,V
7684,komentující,A
7685,komentátor,N
7686,komentátorský,A
7687,komentář,N
7688,kometa,N
7689,komfortní,A
7690,komfortně,D
7691,komicky,D
7692,komický,A
7693,komik,N
7694,komika,N
7695,komiks,N
7696,kominický,A
7697,kominík,N
7698,komisař,N
7699,komise,N
7700,komisionář,N
7701,komnata,N
7702,komoda,N
7703,komodita,N
7704,komoditní,A
7705,komolit,V
7706,komora,N
7707,komorná,N
7708,komorní,A
7709,komorně,D
7710,komorový,A
7711,komoří,N
7712,kompakt,N
7713,kompaktnost,N
7714,kompaktní,A
7715,kompaktně,D
7716,komparace,N
7717,komparz,N
7718,komparzista,N
7719,kompas,N
7720,kompatibilita,N
7721,kompatibilní,A
7722,kompenzace,N
7723,kompenzační,A
7724,kompenzovat,V
7725,kompetence,N
7726,kompetentnost,N
7727,kompetentně,D
7728,kompetenční,A
7729,kompilace,N
7730,komplementární,A
7731,kompletní,A
7732,kompletně,D
7733,komplex,N
7734,komplexita,N
7735,komplexnost,N
7736,komplexně,D
7737,komplexní,A
7738,komplic,N
7739,komplikace,N
7740,komplikovanost,N
7741,komplikovaný,A
7742,komplikovaně,D
7743,komplikovat,V
7744,kompliment,N
7745,komplot,N
7746,komponent,N
7747,komponenta,N
7748,komponista,N
7749,komponovaný,A
7750,komponovat,V
7751,komponování,N
7752,kompostování,N
7753,kompost,N
7754,kompostárna,N
7755,kompostér,N
7756,kompot,N
7757,kompotovaný,A
7758,kompozice,N
7759,kompozit,N
7760,kompoziční,A
7761,komprese,N
7762,kompresor,N
7763,kompresorový,A
7764,kompromis,N
7765,kompromitovat,V
7766,kompromitující,A
7767,komuna,N
7768,komunard,N
7769,komunikace,N
7770,komunikativnost,N
7771,komunikovat,V
7772,komunikující,A
7773,komunikátor,N
7774,komunista,N
7775,komunistický,A
7776,komunistka,N
7777,komunita,N
7778,komunitární,A
7779,komár,N
7780,komín,N
7781,komínek,N
7782,komínový,A
7783,komůrka,N
7784,konající,A
7785,konat,V
7786,koncentrace,N
7787,koncentrační,A
7788,koncentrovaný,A
7789,koncentrovaně,D
7790,koncentrovat,V
7791,koncentrát,N
7792,koncepce,N
7793,koncept,N
7794,konceptuální,A
7795,koncepční,A
7796,koncepčně,D
7797,koncern,N
7798,koncert,N
7799,koncertní,A
7800,koncertně,D
7801,koncertovat,V
7802,koncertování,N
7803,koncese,N
7804,koncesionář,N
7805,koncesionářský,A
7806,koncesovaný,A
7807,koncil,N
7808,koncipient,N
7809,koncipovat,V
7810,koncipování,N
7811,koncovka,N
7812,kondenzační,A
7813,kondenzovaný,A
7814,kondenzátor,N
7815,kondice,N
7816,kondicionér,N
7817,kondolence,N
7818,kondolenční,A
7819,kondom,N
7820,kondor,N
7821,konec,N
7822,konejšit,V
7823,konejšivý,A
7824,konektor,N
7825,konev,N
7826,konexe,N
7827,koneček,N
7828,konečnost,N
7829,konečná,N
7830,konečník,N
7831,konečný,A
7832,konečně,T
7833,konfederace,N
7834,konference,N
7835,konferenční,A
7836,konfese,N
7837,konfeta,N
7838,konfident,N
7839,konfigurace,N
7840,konfigurační,A
7841,konfigurovat,V
7842,konfiskace,N
7843,konfiskovaný,A
7844,konfiskovat,V
7845,konfiskát,N
7846,konflikt,N
7847,konformita,N
7848,konfrontace,N
7849,konfrontační,A
7850,konfrontovat,V
7851,konglomerát,N
7852,kongregace,N
7853,kongres,N
7854,kongresman,N
7855,kongresový,A
7856,konický,A
7857,koniklec,N
7858,konina,N
7859,konjunkce,N
7860,konjunktura,N
7861,konkláve,N
7862,konkretizovat,V
7863,konkrétní,A
7864,konkrétně,D
7865,konkubína,N
7866,konkurence,N
7867,konkurenceschopnost,N
7868,konkurenceschopný,A
7869,konkurent,N
7870,konkurentka,N
7871,konkurovat,V
7872,konkurující,A
7873,konkurz,N
7874,konopí,N
7875,konotace,N
7876,konsekvence,N
7877,konsensus,N
7878,konsenz,N
7879,konsolidace,N
7880,konsolidační,A
7881,konsolidovaný,A
7882,konsorcium,N
7883,konspirace,N
7884,konspirativní,A
7885,konstanta,N
7886,konstantní,A
7887,konstatovat,V
7888,konstatování,N
7889,konstelace,N
7890,konsternovaný,A
7891,konstituce,N
7892,konstituovat,V
7893,konstitutivní,A
7894,konstituční,A
7895,konstrukce,N
7896,konstrukt,N
7897,konstruktivismus,N
7898,konstruktivní,A
7899,konstruktér,N
7900,konstrukční,A
7901,konstrukčně,D
7902,konstruovat,V
7903,konstruování,N
7904,konstábl,N
7905,kontakt,N
7906,kontaktovat,V
7907,kontaktování,N
7908,kontaminace,N
7909,kontaminovaný,A
7910,kontaminovat,V
7911,kontext,N
7912,kontinent,N
7913,kontinentální,A
7914,kontingent,N
7915,kontinuita,N
7916,kontinuum,N
7917,kontinuální,A
7918,konto,N
7919,kontokorent,N
7920,kontr,N
7921,kontra,R
7922,kontraband,N
7923,kontrabas,N
7924,kontradikce,N
7925,kontraindikace,N
7926,kontrakce,N
7927,kontrakt,N
7928,kontraktační,A
7929,kontraproduktivní,A
7930,kontrarozvědka,N
7931,kontrast,N
7932,kontrastní,A
7933,kontrastující,A
7934,kontrola,N
7935,kontrolka,N
7936,kontrolní,A
7937,kontrolor,N
7938,kontrolorka,N
7939,kontrolovaný,A
7940,kontrolovat,V
7941,kontrolovatelný,A
7942,kontrolování,N
7943,kontrolující,A
7944,kontroverze,N
7945,kontroverzní,A
7946,kontumace,N
7947,kontumační,A
7948,kontura,N
7949,konturovací,A
7950,konvektomat,N
7951,konvektor,N
7952,konvence,N
7953,konvenční,A
7954,konvenčně,D
7955,konvergence,N
7956,konvergenční,A
7957,konvertibilní,A
7958,konvertor,N
7959,konvertovat,V
7960,konverzace,N
7961,konverzační,A
7962,konverze,N
7963,konverzovat,V
7964,konvice,N
7965,konvička,N
7966,konvoj,N
7967,konzerva,N
7968,konzervant,N
7969,konzervativismus,N
7970,konzervativnost,N
7971,konzervativní,A
7972,konzervatorista,N
7973,konzervatoř,N
7974,konzervační,A
7975,konzervovaný,A
7976,konzervovat,V
7977,konzervování,N
7978,konzervárna,N
7979,konzervátor,N
7980,konzistence,N
7981,konzole,N
7982,konzolový,A
7983,konzul,N
7984,konzulka,N
7985,konzultace,N
7986,konzultantka,N
7987,konzultační,A
7988,konzultovat,V
7989,konzulární,A
7990,konzulát,N
7991,konzum,N
7992,konzument,N
7993,konzumovat,V
7994,koník,N
7995,konírna,N
7996,koníček,N
7997,končetina,N
7998,končina,N
7999,končit,V
8000,končící,A
8001,končívat,V
8002,koněspřežka,N
8003,koněspřežný,A
8004,konšel,N
8005,kooperace,N
8006,kooperace,N
8007,kooperativní,A
8008,kooperační,A
8009,kooperovat,V
8010,kooptovat,V
8011,koordinace,N
8012,koordinační,A
8013,koordinovaný,A
8014,koordinovat,V
8015,koordinátor,N
8016,koordinátorka,N
8017,kopa,N
8018,kopanec,N
8019,kopat,V
8020,kopačka,N
8021,kopec,N
8022,kopeček,N
8023,kopečkový,A
8024,kopie,N
8025,kopnout,V
8026,kopnutí,N
8027,kopnutý,A
8028,kopretina,N
8029,koprodukce,N
8030,koprodukční,A
8031,kopr,N
8032,koprovka,N
8033,kopule,N
8034,kopytník,N
8035,kopyto,N
8036,kopání,N
8037,kopáč,N
8038,kopí,N
8039,kopírka,N
8040,kopírovací,A
8041,kopírovat,V
8042,kopírování,N
8043,kopírující,A
8044,kopírák,N
8045,kopřiva,N
8046,kopřivový,A
8047,korba,N
8048,korbel,N
8049,kord,N
8050,kordista,N
8051,kordon,N
8052,korek,N
8053,korekce,N
8054,korektnost,N
8055,korektní,A
8056,korektor,N
8057,korektura,N
8058,korekční,A
8059,korelace,N
8060,korelovat,V
8061,korespondence,N
8062,korespondent,N
8063,korespondenční,A
8064,korespondovat,V
8065,korespondující,A
8066,koriandr,N
8067,koridor,N
8068,korigovat,V
8069,korigování,N
8070,korkový,A
8071,kormidelník,N
8072,kormidlo,N
8073,kormidlovat,V
8074,kormorán,N
8075,kornout,N
8076,koroner,N
8077,koronární,A
8078,koroptev,N
8079,koroze,N
8080,korozní,A
8081,korporace,N
8082,korpulentní,A
8083,korpus,N
8084,kortikoid,N
8085,kortikosteroid,N
8086,koruna,N
8087,korunka,N
8088,korunní,A
8089,korunovace,N
8090,korunovaný,A
8091,korunovat,V
8092,korunovační,A
8093,korunový,A
8094,korupce,N
8095,korupční,A
8096,korupčník,N
8097,koryto,N
8098,korzet,N
8099,korzo,N
8100,korzovat,V
8101,korzár,N
8102,koráb,N
8103,korál,N
8104,korále,N
8105,korálek,N
8106,korálkový,A
8107,korálky,N
8108,korálový,A
8109,korály,N
8110,korán,N
8111,korýtko,N
8112,korýš,N
8113,kosa,N
8114,kosatec,N
8115,kosatka,N
8116,kosit,V
8117,kosmeticky,D
8118,kosmetika,N
8119,kosmonaut,N
8120,kosmonautika,N
8121,kosočtverec,N
8122,kost,N
8123,kostel,N
8124,kostelní,A
8125,kostelník,N
8126,kostelík,N
8127,kosterní,A
8128,kostitřas,N
8129,kostival,N
8130,kostička,N
8131,kostka,N
8132,kostlivec,N
8133,kostnice,N
8134,kostní,A
8135,kostra,N
8136,kostrč,N
8137,kostým,N
8138,kostýmek,N
8139,kostýmový,A
8140,kosý,A
8141,kotec,N
8142,kotel,N
8143,kotelna,N
8144,kotelník,N
8145,kotevní,A
8146,kotleta,N
8147,kotlina,N
8148,kotník,N
8149,kotníkový,A
8150,kotníčkový,A
8151,kotoul,N
8152,kotouč,N
8153,kotouček,N
8154,kotoučový,A
8155,kotovaný,A
8156,kotrmelec,N
8157,kotrč,N
8158,kotva,N
8159,kotvení,N
8160,kotvený,A
8161,kotvice,N
8162,kotvit,V
8163,kotviště,N
8164,kotě,N
8165,koukat,V
8166,kouknout,V
8167,koukol,N
8168,koukání,N
8169,koulař,N
8170,koulařka,N
8171,koulařský,A
8172,koule,N
8173,koulení,N
8174,koulet,V
8175,koumák,N
8176,koupající,A
8177,koupaliště,N
8178,koupat,V
8179,koupel,N
8180,koupelna,N
8181,koupelnový,A
8182,koupelový,A
8183,koupení,N
8184,koupený,A
8185,koupit,V
8186,koupě,N
8187,kousat,V
8188,kousavý,A
8189,kousek,N
8190,kousnout,V
8191,kousnutí,N
8192,kousání,N
8193,kousíček,N
8194,kout,N
8195,koutek,N
8196,kouzelnice,N
8197,kouzelnický,A
8198,kouzelník,N
8199,kouzelný,A
8200,kouzelně,D
8201,kouzlení,N
8202,kouzlo,N
8203,kouzlit,V
8204,kouč,N
8205,koučink,N
8206,koučovat,V
8207,koučování,N
8208,kouř,N
8209,kouření,N
8210,kouřit,V
8211,kouřící,A
8212,kovadlina,N
8213,kovaný,A
8214,kovat,V
8215,kovařina,N
8216,kovohuť,N
8217,kovový,A
8218,kovošrot,N
8219,kovák,N
8220,kování,N
8221,kovárna,N
8222,kovář,N
8223,kovářský,A
8224,kovářství,N
8225,koza,N
8226,kozačka,N
8227,kozel,N
8228,kozelec,N
8229,kozlík,N
8230,kozoroh,N
8231,kozorožec,N
8232,kozák,N
8233,kozí,A
8234,kočička,N
8235,kočičky,N
8236,kočičí,A
8237,kočka,N
8238,kočkodan,N
8239,kočovný,A
8240,kočování,N
8241,kočár,N
8242,kočárek,N
8243,kočárkárna,N
8244,kočárový,A
8245,kočí,N
8246,koňak,N
8247,kořalka,N
8248,kořen,N
8249,kořenice,N
8250,kořenitý,A
8251,kořenka,N
8252,kořenářka,N
8253,koření,N
8254,kořenící,A
8255,kořeněný,A
8256,kořist,N
8257,kořínek,N
8258,košatý,A
8259,košer,D
8260,košile,N
8261,košilka,N
8262,košilový,A
8263,košt,N
8264,koštovat,V
8265,koštování,N
8266,koště,N
8267,košík,N
8268,košíkář,N
8269,košíkářka,N
8270,košíkářský,A
8271,košíkářství,N
8272,košťál,N
8273,košťálovina,N
8274,koťátko,N
8275,kožedělný,A
8276,koželuh,N
8277,koželužna,N
8278,koženkový,A
8279,kožešina,N
8280,kožešinový,A
8281,kožešník,N
8282,kožich,N
8283,kožka,N
8284,kožní,A
8285,krab,N
8286,krabice,N
8287,krabička,N
8288,krabičkový,A
8289,krabí,A
8290,krach,N
8291,krachovat,V
8292,krachující,A
8293,kradení,N
8294,kradený,A
8295,krahujec,N
8296,kraj,N
8297,krajan,N
8298,krajanka,N
8299,krajina,N
8300,krajinka,N
8301,krajinný,A
8302,krajinomalba,N
8303,krajinotvorný,A
8304,krajinský,A
8305,krajinář,N
8306,krajka,N
8307,krajnice,N
8308,krajnost,N
8309,krajně,D
8310,krajní,A
8311,krajový,A
8312,krajta,N
8313,krajánek,N
8314,krajíc,N
8315,krajíček,N
8316,krakatice,N
8317,krakatit,N
8318,kralovat,V
8319,kralování,N
8320,kramflek,N
8321,kramle,N
8322,kramář,N
8323,kramářský,A
8324,krapet,D
8325,krasavec,N
8326,krasavice,N
8327,kraslice,N
8328,krasobruslař,N
8329,krasobruslařský,A
8330,krasobruslení,N
8331,krasohled,N
8332,kratičký,A
8333,kratochvíle,N
8334,kravata,N
8335,kravička,N
8336,kravka,N
8337,kravál,N
8338,kraví,A
8339,kravín,N
8340,kraťasy,N
8341,kreace,N
8342,kreatinin,N
8343,kreativec,N
8344,kreativita,N
8345,kreativní,A
8346,kreativně,D
8347,kreatura,N
8348,kredenc,N
8349,kredibilita,N
8350,kredit,N
8351,kreditka,N
8352,kreditní,A
8353,krejcar,N
8354,krejčovský,A
8355,krejčová,N
8356,krejčí,N
8357,krejčíř,N
8358,krekr,N
8359,kremace,N
8360,krematorium,N
8361,kreml,N
8362,kremrole,N
8363,krepový,A
8364,kresba,N
8365,kresbička,N
8366,kresebný,A
8367,kreslení,N
8368,kreslený,A
8369,kreslicí,A
8370,kreslit,V
8371,kreslíř,N
8372,krev,N
8373,kreveta,N
8374,krevní,A
8375,kriket,N
8376,kriketový,A
8377,kriminalista,N
8378,kriminalistika,N
8379,kriminalistka,N
8380,kriminalita,N
8381,kriminalizace,N
8382,kriminál,N
8383,kriminálka,N
8384,kriminálník,N
8385,krinolína,N
8386,kriticky,D
8387,kritický,A
8388,kritik,N
8389,kritika,N
8390,kritizovaný,A
8391,kritizovat,V
8392,kritizující,A
8393,kritička,N
8394,kritičnost,N
8395,kritérium,N
8396,krkolomný,A
8397,krkolomně,D
8398,krkovice,N
8399,krmelec,N
8400,krmení,N
8401,krmený,A
8402,krmit,V
8403,krmivo,N
8404,krmítko,N
8405,krocení,N
8406,kroj,N
8407,krojovaný,A
8408,krojový,A
8409,krok,N
8410,krokem,D
8411,kroket,N
8412,kroketa,N
8413,krokev,N
8414,krokodýl,N
8415,krokodýlí,A
8416,krokoměr,N
8417,krokový,A
8418,kronika,N
8419,kronikář,N
8420,kropení,N
8421,kropicí,A
8422,kropit,V
8423,kros,N
8424,krosna,N
8425,krosový,A
8426,krosček,N
8427,krotitel,N
8428,kroucení,N
8429,kroucený,A
8430,kroupa,N
8431,krouticí,A
8432,kroutit,V
8433,kroužek,N
8434,kroužení,N
8435,kroužit,V
8436,krouživý,A
8437,kroužkování,N
8438,kroužkový,A
8439,krov,N
8440,krovka,N
8441,krpál,N
8442,krtek,N
8443,krteček,N
8444,krucifix,N
8445,kruh,N
8446,kruhovitý,A
8447,kruhák,N
8448,kruháč,N
8449,krumpáč,N
8450,krunýř,N
8451,krupice,N
8452,krupicový,A
8453,krupiér,N
8454,krupička,N
8455,krupobití,N
8456,krusta,N
8457,krutost,N
8458,krutý,A
8459,krutě,D
8460,kručet,V
8461,kružnice,N
8462,kružítko,N
8463,krvavý,A
8464,krvavě,D
8465,krveprolití,N
8466,krvetvorba,N
8467,krvetvorný,A
8468,krvežíznivý,A
8469,krvinka,N
8470,krvácející,A
8471,krvácení,N
8472,krvácet,V
8473,krvácivý,A
8474,krvák,N
8475,krychle,N
8476,krychlový,A
8477,krypta,N
8478,krysa,N
8479,krysař,N
8480,krysařík,N
8481,krystal,N
8482,krystalek,N
8483,krystalický,A
8484,krystalový,A
8485,krysí,A
8486,kryt,N
8487,krytina,N
8488,krytí,N
8489,krytý,A
8490,krácení,N
8491,krádež,N
8492,krájení,N
8493,krájený,A
8494,krájet,V
8495,kráječ,N
8496,král,N
8497,králičí,A
8498,královna,N
8499,královsky,D
8500,královský,A
8501,království,N
8502,králík,N
8503,králíkárna,N
8504,králíček,N
8505,krám,N
8506,krámek,N
8507,krámy,N
8508,krápník,N
8509,krápníkový,A
8510,krása,N
8511,kráska,N
8512,krásný,A
8513,krásně,D
8514,krátce,D
8515,kráter,N
8516,krátit,V
8517,krátko,D
8518,krátkodobě,D
8519,krátkometrážní,A
8520,krátkosrstý,A
8521,krátkost,N
8522,krátkozrakost,N
8523,krátký,A
8524,kráva,N
8525,kráčející,A
8526,kráčet,V
8527,krédo,N
8528,krém,N
8529,krýt,V
8530,krček,N
8531,krčit,V
8532,krčma,N
8533,krčmář,N
8534,krční,A
8535,krůpěj,N
8536,krůta,N
8537,krůtí,A
8538,krůček,N
8539,kubatura,N
8540,kubismus,N
8541,kubista,N
8542,kuchař,N
8543,kuchařka,N
8544,kuchtík,N
8545,kuchyň,N
8546,kuchyňka,N
8547,kuchyňský,A
8548,kudlanka,N
8549,kudrlinka,N
8550,kudrna,N
8551,kudrnatý,A
8552,kudy,D
8553,kufr,N
8554,kufřík,N
8555,kukačka,N
8556,kukaň,N
8557,kukat,V
8558,kukla,N
8559,kukuřice,N
8560,kukuřičný,A
8561,kukátko,N
8562,kulatina,N
8563,kulatiny,N
8564,kule,N
8565,kulečník,N
8566,kulhat,V
8567,kulhavka,N
8568,kulich,N
8569,kulinární,A
8570,kulinář,N
8571,kulinářský,A
8572,kulisa,N
8573,kulisák,N
8574,kulič,N
8575,kulička,N
8576,kulišárna,N
8577,kulka,N
8578,kulma,N
8579,kulminace,N
8580,kulomet,N
8581,kulovitý,A
8582,kulovnice,N
8583,kulový,A
8584,kuloár,N
8585,kuloární,A
8586,kult,N
8587,kultivace,N
8588,kultivační,A
8589,kultivovanost,N
8590,kultivovaný,A
8591,kultivovat,V
8592,kultovní,A
8593,kultura,N
8594,kulturista,N
8595,kulturistický,A
8596,kulturistka,N
8597,kulturistika,N
8598,kulturnost,N
8599,kulturní,A
8600,kulíšek,N
8601,kumbál,N
8602,kumulativní,A
8603,kumulovaný,A
8604,kumulovat,V
8605,kumštýř,N
8606,kuna,N
8607,kupa,N
8608,kupec,N
8609,kupecký,A
8610,kupit,V
8611,kupka,N
8612,kuplet,N
8613,kuplíř,N
8614,kuplířství,N
8615,kupní,A
8616,kupodivu,D
8617,kupole,N
8618,kupovat,V
8619,kupování,N
8620,kupující,N
8621,kupé,N
8622,kupón,N
8623,kupčení,N
8624,kupčit,V
8625,kupředu,D
8626,kuratela,N
8627,kuriozita,N
8628,kuriózní,A
8629,kurkuma,N
8630,kurník,N
8631,kuropění,N
8632,kurtizána,N
8633,kurz,N
8634,kurzor,N
8635,kurátor,N
8636,kurátorka,N
8637,kurátorský,A
8638,kuráž,N
8639,kurýr,N
8640,kurýrní,A
8641,kurýrovat,V
8642,kusadlo,N
8643,kuskus,N
8644,kusový,A
8645,kustod,N
8646,kusý,A
8647,kutat,V
8648,kutil,N
8649,kutilský,A
8650,kutilství,N
8651,kutloch,N
8652,kutna,N
8653,kutný,A
8654,kutálet,V
8655,kutílek,N
8656,kučera,N
8657,kuřačka,N
8658,kuře,N
8659,kuřecí,A
8660,kuřecí,N
8661,kuřivo,N
8662,kuřácký,A
8663,kuřák,N
8664,kuřárna,N
8665,kuřátko,N
8666,kuše,N
8667,kužel,N
8668,kuželka,N
8669,kuželkář,N
8670,kuželkářka,N
8671,kuželkářský,A
8672,kuželna,N
8673,kuželník,N
8674,kuželovitý,A
8675,kuželový,A
8676,kvadrant,N
8677,kvalifikace,N
8678,kvalifikační,A
8679,kvalifikovaný,A
8680,kvalita,N
8681,kvantifikace,N
8682,kvantifikovat,V
8683,kvantita,N
8684,kvantum,N
8685,kvapem,D
8686,kvapný,A
8687,kvapně,D
8688,kvapík,N
8689,kvark,N
8690,kvartet,N
8691,kvarteto,N
8692,kvartál,N
8693,kvartální,A
8694,kvartýr,N
8695,kvas,N
8696,kvasinka,N
8697,kvasinkový,A
8698,kvasit,V
8699,kvasnice,N
8700,kvasnicový,A
8701,kvasný,A
8702,kvašení,N
8703,kvelb,N
8704,kvetení,N
8705,kvetoucí,A
8706,kvintet,N
8707,kvinteto,N
8708,kvitovat,V
8709,kvocient,N
8710,kvočna,N
8711,kvádr,N
8712,kvádro,N
8713,kvést,V
8714,kvílení,N
8715,kvílet,V
8716,kvítek,N
8717,kvítko,N
8718,kvítí,N
8719,kvíz,N
8720,květ,N
8721,květenství,N
8722,květina,N
8723,květinový,A
8724,květináč,N
8725,květinář,N
8726,květinářka,N
8727,květinářství,N
8728,květník,N
8729,květovaný,A
8730,květový,A
8731,květák,N
8732,květákový,A
8733,kyanid,N
8734,kybernetický,A
8735,kybernetika,N
8736,kyberšikana,N
8737,kyborg,N
8738,kydat,V
8739,kyklop,N
8740,kynolog,N
8741,kynologický,A
8742,kynologie,N
8743,kynout,V
8744,kynutí,N
8745,kynutý,A
8746,kypření,N
8747,kypřicí,A
8748,kypřit,V
8749,kypřič,N
8750,kysaný,A
8751,kysele,D
8752,kyselina,N
8753,kyselinka,N
8754,kyselka,N
8755,kyselo,N
8756,kyselý,A
8757,kysličník,N
8758,kyslík,N
8759,kyslíkový,A
8760,kytara,N
8761,kytarista,N
8762,kytarovka,N
8763,kytarový,A
8764,kytička,N
8765,kytka,N
8766,kytovec,N
8767,kyvadlo,N
8768,kyvadlový,A
8769,kyvadlově,D
8770,kyvný,A
8771,kyčel,N
8772,kyčelní,A
8773,kácení,N
8774,kácet,V
8775,kádr,N
8776,kádrovat,V
8777,kádrový,A
8778,kámen,N
8779,kámoš,N
8780,kámoška,N
8781,kánoe,N
8782,kánon,N
8783,káně,N
8784,kára,N
8785,kárat,V
8786,kárka,N
8787,kárný,A
8788,károvaný,A
8789,káva,N
8790,kávomlýnek,N
8791,kávovar,N
8792,kávový,A
8793,kázat,V
8794,kázeň,N
8795,kázeňský,A
8796,káznice,N
8797,kázání,N
8798,káča,N
8799,káčátko,N
8800,kérka,N
8801,kódovaný,A
8802,kódovat,V
8803,kódování,N
8804,kódující,A
8805,kóje,N
8806,kóta,N
8807,kůra,N
8808,kúra,N
8809,kýbl,N
8810,kýchat,V
8811,kýchnout,V
8812,kýchnutí,N
8813,kýchání,N
8814,kýla,N
8815,kýta,N
8816,kývat,V
8817,kývnutí,N
8818,kýžený,A
8819,kňour,N
8820,křehce,D
8821,křehkost,N
8822,křehký,A
8823,křemen,N
8824,křemenný,A
8825,křemenáč,N
8826,křemík,N
8827,křen,N
8828,křenit,N
8829,křenový,A
8830,křepelka,N
8831,křepelčí,A
8832,křepký,A
8833,křepčení,N
8834,křepčit,V
8835,křesadlo,N
8836,křesat,N
8837,křeslo,N
8838,křest,N
8839,křestní,A
8840,křesílko,N
8841,křesťan,N
8842,křesťanka,N
8843,křesťanství,N
8844,křeč,N
8845,křeček,N
8846,křidélko,N
8847,křik,N
8848,křiklavě,D
8849,křivda,N
8850,křivka,N
8851,křivák,N
8852,křivý,A
8853,křičet,V
8854,křičící,A
8855,křišťál,N
8856,křišťálový,A
8857,křižník,N
8858,křižný,A
8859,křižovat,V
8860,křižovatka,N
8861,křižovník,N
8862,křižování,N
8863,křižující,A
8864,křižák,N
8865,křovina,N
8866,křovinořez,N
8867,křovisko,N
8868,křoví,N
8869,křtiny,N
8870,křtít,V
8871,křtěný,A
8872,křupat,V
8873,křupavý,A
8874,křupka,N
8875,křupnout,V
8876,křupnutí,N
8877,křída,N
8878,křídelnice,N
8879,křídelní,A
8880,křídelník,N
8881,křídlatka,N
8882,křídlo,N
8883,křídlovka,N
8884,křídový,A
8885,kříž,N
8886,křížala,N
8887,křížek,N
8888,křížení,N
8889,křížený,A
8890,křížit,V
8891,křížovka,N
8892,křížový,A
8893,kšanda,N
8894,kšeft,N
8895,kšeftař,N
8896,kšeftovat,V
8897,kšeftování,N
8898,kšilt,N
8899,kšiltovka,N
8900,kštice,N
8901,kůra,N
8902,kůrka,N
8903,kůrovec,N
8904,kůstka,N
8905,kůzle,N
8906,kůzlátko,N
8907,kůže,N
8908,kůžička,N
8909,laborant,N
8910,laboratoř,N
8911,laborovat,V
8912,labrador,N
8913,labutí,A
8914,labuť,N
8915,labužnicky,D
8916,labužník,N
8917,labyrint,N
8918,lachtan,N
8919,lachtaní,A
8920,lacino,D
8921,lacině,D
8922,laciný,A
8923,ladit,V
8924,ladnost,N
8925,ladný,A
8926,ladně,D
8927,ladění,N
8928,laděný,A
8929,laguna,N
8930,lahoda,N
8931,lahodit,V
8932,lahodný,A
8933,lahodně,D
8934,lahvinka,N
8935,lahvička,N
8936,lahvový,A
8937,lahůdka,N
8938,lahůdkářství,N
8939,laicky,D
8940,laik,N
8941,lakomec,N
8942,lakomý,A
8943,lakota,N
8944,lakovat,V
8945,lakovna,N
8946,lakování,N
8947,laktace,N
8948,laktační,A
8949,lakýrka,N
8950,lakýrník,N
8951,lalok,N
8952,lama,N
8953,lamač,N
8954,lambda,N
8955,lamela,N
8956,lamelový,A
8957,lamentace,N
8958,lamino,N
8959,laminovat,V
8960,laminát,N
8961,laminátový,A
8962,lampa,N
8963,lampion,N
8964,lampionek,N
8965,lampionový,A
8966,lampička,N
8967,lanařit,V
8968,langoš,N
8969,lanko,N
8970,lankový,A
8971,lano,N
8972,lanovka,N
8973,lanový,A
8974,lanýž,N
8975,laparoskopie,N
8976,lapač,N
8977,lapačka,N
8978,lapidárium,N
8979,lapidárně,D
8980,lapka,N
8981,laptop,N
8982,lapálie,N
8983,larva,N
8984,larvální,A
8985,lasička,N
8986,laskavý,A
8987,laskavě,D
8988,laskomina,N
8989,laso,N
8990,lastura,N
8991,latence,N
8992,latentní,A
8993,laterna,N
8994,laterální,A
8995,latrína,N
8996,laureát,N
8997,laureátka,N
8998,lavice,N
8999,lavina,N
9000,lavinový,A
9001,lavička,N
9002,lavírovat,V
9003,lavírování,N
9004,lazaret,N
9005,lazebník,N
9006,lazura,N
9007,lačnící,A
9008,lačný,A
9009,laškování,N
9010,laťka,N
9011,lebeční,A
9012,lebka,N
9013,lech,N
9014,lechtat,V
9015,lechtivý,A
9016,lecitin,N
9017,ledař,N
9018,ledaže,J
9019,leden,N
9020,lednice,N
9021,lednička,N
9022,lední,A
9023,ledoborec,N
9024,ledopád,N
9025,ledovat,V
9026,ledovcový,A
9027,ledovec,N
9028,ledovka,N
9029,ledový,A
9030,ledvina,N
9031,ledvinka,N
9032,ledvinový,A
9033,ledňáček,N
9034,legalita,N
9035,legalizovat,V
9036,legato,N
9037,legenda,N
9038,legendární,A
9039,legie,N
9040,legionář,N
9041,legionářka,N
9042,legislativa,N
9043,legislativec,N
9044,legislativní,A
9045,legislativně,D
9046,legitimace,N
9047,legitimita,N
9048,legitimizovat,V
9049,legitimní,A
9050,legitimovat,V
9051,lego,N
9052,legrace,N
9053,legrácka,N
9054,leguán,N
9055,legálnost,N
9056,legální,A
9057,legíny,N
9058,lehat,V
9059,lehce,D
9060,lehko,D
9061,lehkomyslnost,N
9062,lehkomyslný,A
9063,lehkost,N
9064,lehkovážnost,N
9065,lehkovážný,A
9066,lehký,A
9067,lehnout,V
9068,lehounce,D
9069,lehounký,A
9070,lehoučký,A
9071,lehátko,N
9072,lehčený,A
9073,lekce,N
9074,leklý,A
9075,leknout,V
9076,leknutí,N
9077,leknín,N
9078,lektor,N
9079,lektorka,N
9080,lemovaný,A
9081,lemovat,V
9082,lemování,N
9083,lemující,A
9084,lemur,N
9085,lenit,V
9086,lenoch,N
9087,lenochod,N
9088,lenora,N
9089,lenost,N
9090,lenošení,N
9091,lenošit,V
9092,lenoška,N
9093,lentilka,N
9094,leopard,N
9095,leopardí,A
9096,lepenka,N
9097,lepenkový,A
9098,lepení,N
9099,lepidlo,N
9100,lepit,V
9101,lepič,N
9102,leporelo,N
9103,lepra,N
9104,lept,N
9105,leptat,V
9106,lepšit,V
9107,lepší,A
9108,lepšící,A
9109,lesba,N
9110,lesk,N
9111,lesknout,V
9112,lesnatý,A
9113,lesnictví,N
9114,lesník,N
9115,lesopark,N
9116,lesovna,N
9117,lest,N
9118,lesák,N
9119,lesík,N
9120,letadlo,N
9121,letadélko,N
9122,letadýlko,N
9123,letargie,N
9124,letec,N
9125,letectvo,N
9126,letectví,N
9127,letenka,N
9128,letenský,A
9129,letitý,A
9130,letištní,A
9131,letiště,N
9132,letka,N
9133,letmo,D
9134,letmý,A
9135,letnice,N
9136,letnička,N
9137,letní,A
9138,letohrad,N
9139,letohrádek,N
9140,letopis,N
9141,letopočet,N
9142,letorost,N
9143,letos,D
9144,letovisko,N
9145,letový,A
9146,letošní,A
9147,letuška,N
9148,leták,N
9149,letákový,A
9150,letáček,N
9151,letět,V
9152,leukocyt,N
9153,leukémie,N
9154,leva,N
9155,levandule,N
9156,levandulový,A
9157,levačka,N
9158,levák,N
9159,level,N
9160,levhart,N
9161,levhartice,N
9162,levice,N
9163,levicovost,N
9164,levicově,D
9165,levitace,N
9166,levitovat,V
9167,levitující,A
9168,levný,A
9169,levoboček,N
9170,levonohý,A
9171,levoruký,A
9172,levotočivý,A
9173,lexikon,N
9174,lexikální,A
9175,lezec,N
9176,lezení,N
9177,lezoucí,A
9178,lešení,N
9179,leštit,V
9180,leštění,N
9181,leštěný,A
9182,ležení,N
9183,ležet,V
9184,ležák,N
9185,ležérnost,N
9186,ležérní,A
9187,ležérně,D
9188,lhaní,N
9189,lhostejnost,N
9190,lhostejný,A
9191,lhostejně,D
9192,lhář,N
9193,lhářka,N
9194,lhůta,N
9195,liberalizace,N
9196,liberalizační,A
9197,libero,N
9198,libertin,N
9199,liberál,N
9200,liberální,A
9201,liberálně,D
9202,libeček,N
9203,libost,N
9204,libovolný,A
9205,libovolně,D
9206,libovůle,N
9207,libra,N
9208,libreto,N
9209,libý,A
9210,libě,D
9211,libůstka,N
9212,licence,N
9213,licencovaný,A
9214,licencování,N
9215,licenční,A
9216,lichotit,V
9217,lichotivý,A
9218,lichotka,N
9219,lichvář,N
9220,lichvářský,A
9221,lichý,A
9222,licitace,N
9223,lidojed,N
9224,lidoop,N
9225,lidovec,N
9226,lidovka,N
9227,lidovost,N
9228,lidový,A
9229,lidožrout,N
9230,lidskost,N
9231,lidsky,D
9232,lidský,A
9233,lidství,N
9234,lidumil,N
9235,liduprázdný,A
9236,liga,N
9237,ligový,A
9238,lihovar,N
9239,lihovina,N
9240,lihový,A
9241,lijavec,N
9242,liják,N
9243,liknavost,N
9244,liknavě,D
9245,likvidace,N
9246,likvidační,A
9247,likvidita,N
9248,likvidovaný,A
9249,likvidovat,V
9250,likvidování,N
9251,likvidující,A
9252,likvidátor,N
9253,likér,N
9254,likérka,N
9255,lila,A
9256,lilek,N
9257,lilie,N
9258,limetka,N
9259,limetkový,A
9260,limit,N
9261,limita,N
9262,limitace,N
9263,limitní,A
9264,limitovaný,A
9265,limitovat,V
9266,limitující,A
9267,limonáda,N
9268,limonádový,A
9269,limuzína,N
9270,lingvistika,N
9271,linie,N
9272,liniový,A
9273,link,N
9274,linka,N
9275,linkový,A
9276,lino,N
9277,linoryt,N
9278,linoucí,A
9279,linout,V
9280,lipan,N
9281,lipid,N
9282,lipka,N
9283,liposukce,N
9284,lipový,A
9285,lira,N
9286,lisovací,A
9287,lisovaný,A
9288,lisovat,V
9289,lisovna,N
9290,list,N
9291,listen,N
9292,listina,N
9293,listinný,A
9294,listonoš,N
9295,listonoška,N
9296,listopad,N
9297,listovat,V
9298,listovní,A
9299,listování,N
9300,listoví,N
9301,listový,A
9302,listí,N
9303,litanie,N
9304,litera,N
9305,literatura,N
9306,literát,N
9307,lithium,N
9308,litina,N
9309,litinový,A
9310,litografie,N
9311,litovat,V
9312,litr,N
9313,liturgický,A
9314,liturgie,N
9315,lití,N
9316,litý,A
9317,lišejník,N
9318,lišit,V
9319,liška,N
9320,lišta,N
9321,lištička,N
9322,lišácký,A
9323,lišák,N
9324,lišící,A
9325,liščí,A
9326,ližina,N
9327,lkát,V
9328,lněný,A
9329,loajalita,N
9330,loajální,A
9331,lobbista,N
9332,lobby,N
9333,lodivod,N
9334,lodička,N
9335,lodní,A
9336,lodník,N
9337,lodyha,N
9338,loděnice,N
9339,lodžie,N
9340,loftový,A
9341,logaritmus,N
9342,logaritmický,A
9343,logicky,D
9344,logický,A
9345,logik,N
9346,logika,N
9347,logisticky,D
9348,logistický,A
9349,logistik,N
9350,logistika,N
9351,logo,N
9352,logoped,N
9353,logopedický,A
9354,logopedie,N
9355,logotyp,N
9356,lokace,N
9357,lokaj,N
9358,lokalita,N
9359,lokalizace,N
9360,lokalizační,A
9361,lokalizovaný,A
9362,lokalizovat,V
9363,loket,N
9364,lokna,N
9365,lokomotiva,N
9366,lokomotivní,A
9367,lokotka,N
9368,lokál,N
9369,lokálka,N
9370,lokálně,D
9371,lokální,A
9372,lokátor,N
9373,lomený,A
9374,lomikámen,N
9375,lomový,A
9376,lomoz,N
9377,loni,D
9378,lopata,N
9379,lopatárna,N
9380,lopota,N
9381,lopotit,V
9382,lopuch,N
9383,lord,N
9384,lordstvo,N
9385,loreta,N
9386,losos,N
9387,losovací,A
9388,losovačka,N
9389,losovat,V
9390,losí,A
9391,loterie,N
9392,loterijní,A
9393,loto,N
9394,lotos,N
9395,lotosový,A
9396,lotr,N
9397,loubí,N
9398,loudat,V
9399,louh,N
9400,louka,N
9401,loupaný,A
9402,loupat,V
9403,loupení,N
9404,loupež,N
9405,loupeživý,A
9406,loupežnický,A
9407,loupežník,N
9408,loupežný,A
9409,loupit,V
9410,loupání,N
9411,louskat,V
9412,louskáček,N
9413,loutka,N
9414,loutkoherec,N
9415,loutkář,N
9416,loutkářský,A
9417,loutkářství,N
9418,loutna,N
9419,louč,N
9420,loučení,N
9421,loučeně,D
9422,loučit,V
9423,loučka,N
9424,loučící,A
9425,louže,N
9426,loužička,N
9427,lovec,N
9428,lovecký,A
9429,lovení,N
9430,lovit,V
9431,loviště,N
9432,lovící,A
9433,loďka,N
9434,loďstvo,N
9435,loňský,A
9436,lože,N
9437,ložisko,N
9438,ložiskový,A
9439,ložnicový,A
9440,ložný,A
9441,lpění,N
9442,lpět,V
9443,lstivý,A
9444,lucerna,N
9445,lucernička,N
9446,luka,N
9447,lukostřelba,N
9448,lukostřelec,N
9449,lukostřelecký,A
9450,lumen,N
9451,lump,N
9452,lumpárna,N
9453,luna,N
9454,lunapark,N
9455,lunární,A
9456,lupa,N
9457,lupen,N
9458,lupina,N
9459,lupič,N
9460,lupička,N
9461,lusknout,V
9462,luskovina,N
9463,lustrace,N
9464,lustrační,A
9465,lustrovat,V
9466,luterán,N
9467,luxovat,V
9468,luxování,N
9469,luxus,N
9470,luxusní,A
9471,luční,A
9472,luštit,V
9473,luštitel,N
9474,luštěnina,N
9475,luštění,N
9476,lvice,N
9477,lvíče,N
9478,lvíček,N
9479,lyceum,N
9480,lycra,N
9481,lymfa,N
9482,lymfatický,A
9483,lymfom,N
9484,lynč,N
9485,lynčovat,V
9486,lynčování,N
9487,lyrický,A
9488,lyrik,N
9489,lyrika,N
9490,lysina,N
9491,lysohlávka,N
9492,lysý,A
9493,lyžař,N
9494,lyžařka,N
9495,lyže,N
9496,lyžovat,V
9497,lyžování,N
9498,lyžák,N
9499,lyžárna,N
9500,lágr,N
9501,láhev,N
9502,lákadlo,N
9503,lákající,A
9504,lákat,V
9505,lákavě,D
9506,lákavý,A
9507,lákání,N
9508,lámaný,A
9509,lámat,V
9510,láska,N
9511,láskyplný,A
9512,láskyplně,D
9513,látka,N
9514,látkový,A
9515,láva,N
9516,lávka,N
9517,lávový,A
9518,lázeň,N
9519,lázeňská,N
9520,lázeňský,N
9521,lázeňství,N
9522,lázně,N
9523,lékař,N
9524,lékařka,N
9525,lékařský,A
9526,lékařství,N
9527,lékořice,N
9528,lékárenský,A
9529,lékárenství,N
9530,lékárna,N
9531,lékárnice,N
9532,lékárnický,A
9533,lékárnička,N
9534,lékárník,N
9535,léno,N
9536,létající,A
9537,létat,V
9538,létavý,A
9539,léto,N
9540,léze,N
9541,lézt,V
9542,léčba,N
9543,léčebna,N
9544,léčení,N
9545,léčený,A
9546,léčit,V
9547,léčitel,N
9548,léčitelka,N
9549,léčitelný,A
9550,léčitelský,A
9551,léčivka,N
9552,léčivo,N
9553,léčka,N
9554,líbat,V
9555,líbit,V
9556,líbivost,N
9557,líbánky,N
9558,líbání,N
9559,líce,N
9560,lícový,A
9561,lídr,N
9562,lídryně,N
9563,líheň,N
9564,líhnutí,N
9565,límec,N
9566,límeček,N
9567,líně,D
9568,líný,N
9569,lípa,N
9570,lísat,V
9571,líska,N
9572,lískový,A
9573,lístek,N
9574,lísteček,N
9575,lístkový,A
9576,líto,D
9577,lívanec,N
9578,lívaneček,N
9579,lízat,V
9580,líznout,V
9581,líznutí,N
9582,lízání,N
9583,lízátko,N
9584,líčení,N
9585,líčidlo,N
9586,líčit,V
9587,líčko,N
9588,líčící,A
9589,lógr,N
9590,lóže,N
9591,lýko,N
9592,lýkožrout,N
9593,lýtko,N
9594,lýtkový,A
9595,lůno,N
9596,lůžko,N
9597,lůžkovina,N
9598,lživý,A
9599,lžička,N
9600,lžíce,N
9601,macecha,N
9602,maceška,N
9603,machinace,N
9604,machr,N
9605,machrovat,V
9606,madam,N
9607,madlo,N
9608,madona,N
9609,maestro,N
9610,mafie,N
9611,magazín,N
9612,magie,N
9613,magicky,D
9614,magický,A
9615,magika,N
9616,magisterský,A
9617,magistr,N
9618,magistra,N
9619,magistrála,N
9620,magistrát,N
9621,magistrátní,A
9622,magma,N
9623,magnet,N
9624,magnetismus,N
9625,magnetka,N
9626,magnetofon,N
9627,magnetofonový,A
9628,magnolie,N
9629,magnát,N
9630,magnólie,N
9631,mahagon,N
9632,mahagonový,A
9633,majestát,N
9634,majestátnost,N
9635,majestátný,A
9636,majetek,N
9637,majetkový,A
9638,majetný,A
9639,majitel,N
9640,majitelka,N
9641,majonéza,N
9642,major,N
9643,majordomus,N
9644,majorita,N
9645,majoritní,A
9646,majoránka,N
9647,maják,N
9648,majáles,N
9649,majálesový,A
9650,majáček,N
9651,mající,A
9652,makak,N
9653,makaron,N
9654,makat,V
9655,makačka,N
9656,maketa,N
9657,makeup,N
9658,makléř,N
9659,makléřský,A
9660,makovice,N
9661,makový,A
9662,makro,N
9663,makrofág,N
9664,makrónka,N
9665,malamut,N
9666,malba,N
9667,malebnost,N
9668,malebně,D
9669,malebný,A
9670,malichernost,N
9671,malicherný,A
9672,malignita,N
9673,maligní,A
9674,malina,N
9675,malinko,D
9676,malinký,A
9677,malinovka,N
9678,malinový,A
9679,maliník,N
9680,maličko,D
9681,maličkost,N
9682,maličký,A
9683,maloměsto,N
9684,maloobchod,N
9685,malovat,V
9686,malování,N
9687,malátnost,N
9688,malátný,A
9689,malér,N
9690,malík,N
9691,malíček,N
9692,malíř,N
9693,malířka,N
9694,malířský,A
9695,malířství,N
9696,malý,A
9697,malůvka,N
9698,mamina,N
9699,maminka,N
9700,mamka,N
9701,mamograf,N
9702,mamografický,A
9703,mamon,N
9704,mamut,N
9705,mamutí,A
9706,manažer,N
9707,manažerka,N
9708,manažerský,A
9709,mandala,N
9710,mandarinka,N
9711,mandatorní,A
9712,mandelinka,N
9713,mandl,N
9714,mandle,N
9715,mandloň,N
9716,mandolína,N
9717,mandragora,N
9718,mandát,N
9719,mandátní,A
9720,mandátový,A
9721,manekýn,N
9722,manekýnka,N
9723,mangan,N
9724,mango,N
9725,mangold,N
9726,mangový,A
9727,maniak,N
9728,manický,A
9729,manifestace,N
9730,manifestační,A
9731,manifestovat,V
9732,manikérka,N
9733,manikúra,N
9734,manipulace,N
9735,manipulativní,A
9736,manipulační,A
9737,manipulovaný,A
9738,manipulovat,V
9739,manipulovatelný,A
9740,manipulování,N
9741,manipulátor,N
9742,manko,N
9743,mantinel,N
9744,manufaktura,N
9745,manuál,N
9746,manuální,A
9747,manuálně,D
9748,manévr,N
9749,manévrovací,A
9750,manévrovatelnost,N
9751,manévrování,N
9752,manéž,N
9753,manýra,N
9754,manýristický,A
9755,manýry,N
9756,manšaft,N
9757,manšestr,N
9758,manšestrový,A
9759,manžel,N
9760,manželka,N
9761,manželství,N
9762,manžeta,N
9763,mapa,N
9764,mapka,N
9765,mapovat,V
9766,mapování,N
9767,mapový,A
9768,mapující,A
9769,marast,N
9770,maraton,N
9771,maratonec,N
9772,marcipán,N
9773,marcipánový,A
9774,margarita,N
9775,margarín,N
9776,marginální,A
9777,marihuana,N
9778,marihuanový,A
9779,marimba,N
9780,marina,N
9781,marinovaný,A
9782,marinování,N
9783,marinovat,V
9784,marináda,N
9785,marioneta,N
9786,mariáš,N
9787,mariášový,A
9788,mariňák,N
9789,marka,N
9790,markantní,A
9791,markantně,D
9792,marker,N
9793,market,N
9794,marketing,N
9795,marketingový,A
9796,marketér,N
9797,markový,A
9798,markrabství,N
9799,markrabě,N
9800,markýz,N
9801,markýza,N
9802,marmeláda,N
9803,marnit,V
9804,marnivý,A
9805,marnost,N
9806,marný,A
9807,marně,D
9808,marod,N
9809,marodka,N
9810,marodit,V
9811,marodění,N
9812,martini,N
9813,marxismus,N
9814,marxista,N
9815,marxistický,A
9816,marína,N
9817,marš,N
9818,maršál,N
9819,maršálek,N
9820,marže,N
9821,masa,N
9822,masakr,N
9823,masiv,N
9824,masivně,D
9825,masivní,A
9826,maska,N
9827,maskot,N
9828,maskovací,A
9829,maskovaný,A
9830,maskovat,V
9831,maskování,N
9832,maskáče,N
9833,maskáčový,A
9834,maskér,N
9835,maskérka,N
9836,maskérna,N
9837,masna,N
9838,masný,A
9839,masochista,N
9840,masopust,N
9841,masový,A
9842,masově,D
9843,masožravec,N
9844,masožravý,A
9845,mast,N
9846,mastit,V
9847,mastitida,N
9848,mastička,N
9849,mastnota,N
9850,mastný,A
9851,masáž,N
9852,masážní,A
9853,masér,N
9854,masérka,N
9855,masérský,A
9856,masírovat,V
9857,masírování,N
9858,masív,N
9859,masívní,A
9860,masíčko,N
9861,matador,N
9862,matematik,N
9863,matematika,N
9864,matení,N
9865,materialistický,A
9866,materiál,N
9867,materiální,A
9868,materiálový,A
9869,materiálově,D
9870,mateřinka,N
9871,mateřídouška,N
9872,mateřský,A
9873,mateřství,N
9874,mateřština,N
9875,matička,N
9876,matiční,A
9877,matka,N
9878,matně,D
9879,matný,A
9880,matrace,N
9881,matrice,N
9882,matrikář,N
9883,matrikářka,N
9884,matrjoška,N
9885,maturant,N
9886,maturantka,N
9887,maturita,N
9888,maturitní,A
9889,maturovat,V
9890,mauzoleum,N
9891,maximalismus,N
9892,maximalistický,A
9893,maximalizace,N
9894,maximalizovat,V
9895,maximum,N
9896,maximální,A
9897,mazanec,N
9898,mazaný,A
9899,mazaně,D
9900,mazač,N
9901,mazat,N
9902,mazec,N
9903,mazivo,N
9904,mazlení,N
9905,mazlit,V
9906,mazlík,N
9907,mazlíček,N
9908,mazový,A
9909,mazurka,N
9910,mazut,N
9911,mazák,N
9912,mazánek,N
9913,mazání,N
9914,mačeta,N
9915,mačkat,V
9916,mačkání,N
9917,maňásek,N
9918,maňáskový,A
9919,maření,N
9920,mařit,V
9921,mašina,N
9922,mašinerie,N
9923,mašinka,N
9924,mašinérie,N
9925,maškara,N
9926,maškaráda,N
9927,mašle,N
9928,mašlička,N
9929,maštal,N
9930,mažoretka,N
9931,mažoretkový,A
9932,mdlo,D
9933,mdloba,N
9934,mdlý,A
9935,meandr,N
9936,mecenáš,N
9937,mecenáška,N
9938,mech,N
9939,mechanicky,D
9940,mechanický,A
9941,mechanik,N
9942,mechanika,N
9943,mechanismus,N
9944,mechanizace,N
9945,mechanizační,A
9946,mechanizmus,N
9947,mechanizovaný,A
9948,mechanizátor,N
9949,mechový,A
9950,medaile,N
9951,medailista,N
9952,medailistka,N
9953,medailon,N
9954,medailonek,N
9955,medailový,A
9956,medailově,D
9957,mediace,N
9958,medializace,N
9959,medializovat,V
9960,mediační,A
9961,medicinální,A
9962,medicína,N
9963,medicínský,A
9964,medikace,N
9965,medikament,N
9966,meditace,N
9967,meditativní,A
9968,meditační,A
9969,medium,N
9970,mediální,A
9971,mediálně,D
9972,medián,N
9973,medonosný,A
9974,medovník,N
9975,medový,A
9976,medově,D
9977,meduňka,N
9978,medvídě,N
9979,medvěd,N
9980,medvědí,A
9981,medúza,N
9982,mega,A
9983,megafon,N
9984,megapixel,N
9985,megawatt,N
9986,mela,N
9987,melancholicky,D
9988,melancholický,A
9989,melancholie,N
9990,melancholik,N
9991,melanin,N
9992,melanom,N
9993,melasa,N
9994,melatonin,N
9995,meliorace,N
9996,meliorační,A
9997,melodie,N
9998,melodika,N
9999,melodičnost,N
10000,melodrama,N
10001,melodramatický,A
10002,melouch,N
10003,meloun,N
10004,melír,N
10005,membrána,N
10006,membránový,A
10007,memento,N
10008,memorandum,N
10009,memoriál,N
10010,memorování,N
10011,memorovat,V
10012,memoár,N
10013,memoáry,N
10014,meningitida,N
10015,meningokok,N
10016,meningokokový,A
10017,meniskus,N
10018,menstruace,N
10019,menstruační,A
10020,menstruovat,V
10021,mentalita,N
10022,mentol,N
10023,mentální,A
10024,mentálně,D
10025,menu,N
10026,menza,N
10027,menšina,N
10028,menšinový,A
10029,meridián,N
10030,meritum,N
10031,merk,N
10032,meruňka,N
10033,meruňkový,A
10034,mesiáš,N
10035,meta,N
10036,metabolický,A
10037,metabolit,N
10038,metabolizmus,N
10039,metadon,N
10040,metafora,N
10041,metafyzika,N
10042,metal,N
10043,metalový,A
10044,metalurgický,A
10045,metalurgie,N
10046,metalíza,N
10047,metamfetamin,N
10048,metamorfóza,N
10049,metan,N
10050,metanol,N
10051,metanolový,A
10052,metastatický,A
10053,metastáza,N
10054,metař,N
10055,meteor,N
10056,meteorický,A
10057,meteorit,N
10058,meteorolog,N
10059,meteorologický,A
10060,meteorologie,N
10061,meteoroložka,N
10062,metla,N
10063,metlička,N
10064,metoda,N
10065,metodicky,D
10066,metodický,A
10067,metodik,N
10068,metodika,N
10069,metodička,N
10070,metodologický,A
10071,metodologie,N
10072,metr,N
10073,metrický,A
10074,metrika,N
10075,metro,N
10076,metronom,N
10077,metropol,N
10078,metropole,N
10079,metrový,A
10080,metrák,N
10081,metráž,N
10082,metylester,N
10083,metál,N
10084,mezek,N
10085,mezera,N
10086,mezidobí,N
10087,mezigenerační,A
10088,mezihra,N
10089,mezihvězdný,A
10090,mezikrajský,A
10091,mezilidský,A
10092,mezinárodní,A
10093,mezipřistání,N
10094,meziroční,A
10095,mezistupeň,N
10096,mezistátní,A
10097,meziválečný,A
10098,mezizubní,A
10099,mezičas,N
10100,mezní,A
10101,mezník,N
10102,mezírka,N
10103,mečoun,N
10104,mečový,A
10105,mečík,N
10106,mešita,N
10107,mešní,A
10108,mhouřit,V
10109,migrace,N
10110,migrant,N
10111,migrační,A
10112,migréna,N
10113,migrovat,V
10114,mihnout,V
10115,mihotavý,A
10116,mihule,N
10117,mikrob,N
10118,mikrobiolog,N
10119,mikrobiologický,A
10120,mikrobiologie,N
10121,mikrobiální,A
10122,mikrobus,N
10123,mikroflóra,N
10124,mikrofon,N
10125,mikroklima,N
10126,mikrokosmos,N
10127,mikrometr,N
10128,mikron,N
10129,mikroorganismus,N
10130,mikroprocesor,N
10131,mikroregion,N
10132,mikroskop,N
10133,mikroskopický,A
10134,mikrospánek,N
10135,mikrovlnka,N
10136,mikrovlnný,A
10137,mikrovlákno,N
10138,mikročip,N
10139,mikročástice,N
10140,mikádo,N
10141,milenec,N
10142,milenecký,A
10143,milenka,N
10144,miliarda,N
10145,miliardový,A
10146,miliardář,N
10147,milice,N
10148,milicionář,N
10149,miligram,N
10150,mililitr,N
10151,milimetr,N
10152,milimetrový,A
10153,milion,N
10154,milionový,A
10155,milionář,N
10156,milionářka,N
10157,milisekunda,N
10158,militant,N
10159,militantní,A
10160,militarismus,N
10161,milník,N
10162,milodar,N
10163,milosrdenství,N
10164,milosrdný,A
10165,milosrdně,D
10166,milost,N
10167,milostivý,A
10168,milostivě,D
10169,milovaný,A
10170,milovat,V
10171,milovnice,N
10172,milovník,N
10173,milující,A
10174,milá,N
10175,miláček,N
10176,milíř,N
10177,milý,A
10178,mimický,A
10179,mimika,N
10180,miminko,N
10181,mimino,N
10182,mimo,D
10183,mimoděk,D
10184,mimosoudní,A
10185,mimozemšťan,N
10186,mimořádnost,N
10187,mimořádný,A
10188,mimořádně,D
10189,mimoškolní,A
10190,mina,N
10191,minaret,N
10192,mince,N
10193,mincovna,N
10194,mineralizace,N
10195,mineralizovaný,A
10196,mineralog,N
10197,mineralogický,A
10198,mineralogie,N
10199,minerál,N
10200,minerálka,N
10201,minerální,A
10202,miniatura,N
10203,miniaturizace,N
10204,miniaturní,A
10205,minibus,N
10206,minigolf,N
10207,minimalismus,N
10208,minimalista,N
10209,minimalisticky,D
10210,minimalistický,A
10211,minimalizovat,V
10212,minimum,N
10213,minimální,A
10214,minipočítač,N
10215,ministerský,A
10216,ministerstvo,N
10217,ministr,N
10218,ministrant,N
10219,ministrovat,V
10220,ministrování,N
10221,ministryně,N
10222,minisukně,N
10223,minisérie,N
10224,minivan,N
10225,minivůz,N
10226,minizoo,N
10227,minomet,N
10228,minometný,A
10229,minor,N
10230,minoritský,A
10231,minout,V
10232,minule,D
10233,minus,N
10234,minusový,A
10235,minuta,N
10236,minutka,N
10237,minutový,A
10238,mise,N
10239,misie,N
10240,misijní,A
10241,misionář,N
10242,misionářka,N
10243,misionářský,A
10244,miska,N
10245,mistr,N
10246,mistrný,A
10247,mistrovsky,D
10248,mistrovský,A
10249,mistrovství,N
10250,mistrová,N
10251,mistryně,N
10252,mitochondrie,N
10253,mixer,N
10254,mixovaný,A
10255,mixovat,V
10256,mixování,N
10257,mixážní,A
10258,mixér,N
10259,mizející,A
10260,mizet,V
10261,mizera,N
10262,mizerně,D
10263,mizivý,A
10264,mizérie,N
10265,mizící,A
10266,mišmaš,N
10267,mladice,N
10268,mladina,N
10269,mladistvý,N
10270,mladičký,A
10271,mlado,N
10272,mladost,N
10273,mladík,N
10274,mladíček,N
10275,mladý,A
10276,mlaskat,V
10277,mlaskání,N
10278,mlat,N
10279,mlatový,A
10280,mlecí,A
10281,mlejn,N
10282,mletí,N
10283,mletý,A
10284,mlezivo,N
10285,mlha,N
10286,mlhavý,A
10287,mlhavě,D
10288,mlhovina,N
10289,mlhovka,N
10290,mlhový,A
10291,mlsat,V
10292,mlsný,A
10293,mlsně,D
10294,mlsoun,N
10295,mlsání,N
10296,mluvení,N
10297,mluvený,A
10298,mluvit,V
10299,mluvka,N
10300,mluvnice,N
10301,mluvící,A
10302,mlynář,N
10303,mlynářský,A
10304,mlácení,N
10305,mládek,N
10306,mládenec,N
10307,mládež,N
10308,mládežnický,A
10309,mládnout,V
10310,mládí,N
10311,mládě,N
10312,mláticí,A
10313,mlátit,V
10314,mlátička,N
10315,mlází,N
10316,mláďátko,N
10317,mlékařský,A
10318,mléko,N
10319,mlékárna,N
10320,mléčný,A
10321,mléčně,D
10322,mlít,V
10323,mlíčko,N
10324,mlýn,N
10325,mlýnek,N
10326,mlýnice,N
10327,mlýnský,A
10328,mlčenlivost,N
10329,mlčení,N
10330,mlčet,V
10331,mlčky,D
10332,mlčící,A
10333,mlžení,N
10334,mlžit,V
10335,mlžný,A
10336,mnich,N
10337,mnoho,C
10338,mnohokrát,C
10339,mnohonásobný,A
10340,mnohotvárnost,N
10341,mnohotvárný,A
10342,mnohovrstevný,A
10343,mnohoznačný,A
10344,mnohočetný,A
10345,mnohoženství,N
10346,mnohý,A
10347,množení,N
10348,množina,N
10349,množit,V
10350,množitelský,A
10351,množný,A
10352,množstevní,A
10353,množství,N
10354,množící,A
10355,množírna,N
10356,mobil,N
10357,mobilita,N
10358,mobilizace,N
10359,mobilní,A
10360,mocenský,A
10361,mocnost,N
10362,mocnář,N
10363,mocný,A
10364,mocně,D
10365,modalita,N
10366,model,N
10367,modelace,N
10368,modelařina,N
10369,modeling,N
10370,modelingový,A
10371,modelovací,A
10372,modelovat,V
10373,modelování,N
10374,modelář,N
10375,modelářský,A
10376,modelína,N
10377,moderna,N
10378,modernismus,N
10379,modernistický,A
10380,modernita,N
10381,modernizace,N
10382,modernizační,A
10383,modernizovaný,A
10384,modernizovat,V
10385,modernost,N
10386,moderní,A
10387,moderovaný,A
10388,moderovat,V
10389,moderování,N
10390,moderátor,N
10391,moderátorský,A
10392,modifikace,N
10393,modifikovaný,A
10394,modifikovat,V
10395,modla,N
10396,modlení,N
10397,modlit,V
10398,modlitba,N
10399,modlitebna,N
10400,modlitební,A
10401,modlící,A
10402,modul,N
10403,modulace,N
10404,modulový,A
10405,modřina,N
10406,modřín,N
10407,modřínový,A
10408,mohoucí,A
10409,mohutnost,N
10410,mohutný,A
10411,mohyla,N
10412,mohylový,A
10413,mojito,N
10414,mokasín,N
10415,mokasína,N
10416,mokro,N
10417,mokrý,A
10418,mokřad,N
10419,mokřadní,A
10420,mokřina,N
10421,molekula,N
10422,molekulový,A
10423,molekulární,A
10424,molitan,N
10425,molitanový,A
10426,molo,N
10427,moloch,N
10428,moment,N
10429,momentum,N
10430,momentální,A
10431,monarcha,N
10432,monarchie,N
10433,monarchistický,A
10434,monetární,A
10435,monitor,N
10436,monitoring,N
10437,monitorovací,A
10438,monitorovat,V
10439,monitorování,N
10440,monitorující,A
10441,monochromatický,A
10442,monogamie,N
10443,monogamní,A
10444,monografie,N
10445,monogram,N
10446,monolit,N
10447,monolitický,A
10448,monolog,N
10449,monopol,N
10450,monopolní,A
10451,monotónnost,N
10452,monotónní,A
10453,monstera,N
10454,monstrum,N
10455,montovaný,A
10456,montovat,V
10457,montovna,N
10458,montování,N
10459,montáž,N
10460,montážní,A
10461,montér,N
10462,montérka,N
10463,montérky,N
10464,monument,N
10465,monumentální,A
10466,monzun,N
10467,monzunový,A
10468,moped,N
10469,moralista,N
10470,moralita,N
10471,moralizovat,V
10472,moralizování,N
10473,moratorium,N
10474,morbidní,A
10475,mord,N
10476,mordparta,N
10477,morfin,N
10478,morfium,N
10479,morfologie,N
10480,morfologický,A
10481,mormon,N
10482,morous,N
10483,morový,A
10484,morseovka,N
10485,mortalita,N
10486,moruše,N
10487,morálka,N
10488,morální,A
10489,morálně,D
10490,morče,N
10491,mosaz,N
10492,mosazný,A
10493,most,N
10494,mostní,A
10495,mostový,A
10496,motat,V
10497,motel,N
10498,motiv,N
10499,motivace,N
10500,motivovaný,A
10501,motivovat,V
10502,motivující,A
10503,motivátor,N
10504,motocykl,N
10505,motocyklista,N
10506,motocyklový,A
10507,motoklub,N
10508,motokros,N
10509,motokrosař,N
10510,motokrosový,A
10511,motokára,N
10512,motokárový,A
10513,motor,N
10514,motorest,N
10515,motorický,A
10516,motorika,N
10517,motorismus,N
10518,motoristický,A
10519,motoristka,N
10520,motorizace,N
10521,motorka,N
10522,motorkář,N
10523,motorový,A
10524,motoráček,N
10525,motouz,N
10526,motto,N
10527,motyka,N
10528,moták,N
10529,motýl,N
10530,motýlek,N
10531,motýlí,A
10532,moucha,N
10533,moudro,N
10534,moudrost,N
10535,moudrý,A
10536,moudře,D
10537,mouka,N
10538,moula,N
10539,mourovatý,A
10540,moučka,N
10541,moučkový,A
10542,moučník,N
10543,moučný,A
10544,movitostní,A
10545,movitý,A
10546,mozaika,N
10547,mozaikový,A
10548,mozek,N
10549,mozeček,N
10550,mozkovna,N
10551,mozkový,A
10552,mozol,N
10553,močení,N
10554,močit,V
10555,močopudný,A
10556,močovina,N
10557,močovod,N
10558,močál,N
10559,močůvka,N
10560,moře,N
10561,moření,N
10562,mořeplavec,N
10563,mořidlo,N
10564,mořit,V
10565,mořský,A
10566,mošt,N
10567,moštování,N
10568,moštárna,N
10569,mrak,N
10570,mrakodrap,N
10571,mramor,N
10572,mramorový,A
10573,mrav,N
10574,mravenec,N
10575,mraveneček,N
10576,mravenečník,N
10577,mraveniště,N
10578,mravenčení,N
10579,mravenčí,A
10580,mravnostní,A
10581,mravní,A
10582,mravný,A
10583,mrazení,N
10584,mrazený,A
10585,mrazicí,A
10586,mrazit,V
10587,mrazivý,A
10588,mrazivě,D
10589,mraznička,N
10590,mrazový,A
10591,mrazuvzdornost,N
10592,mrazuvzdorný,A
10593,mrazák,N
10594,mrazírenský,A
10595,mrazírna,N
10596,mračit,V
10597,mračno,N
10598,mražení,N
10599,mražený,A
10600,mrcha,N
10601,mrhat,V
10602,mrholení,N
10603,mrholit,V
10604,mrhání,N
10605,mrkat,V
10606,mrkev,N
10607,mrknout,V
10608,mrknutí,N
10609,mrně,N
10610,mrož,N
10611,mrtvice,N
10612,mrtvo,D
10613,mrtvola,N
10614,mrtvolný,A
10615,mrtvý,A
10616,mručení,N
10617,mručet,V
10618,mrva,N
10619,mrzet,V
10620,mrzký,A
10621,mrznoucí,A
10622,mrznout,V
10623,mrzout,N
10624,mrzutost,N
10625,mrzutý,A
10626,mrzutě,D
10627,mráček,N
10628,mrňavý,A
10629,mrňous,N
10630,mršina,N
10631,mrštnost,N
10632,mrštný,A
10633,msta,N
10634,mstitel,N
10635,mstít,V
10636,muchomůrka,N
10637,mudrc,N
10638,mudrovat,V
10639,muffin,N
10640,muflon,N
10641,mufloní,A
10642,muka,N
10643,mukl,N
10644,mula,N
10645,mulda,N
10646,multivitamin,N
10647,mulčovací,A
10648,mulčovač,N
10649,mulčování,N
10650,mumlání,N
10651,mumraj,N
10652,mundúr,N
10653,munice,N
10654,municipalita,N
10655,municipální,A
10656,muniční,A
10657,muset,V
10658,muskulatura,N
10659,muslim,N
10660,muslimka,N
10661,mustang,N
10662,mustr,N
10663,mutace,N
10664,mutovat,V
10665,muzejnictví,N
10666,muzejník,N
10667,mezeum,N
10668,muzeální,A
10669,muzicírovat,V
10670,muzicírování,N
10671,muzika,N
10672,muzikant,N
10673,muzikantka,N
10674,muzikantský,A
10675,muzikoterapie,N
10676,muzikál,N
10677,muzikálnost,N
10678,mučednictví,N
10679,mučedník,N
10680,mučenka,N
10681,mučení,N
10682,mučený,A
10683,mučicí,A
10684,mučidlo,N
10685,mučit,V
10686,mučitel,N
10687,mučivý,A
10688,mučírna,N
10689,mušketa,N
10690,mušketýr,N
10691,mušketýrský,A
10692,muškát,N
10693,muškátový,A
10694,mušle,N
10695,mušlička,N
10696,mužnost,N
10697,mužný,A
10698,mužský,A
10699,mužství,N
10700,mužík,N
10701,mužíček,N
10702,mycelium,N
10703,mycí,A
10704,mykolog,N
10705,mykotoxin,N
10706,mykóza,N
10707,mylně,D
10708,mylný,A
10709,myokard,N
10710,myom,N
10711,myrha,N
10712,myrta,N
10713,myslet,N
10714,myslivec,N
10715,myslivecký,A
10716,myslivna,N
10717,myslivost,N
10718,myslit,V
10719,myslitel,N
10720,myslící,A
10721,mysterium,N
10722,mysteriózní,A
10723,mystický,A
10724,mystifikace,N
10725,mystifikační,A
10726,mystifikovat,V
10727,mystik,N
10728,mystérium,N
10729,mytický,A
10730,mytologický,A
10731,mytologie,N
10732,mytí,N
10733,mytý,A
10734,myčka,N
10735,myška,N
10736,myšlenka,N
10737,myšlenkový,A
10738,myšlenkově,D
10739,myšák,N
10740,myší,A
10741,mzda,N
10742,mzdový,A
10743,máchat,V
10744,máchnout,V
10745,máj,N
10746,májka,N
10747,májová,N
10748,májový,A
10749,málem,D
10750,málo,D
10751,máloco,P
10752,málokde,D
10753,málokdo,P
10754,málokdy,D
10755,máma,N
10756,mámení,N
10757,mámin,A
10758,mámit,V
10759,mánie,N
10760,mání,N
10761,márnice,N
10762,máselnice,N
10763,máslo,N
10764,máti,N
10765,mátoha,N
10766,mátožný,A
10767,mávající,A
10768,mávat,V
10769,mávnout,V
10770,mávání,N
10771,mávátko,N
10772,máčet,V
10773,médium,N
10774,méně,C
10775,méněcennost,N
10776,méněcenný,A
10777,méďa,N
10778,mícha,N
10779,míchací,A
10780,míchaný,A
10781,míchat,V
10782,míchačka,N
10783,míhat,V
10784,míjení,N
10785,míjet,V
10786,míle,N
10787,mílový,A
10788,mínit,V
10789,míněný,A
10790,míra,N
10791,mírnost,N
10792,mírný,A
10793,mírně,D
10794,mírový,A
10795,mísa,N
10796,mísení,N
10797,mísit,V
10798,místenka,N
10799,místečko,N
10800,místnost,N
10801,místní,N
10802,místně,D
10803,místnůstka,N
10804,místo,N
10805,místodržící,A
10806,místopis,N
10807,místopisný,A
10808,místopředseda,N
10809,místopředsedkyně,N
10810,místopředsednický,A
10811,místostarosta,N
10812,místostarostka,N
10813,místy,D
10814,mítink,N
10815,mívat,V
10816,míza,N
10817,mízní,A
10818,míček,N
10819,míčovna,N
10820,mířidlo,N
10821,mířit,V
10822,míšení,N
10823,míšní,A
10824,móda,N
10825,múza,N
10826,múzický,A
10827,mýcení,N
10828,mýdlo,N
10829,mýlit,V
10830,mýlka,N
10831,mýtický,A
10832,mýtina,N
10833,mýtný,A
10834,mýto,N
10835,mýtus,N
10836,mýval,N
10837,měch,N
10838,měchýř,N
10839,měděný,A
10840,měkce,D
10841,měkko,N
10842,měkký,A
10843,měkkýš,N
10844,měknout,V
10845,měkoučký,A
10846,měkčený,A
10847,mělce,D
10848,mělčina,N
10849,měna,N
10850,měnit,V
10851,měnící,A
10852,měnírna,N
10853,městečko,N
10854,město,N
10855,městys,N
10856,měsíc,N
10857,měsíček,N
10858,měsíčky,N
10859,měsíčník,N
10860,měsíčně,D
10861,měsíční,A
10862,měření,N
10863,měřený,A
10864,měřicí,A
10865,měřidlo,N
10866,měřit,V
10867,měřitelný,A
10868,měřič,N
10869,měřící,A
10870,měřítko,N
10871,měšec,N
10872,měšťan,N
10873,měšťanka,N
10874,měšťanský,A
10875,měšťák,N
10876,mňam,I
10877,mňoukat,V
10878,mňoukání,N
10879,mříž,N
10880,mřížka,N
10881,mšice,N
10882,můra,N
10883,můstek,N
10884,mžik,N
10885,mžourat,V
10886,naaranžovaný,A
10887,nabalit,V
10888,nabalený,A
10889,nabalovat,V
10890,nabarvený,A
10891,nabarvit,V
10892,nabitý,A
10893,nablízku,D
10894,nabobtnalý,A
10895,nabobtnat,V
10896,naboso,D
10897,nabouraný,A
10898,nabourat,V
10899,nabourání,N
10900,nabourávat,V
10901,nabraný,A
10902,nabrat,V
10903,nabrousit,V
10904,nabudit,V
10905,nabuzený,A
10906,nabušený,A
10907,nabytý,A
10908,nabyvatel,N
10909,nabádání,N
10910,nabídka,N
10911,nabídkový,A
10912,nabídnout,V
10913,nabídnutý,A
10914,nabíhající,A
10915,nabíhat,V
10916,nabíjecí,A
10917,nabíjet,V
10918,nabíječka,N
10919,nabíledni,D
10920,nabírat,V
10921,nabít,V
10922,nabízení,N
10923,nabízet,V
10924,nabývací,A
10925,nabývat,V
10926,nabývání,N
10927,naběhaný,A
10928,naběhat,V
10929,naběhlý,A
10930,naběračka,N
10931,nach,N
10932,nachladit,V
10933,nachlazení,N
10934,nachlazený,A
10935,nachodit,V
10936,nachomýtnout,V
10937,nachystaný,A
10938,nachystat,V
10939,nachytat,V
10940,nacházející,A
10941,nacházet,V
10942,nachýlit,V
10943,nacionalismus,N
10944,nacionalista,N
10945,nacionální,A
10946,nacista,N
10947,nacistický,A
10948,nacpaný,A
10949,nacpat,V
10950,nacvičit,V
10951,nacvičovat,V
10952,nacvičování,N
10953,nadace,N
10954,nadací,A
10955,nadaný,A
10956,nadarmo,D
10957,nadační,A
10958,nadbytečný,A
10959,nadbytek,N
10960,nadchod,N
10961,nadcházející,A
10962,nadechnout,V
10963,nadechnutí,N
10964,nadepsaný,A
10965,nadepsat,V
10966,nadevše,D
10967,nadhazovač,N
10968,nadhled,N
10969,nadhodit,V
10970,nadhoz,N
10971,nadjezd,N
10972,nadledvina,N
10973,nadlidský,A
10974,nadmořský,A
10975,nadměrný,A
10976,nadměrně,D
10977,nadnesený,A
10978,nadnárodní,A
10979,nadnést,V
10980,nadpis,N
10981,nadpoloviční,A
10982,nadporučík,N
10983,nadpozemský,A
10984,nadprodukce,N
10985,nadprůměr,N
10986,nadpřirozeno,N
10987,nadpřirozený,A
10988,nadržovat,V
10989,nadržování,N
10990,nadsadit,V
10991,nadsazovat,V
10992,nadstandard,N
10993,nadstandardní,A
10994,nadstavba,N
10995,nadstavbový,A
10996,nadsázka,N
10997,nadutost,N
10998,nadutý,A
10999,nadvláda,N
11000,nadváha,N
11001,nadzemní,A
11002,nadzvednout,V
11003,nadzvukový,A
11004,nadále,D
11005,nadát,V
11006,nadávat,V
11007,nadávka,N
11008,nadílka,N
11009,nadívaný,A
11010,nadýchaný,A
11011,nadýchnout,V
11012,nadýmat,V
11013,nadýmání,N
11014,nadčasovost,N
11015,nadčasový,A
11016,nadčlověk,N
11017,naděje,N
11018,nadějný,A
11019,nadějně,D
11020,nadělení,N
11021,nadělit,V
11022,nadělovat,V
11023,nadřadit,V
11024,nadřazenost,N
11025,nadřazený,A
11026,nadřít,V
11027,nadřízený,N
11028,nadšený,A
11029,nadšeně,D
11030,nafackovat,V
11031,nafilmovaný,A
11032,nafilmovat,V
11033,nafocení,N
11034,nafocený,A
11035,nafotit,V
11036,nafoukaný,A
11037,nafouknout,V
11038,nafouknutý,A
11039,nafta,N
11040,naftař,N
11041,naftařský,A
11042,naftový,A
11043,nafukovací,A
11044,nafukovat,V
11045,nafukování,N
11046,nahatý,A
11047,nahazovat,V
11048,nahlas,D
11049,nahlašovat,V
11050,nahlodat,V
11051,nahlásit,V
11052,nahlášení,N
11053,nahlížení,N
11054,nahlížet,V
11055,nahmatat,V
11056,nahnat,V
11057,nahnutý,A
11058,nahodilost,N
11059,nahodilý,A
11060,nahodit,V
11061,nahoru,D
11062,nahození,N
11063,nahozený,A
11064,nahoře,D
11065,nahořklý,A
11066,nahradit,V
11067,nahraditelný,A
11068,nahraný,A
11069,nahrazení,N
11070,nahrazený,A
11071,nahrazování,N
11072,nahrnout,V
11073,nahromadit,V
11074,nahromadění,N
11075,nahromaděný,A
11076,nahrání,N
11077,nahrát,V
11078,nahrávat,V
11079,nahrávač,N
11080,nahrávačka,N
11081,nahrávka,N
11082,nahánějící,A
11083,nahánění,N
11084,nahánět,V
11085,naházet,V
11086,naháč,N
11087,nahý,A
11088,nahřát,V
11089,nahřátý,A
11090,nainstalovat,V
11091,nainstalování,N
11092,nainstalovaný,A
11093,naivka,N
11094,naivní,N
11095,najatý,A
11096,najednou,D
11097,najet,V
11098,najetí,N
11099,najetý,A
11100,najevo,D
11101,najezdit,V
11102,naježit,V
11103,najisto,D
11104,najmout,V
11105,najímat,V
11106,najímání,N
11107,najíst,V
11108,najít,V
11109,najíždění,N
11110,najíždět,V
11111,nakapat,V
11112,nakazit,V
11113,nakažení,N
11114,nakažený,A
11115,nakladatel,N
11116,nakladatelský,A
11117,nakladatelství,N
11118,nakladač,N
11119,naklepat,V
11120,naklonovaný,A
11121,naklonovat,V
11122,naklonit,V
11123,naklonění,N
11124,nakládací,A
11125,nakládaný,A
11126,nakládat,V
11127,nakládačka,N
11128,nakládka,N
11129,nakládání,N
11130,naklánění,N
11131,naklánět,V
11132,naklápěcí,A
11133,naklást,V
11134,nakojit,V
11135,nakombinovat,V
11136,nakonfigurovat,V
11137,nakopnout,V
11138,nakopnutí,N
11139,nakopnutý,A
11140,nakopávání,N
11141,nakouknout,V
11142,nakoupený,A
11143,nakoupit,V
11144,nakradený,A
11145,nakreslený,A
11146,nakreslit,V
11147,nakrmit,V
11148,nakročit,V
11149,nakrájený,A
11150,nakrájet,V
11151,nakrást,V
11152,nakupený,A
11153,nakupit,V
11154,nakupovaný,A
11155,nakupovat,V
11156,nakupování,N
11157,nakupující,A
11158,nakyslý,A
11159,nakřivo,D
11160,naladění,N
11161,naladit,V
11162,nalakovaný,A
11163,nalakovat,N
11164,nalepení,N
11165,nalepený,A
11166,nalepit,V
11167,nalepovací,A
11168,nalepovat,V
11169,nalevo,D
11170,nalezení,N
11171,nalezený,A
11172,naleziště,N
11173,nalhávat,V
11174,nalinkovat,V
11175,nalití,N
11176,nalitý,A
11177,nalomený,A
11178,nalomit,V
11179,nalosovat,V
11180,naložení,N
11181,naložit,V
11182,nalákat,V
11183,nalámaný,A
11184,nalámat,V
11185,naléhat,V
11186,naléhavý,A
11187,naléhavě,D
11188,naléhání,N
11189,nalétat,V
11190,nalétávat,V
11191,nalévat,V
11192,nalévání,N
11193,nalézající,A
11194,nalézat,V
11195,nalézt,V
11196,nalít,V
11197,nalíčení,N
11198,nalíčený,A
11199,nalíčit,V
11200,namalovat,V
11201,namaskovaný,A
11202,namasírovat,V
11203,namazaný,A
11204,namazat,V
11205,namačkat,V
11206,namletý,A
11207,namlouvat,V
11208,namlouvání,N
11209,namlsaný,A
11210,namlsat,V
11211,namluvit,V
11212,namlít,V
11213,namnožit,V
11214,namontování,N
11215,namontovat,V
11216,namotivovaný,A
11217,namotivovat,V
11218,namočit,V
11219,namočený,A
11220,namožený,A
11221,namrzat,V
11222,namyšlený,A
11223,namáhaný,A
11224,namáhat,V
11225,namáhavě,D
11226,namáhavý,A
11227,namáhání,N
11228,namátkou,D
11229,namátkově,D
11230,namátkový,N
11231,namáčení,N
11232,namáčet,V
11233,namíchaný,A
11234,namíchat,V
11235,namíchnout,V
11236,namísto,R
11237,namítat,V
11238,namířený,A
11239,namířit,V
11240,naměkko,D
11241,naměřit,V
11242,nandat,V
11243,nanejvýš,D
11244,nanesení,N
11245,nanesený,A
11246,nanometr,N
11247,nanotechnologie,N
11248,nanovlákno,N
11249,nanočástice,N
11250,nanuk,N
11251,nanášení,N
11252,nanášet,V
11253,nanést,V
11254,naopak,D
11255,naordinovaný,A
11256,naordinovat,V
11257,napadající,A
11258,napadaný,A
11259,napadat,V
11260,napadení,N
11261,napajedlo,N
11262,napakovat,V
11263,napařit,V
11264,napečený,A
11265,napichovat,V
11266,napilno,D
11267,napití,N
11268,napjatý,A
11269,napjatě,D
11270,naplat,D
11271,naplavenina,N
11272,naplavený,A
11273,naplnit,V
11274,naplno,D
11275,naplněnost,N
11276,naplnění,N
11277,naplněný,A
11278,naplánovat,V
11279,naplánování,N
11280,naplňování,N
11281,naplňující,A
11282,napnout,V
11283,napnutí,N
11284,napochodovat,V
11285,napodobenina,N
11286,napodobení,N
11287,napodobit,V
11288,napodobitelný,A
11289,napodobovat,V
11290,napodobování,N
11291,napojení,N
11292,napojit,V
11293,napojovat,V
11294,napojování,N
11295,napomenout,V
11296,napomenutí,N
11297,napomáhající,A
11298,napomáhat,V
11299,napomáhání,N
11300,naporcovat,V
11301,naporcovaný,A
11302,naposled,D
11303,napospas,R
11304,napouštění,N
11305,napouštět,V
11306,napovídat,V
11307,napočítat,V
11308,napořád,D
11309,napracovat,V
11310,napravení,N
11311,napravený,A
11312,napravit,V
11313,napravitelný,A
11314,napravo,D
11315,napravovat,V
11316,naprogramovat,V
11317,naprogramování,N
11318,naprosto,D
11319,naproti,R
11320,naprázdno,D
11321,napršet,V
11322,napsaný,A
11323,napsání,N
11324,napsat,V
11325,napumpovat,V
11326,napustit,V
11327,napuštění,N
11328,napuštěný,A
11329,napáchaný,A
11330,napáchat,V
11331,napájecí,A
11332,napájený,A
11333,napájet,V
11334,napáječka,N
11335,napálený,A
11336,napálit,V
11337,napíchnout,V
11338,napíchnutý,A
11339,napínací,A
11340,napínat,V
11341,napínavý,A
11342,napínání,N
11343,napít,V
11344,napěchovaný,A
11345,napěchovat,V
11346,napětí,N
11347,napěťový,A
11348,napřahovat,V
11349,napřažený,A
11350,napráhnout,V
11351,napřed,D
11352,například,T
11353,napřímit,V
11354,napřímo,D
11355,napřít,V
11356,napříč,R
11357,narativ,N
11358,narativní,A
11359,narazit,V
11360,naraženina,N
11361,narcis,N
11362,narcistický,A
11363,narkoman,N
11364,narkotikum,N
11365,narkóza,N
11366,narodit,V
11367,narostlý,A
11368,naroubovat,V
11369,narovnat,V
11370,narovnání,N
11371,narovnávat,V
11372,narozdíl,R
11373,narozeniny,N
11374,narozený,A
11375,naruby,D
11376,narukovat,V
11377,narušení,N
11378,narušit,V
11379,narušitel,N
11380,narušovat,V
11381,narušování,N
11382,narušující,A
11383,narvaný,A
11384,narvat,V
11385,narychlo,D
11386,naráz,D
11387,narážet,V
11388,narážka,N
11389,narýsovat,V
11390,narůst,V
11391,narůstat,V
11392,narůstání,N
11393,nasazený,A
11394,nasazovat,V
11395,nasazování,N
11396,nasbíraný,A
11397,nasbírat,V
11398,naschvál,N
11399,nasedat,V
11400,nasednout,V
11401,nasekaný,A
11402,nasekat,V
11403,naservírovaný,A
11404,naservírovat,V
11405,nashledanou,T
11406,nashromážděný,A
11407,nashromáždit,V
11408,nasimulovat,V
11409,naskočit,V
11410,naskrz,D
11411,naskákat,V
11412,naslibovat,V
11413,naslouchající,A
11414,naslouchat,V
11415,naslouchání,N
11416,naslouchátko,N
11417,nasládlý,A
11418,nasmlouvat,V
11419,nasmát,V
11420,nasměrovaný,A
11421,nasměrování,N
11422,nasměrovat,V
11423,nasnadě,D
11424,nasnídat,V
11425,nasnímaný,A
11426,nasněžit,V
11427,naspořený,A
11428,naspořit,V
11429,nastartovaný,A
11430,nastartovat,V
11431,nastat,V
11432,nastavení,N
11433,nastavit,V
11434,nastavovací,A
11435,nastavovaný,A
11436,nastavovat,V
11437,nastavování,N
11438,nastavět,V
11439,nastiňovat,V
11440,nastolení,N
11441,nastolený,A
11442,nastolit,V
11443,nastolovat,V
11444,nastoupení,N
11445,nastoupit,V
11446,nastražený,A
11447,nastražit,V
11448,nastrkat,V
11449,nastrojit,V
11450,nastrčený,A
11451,nastudovat,V
11452,nastudování,N
11453,nastupovat,V
11454,nastupování,N
11455,nastydlý,A
11456,nastydnout,V
11457,nastávat,V
11458,nastínit,V
11459,nastíněný,A
11460,nastěhovat,V
11461,nastěhování,N
11462,nastřelený,A
11463,nastřelit,V
11464,nastřelovat,V
11465,nastřádaný,A
11466,nastřádat,V
11467,nastříhaný,A
11468,nastříhat,V
11469,nastříkat,V
11470,nastřílený,A
11471,nastřílet,V
11472,nasušit,V
11473,nasvícení,N
11474,nasvítit,V
11475,nasvětlení,N
11476,nasycenost,N
11477,nasycení,N
11478,nasycený,A
11479,nasytit,V
11480,nasákavost,N
11481,nasákavý,A
11482,nasáklý,A
11483,nasáknout,V
11484,nasát,V
11485,nasávací,A
11486,nasávaný,A
11487,nasávat,V
11488,nasávání,N
11489,natahovat,V
11490,natahování,N
11491,natažení,N
11492,nativní,A
11493,natištěný,A
11494,natlačit,V
11495,natolik,D
11496,natočení,N
11497,natočený,A
11498,natočit,V
11499,natož,T
11500,natrefit,V
11501,natrhnout,V
11502,natropit,V
11503,natruc,D
11504,natrénovaný,A
11505,natrénovat,V
11506,natržený,A
11507,natvrdlý,A
11508,natáhnout,V
11509,natáčecí,A
11510,natáčení,N
11511,natáčet,V
11512,natírat,V
11513,natírání,N
11514,natěrač,N
11515,natěšení,N
11516,natěšený,A
11517,natěšit,V
11518,natřený,A
11519,natřískaný,A
11520,natřít,V
11521,nauka,N
11522,naučení,N
11523,naučený,A
11524,naučit,V
11525,naučný,A
11526,navalit,V
11527,navazovat,V
11528,navazování,N
11529,navazující,A
11530,navezený,A
11531,navigace,N
11532,navigační,A
11533,navigátor,N
11534,navigovat,V
11535,naviják,N
11536,navlečený,A
11537,navlhlý,A
11538,navlhčený,A
11539,navlhčit,V
11540,navlékat,V
11541,navléknout,V
11542,navlékání,N
11543,navodit,V
11544,navolit,V
11545,navonět,V
11546,navozený,A
11547,navozující,A
11548,navracení,N
11549,navracet,V
11550,navrch,D
11551,navrhnout,V
11552,navrhovaný,A
11553,navrhovat,V
11554,navrhovatel,N
11555,navrhování,N
11556,navrstvit,V
11557,navrtat,V
11558,navrácení,N
11559,navrácený,A
11560,navrátit,V
11561,navršený,A
11562,navršit,V
11563,navyknout,V
11564,navyšovat,V
11565,navyšování,N
11566,navzdory,R
11567,naváděcí,A
11568,navádění,N
11569,naváděný,A
11570,navádět,V
11571,navát,V
11572,navátý,A
11573,navázaný,A
11574,navázat,V
11575,navázání,N
11576,navážení,N
11577,navážit,V
11578,navážka,N
11579,navíc,D
11580,navíjet,V
11581,navýsost,D
11582,navýšení,N
11583,navýšený,A
11584,navýšit,V
11585,navštívenka,N
11586,navštívený,A
11587,navštívit,V
11588,navštěvovaný,A
11589,navštěvování,N
11590,navštěvovat,V
11591,navštěvující,A
11592,navždy,D
11593,nazbyt,D
11594,nazdar,T
11595,nazdobit,V
11596,nazkoušet,V
11597,nazlobit,V
11598,nazlobený,A
11599,nazmar,D
11600,naznačit,V
11601,naznačovat,V
11602,naznačující,A
11603,nazpaměť,D
11604,nazpívat,V
11605,nazpět,D
11606,nazvat,V
11607,nazírat,V
11608,nazírání,N
11609,nazítří,D
11610,nazývaný,A
11611,nazývat,V
11612,naúčtovat,V
11613,načas,D
11614,načasovat,V
11615,načasování,N
11616,načatý,A
11617,načechraný,A
11618,načechrat,V
11619,načekat,V
11620,načepovat,V
11621,načerpání,N
11622,načesaný,A
11623,načesat,V
11624,načež,D
11625,načichnout,V
11626,načisto,D
11627,načrtnout,V
11628,načrtnutý,A
11629,načtení,N
11630,načtený,A
11631,načínat,V
11632,načíst,V
11633,načít,V
11634,načítání,N
11635,nařasený,A
11636,nařasit,V
11637,nařezat,V
11638,nařizovat,V
11639,nařizující,A
11640,nařknout,V
11641,nařídit,V
11642,naříkat,V
11643,naříkání,N
11644,nařízení,N
11645,nařčení,N
11646,nařčený,A
11647,našeptávat,V
11648,našeptávač,N
11649,našetřený,A
11650,našetřit,V
11651,našitý,A
11652,naškrobený,A
11653,naškrobit,V
11654,našlapaný,A
11655,našlapovat,V
11656,našlehaný,A
11657,našlehat,V
11658,našlápnout,V
11659,naštvanost,N
11660,naštvat,V
11661,naštvaný,A
11662,naštvání,N
11663,naštípnutý,A
11664,naťový,A
11665,naťukat,V
11666,nažhavení,N
11667,nažhavit,V
11668,naživu,D
11669,nažka,N
11670,nažraný,A
11671,nažrat,V
11672,neandrtálec,N
11673,nebe,N
11674,nebeský,A
11675,nebezpečno,D
11676,nebezpečnost,N
11677,nebezpečí,N
11678,nebezpečný,A
11679,neblahý,A
11680,neblaze,D
11681,nebohý,A
11682,nebojácnost,N
11683,neboli,J
11684,neboť,J
11685,nebožtík,N
11686,nebožák,N
11687,nebíčko,N
11688,nebývale,D
11689,nebývalý,A
11690,necesta,N
11691,nechat,V
11692,nechutenství,N
11693,nechutnost,N
11694,nechutný,A
11695,nechuť,N
11696,nechvalný,A
11697,nechávat,V
11698,nechť,T
11699,necky,N
11700,nectnost,N
11701,nedaleko,R
11702,nedbale,D
11703,nedbalost,N
11704,nedbalostní,A
11705,nedbalý,A
11706,nedobytnost,N
11707,nedobytný,A
11708,nedocenitelný,A
11709,nedodržování,N
11710,nedodržet,V
11711,nedodržovat,V
11712,nedodání,N
11713,nedodělek,N
11714,nedohoda,N
11715,nedokonalost,N
11716,nedokonalý,A
11717,nedopalek,N
11718,nedopatření,N
11719,nedoplatek,N
11720,nedorozumění,N
11721,nedoslýchavost,N
11722,nedoslýchavý,A
11723,nedostatek,N
11724,nedostatečnost,N
11725,nedostatečný,A
11726,nedostatkový,A
11727,nedostižný,A
11728,nedotáčivost,N
11729,nedočkavec,N
11730,nedočkavost,N
11731,nedočkavý,A
11732,neduh,N
11733,nedávno,N
11734,neděle,N
11735,nedělní,A
11736,nedělník,N
11737,nedůslednost,N
11738,nedůsledný,A
11739,nedůtklivý,A
11740,nedůvěra,N
11741,nedůvěřivý,A
11742,neefektivnost,N
11743,neforemný,A
11744,nefunkční,A
11745,nefunkčnost,N
11746,nefér,D
11747,negace,N
11748,negativ,N
11749,negativismus,N
11750,negativní,A
11751,negativum,N
11752,negližé,N
11753,negovat,V
11754,negramotnost,N
11755,negramotný,A
11756,neherec,N
11757,nehnutě,D
11758,nehoda,N
11759,nehodovost,N
11760,nehodový,A
11761,nehoráznost,N
11762,nehorázný,A
11763,nehospodárnost,N
11764,nehostinný,A
11765,nehtový,A
11766,nehybnost,N
11767,nehybně,D
11768,nehybný,A
11769,neinformovanost,N
11770,nejasnost,N
11771,nejasný,A
11772,nejeden,C
11773,nejednou,C
11774,nejednoznačnost,N
11775,nejenom,D
11776,nejistota,N
11777,nejistý,A
11778,nejmenovaný,N
11779,nejméně,C
11780,nejprve,D
11781,nejvíce,C
11782,nekalost,N
11783,nekalý,A
11784,neklid,N
11785,nekonečno,N
11786,nekonečný,A
11787,nekorektnost,N
11788,nekorektní,A
11789,nekrolog,N
11790,nekróza,N
11791,nektar,N
11792,nekuřák,N
11793,nekázeň,N
11794,nelegální,A
11795,nelibost,N
11796,nelidskost,N
11797,nelidský,A
11798,nelogický,A
11799,nelítostně,D
11800,nelítostný,A
11801,nelíčený,A
11802,nemehlo,N
11803,nemilost,N
11804,nemluvně,N
11805,nemnoho,C
11806,nemoc,N
11807,nemocenská,N
11808,nemocnice,N
11809,nemocniční,A
11810,nemocnost,N
11811,nemocná,N
11812,nemocný,N
11813,nemohoucnost,N
11814,nemohoucí,N
11815,nemotornost,N
11816,nemotora,N
11817,nemotorný,A
11818,nemožnost,N
11819,nemožný,A
11820,nemravnost,N
11821,nemravný,A
11822,nemístný,A
11823,neměnný,A
11824,nenechavec,N
11825,nenechavý,A
11826,nenápadnost,N
11827,nenápadný,A
11828,nenáročnost,N
11829,nenáročný,A
11830,nenáviděný,A
11831,nenávidět,V
11832,nenávist,N
11833,nenávistný,A
11834,nenávratno,N
11835,nenávratný,A
11836,neoblomný,A
11837,neobratnost,N
11838,neobratný,A
11839,neocenitelný,A
11840,neochota,N
11841,neodmyslitelný,A
11842,neodolatelný,A
11843,neodvratný,A
11844,neodvratně,D
11845,neohroženě,D
11846,neohrožený,A
11847,neoliberalismus,N
11848,neoliberální,A
11849,neolit,N
11850,neolitický,A
11851,neomalenost,N
11852,neomalený,A
11853,neomaleně,D
11854,neomylnost,N
11855,neomylný,A
11856,neon,N
11857,neonacismus,N
11858,neonacista,N
11859,neonacistický,A
11860,neonatologický,A
11861,neonatologie,N
11862,neonový,A
11863,neopominutelný,A
11864,neopren,N
11865,neoprenový,A
11866,neotřelý,A
11867,nepaměť,N
11868,neplatič,N
11869,neplatnost,N
11870,neplatný,A
11871,neplavec,N
11872,neplecha,N
11873,nepochopení,N
11874,nepochybně,T
11875,nepoctivec,N
11876,nepoctivost,N
11877,nepohoda,N
11878,nepohodlí,N
11879,nepokoj,N
11880,nepoměr,N
11881,neporazitelnost,N
11882,neporazitelný,A
11883,neporozumění,N
11884,neposedný,A
11885,neposkvrněný,A
11886,neposlušnost,N
11887,neposlušný,A
11888,nepostradatelnost,N
11889,nepostradatelný,A
11890,nepoužití,N
11891,nepozorovaně,D
11892,nepozorovaný,A
11893,nepořádek,N
11894,nepravda,N
11895,nepravidelnost,N
11896,nepravidelný,A
11897,neprospěch,N
11898,neprůchodnost,N
11899,neprůchodný,A
11900,neprůhlednost,N
11901,neprůhledný,A
11902,neprůstřelnost,N
11903,neprůstřelný,A
11904,nepřeberný,A
11905,nepřehlednost,N
11906,nepřehledný,A
11907,nepřekročitelný,A
11908,nepřesnost,N
11909,nepřesný,A
11910,nepřetržitý,A
11911,nepřetržitě,D
11912,nepřipravenost,N
11913,nepřipravený,A
11914,nepřátelsky,D
11915,nepřátelský,A
11916,nepřátelství,N
11917,nepříjemnost,N
11918,nepříjemný,A
11919,nepřípustnost,N
11920,nepřípustný,A
11921,nepřístojnost,N
11922,nepřístupnost,N
11923,nepřítel,N
11924,nepřítomně,D
11925,nepřítomný,A
11926,nepřízeň,N
11927,nepříčetnost,N
11928,nerez,A
11929,nerost,N
11930,nerostný,A
11931,nerovnost,N
11932,nerozbitný,A
11933,nerozeznání,N
11934,nerozhodnost,N
11935,nerozhodný,A
11936,nerozlučně,D
11937,nerozlučný,A
11938,nerozvážnost,N
11939,nerozvážný,A
11940,nerudný,A
11941,nerušený,A
11942,nerušeně,D
11943,nerv,N
11944,nervní,A
11945,nervovat,V
11946,nervový,A
11947,nervově,D
11948,nervozita,N
11949,nervák,N
11950,nervózní,A
11951,neschopenka,N
11952,neschopnost,N
11953,neschopný,A
11954,nesený,A
11955,neshoda,N
11956,neskonalý,A
11957,neskrývaný,A
11958,neslučitelnost,N
11959,neslušnost,N
11960,neslušný,A
11961,neslyšný,A
11962,neslyšící,N
11963,nesmlouvavě,D
11964,nesmlouvavý,A
11965,nesmrtelnost,N
11966,nesmrtelný,A
11967,nesmysl,N
11968,nesmyslnost,N
11969,nesmyslně,D
11970,nesmyslný,A
11971,nesmírný,A
11972,nesmírně,D
11973,nesnáz,N
11974,nesouhlas,N
11975,nesoulad,N
11976,nespavost,N
11977,nespokojenost,N
11978,nespokojený,A
11979,nespolehlivost,N
11980,nespolehlivý,A
11981,nesporný,A
11982,nesporně,T
11983,nespoutanost,N
11984,nespoutaný,A
11985,nespočet,N
11986,nespravedlnost,N
11987,nespravedlivý,A
11988,nesprávnost,N
11989,nesrovnalost,N
11990,nestabilita,N
11991,nestabilní,A
11992,nestoudný,A
11993,nestrannost,N
11994,nestranný,A
11995,nestraník,N
11996,nestvůra,N
11997,nestálost,N
11998,nesvoboda,N
11999,nesvár,N
12000,nesvůj,A
12001,nesčetný,A
12002,nesčetně,D
12003,nesčetněkrát,C
12004,netečnost,N
12005,netečný,A
12006,neteř,N
12007,netolerance,N
12008,netopýr,N
12009,netopýří,A
12010,netrpělivost,N
12011,netrpělivý,A
12012,netušený,A
12013,netvor,N
12014,netáhlo,N
12015,netýkavka,N
12016,netěsnost,N
12017,neudržení,N
12018,neudržitelnost,N
12019,neuhrazení,N
12020,neukojený,A
12021,neukázněnost,N
12022,neukázněný,A
12023,neuposlechnutí,N
12024,neupřímnost,N
12025,neurochirurgický,A
12026,neurochirurgie,N
12027,neurolog,N
12028,neurologický,A
12029,neurologie,N
12030,neuroložka,N
12031,neuron,N
12032,neurotický,A
12033,neurotik,N
12034,neurotransmiter,N
12035,neurověda,N
12036,neurvalec,N
12037,neurčito,N
12038,neurčitý,A
12039,neustále,D
12040,neustálý,A
12041,neutralita,N
12042,neutralizace,N
12043,neutralizovat,V
12044,neutron,N
12045,neutronový,A
12046,neutrál,N
12047,neutrální,A
12048,neutuchající,A
12049,neutěšený,A
12050,nevděk,N
12051,nevděčný,A
12052,nevhodnost,N
12053,nevhodný,A
12054,neviditelnost,N
12055,neviditelný,A
12056,nevidomý,A
12057,nevina,N
12058,nevinnost,N
12059,nevinný,A
12060,nevinně,D
12061,neviňátko,N
12062,nevkusně,D
12063,nevkusný,A
12064,nevolič,N
12065,nevolnictví,N
12066,nevolnost,N
12067,nevolník,N
12068,nevraživost,N
12069,nevraživý,A
12070,nevrle,D
12071,nevrlý,A
12072,nevybíravě,D
12073,nevyhnutelnost,N
12074,nevyhnutelný,A
12075,nevyzrálost,N
12076,nevyzrálý,A
12077,nevyčerpatelný,A
12078,nevzdělanost,N
12079,nevzdělaný,A
12080,nevzhledný,A
12081,nevábně,D
12082,nevázanost,N
12083,nevázaný,A
12084,nevídaný,A
12085,nevídaně,D
12086,nevýhoda,N
12087,nevýhodnost,N
12088,nevýhodný,A
12089,nevědomost,N
12090,nevědomí,N
12091,nevěra,N
12092,nevěrník,N
12093,nevěrný,A
12094,nevěsta,N
12095,nevěstinec,N
12096,nevěřícný,A
12097,nevšímavost,N
12098,nevůle,N
12099,nezaměstnanost,N
12100,nezaměstnaná,N
12101,nezaměstnaný,N
12102,nezapomenutelný,A
12103,nezastavitelný,A
12104,nezbedný,A
12105,nezbytnost,N
12106,nezbytný,A
12107,nezdar,N
12108,nezdařený,A
12109,neziskovka,N
12110,nezkrotný,A
12111,nezkušenost,N
12112,nezkušený,A
12113,nezletilý,N
12114,nezletilec,N
12115,nezlomný,A
12116,nezměrný,A
12117,neznaboh,N
12118,neznalost,N
12119,nezničitelný,A
12120,neznámo,N
12121,neznámá,N
12122,neznámý,N
12123,nezodpovědnost,N
12124,nezralost,N
12125,nezralý,A
12126,nezvratný,A
12127,nezvyk,N
12128,nezvěstný,A
12129,nezákonnost,N
12130,nezákonný,A
12131,nezávadnost,N
12132,nezávadný,A
12133,nezávislý,A
12134,nezávislost,N
12135,nezáživný,A
12136,nezúčastněný,A
12137,nezúčastněně,D
12138,nezřízený,A
12139,neúcta,N
12140,neúspěch,N
12141,neúspěšnost,N
12142,neúspěšný,A
12143,neústupnost,N
12144,neústupný,A
12145,neúčast,N
12146,neúčinnost,N
12147,nečas,N
12148,nečekaný,A
12149,nečekaně,D
12150,nečistota,N
12151,neřest,N
12152,neřešení,N
12153,neřád,N
12154,nešika,N
12155,nešikovnost,N
12156,nešikovný,A
12157,neškodně,D
12158,neškodný,A
12159,neštovice,N
12160,neštěstí,N
12161,nešvar,N
12162,nešťastník,N
12163,nešťastný,A
12164,nežli,J
12165,nicotný,A
12166,nihilismus,N
12167,nikde,D
12168,nikdo,P
12169,nikl,N
12170,nikoli,T
12171,nimrod,N
12172,ninja,N
12173,nirvana,N
12174,nitka,N
12175,niva,N
12176,ničema,N
12177,ničemný,A
12178,ničení,N
12179,ničit,V
12180,ničitel,N
12181,ničivý,A
12182,ničí,P
12183,ničící,A
12184,noblesa,N
12185,noblesně,D
12186,noblesní,A
12187,nocleh,N
12188,noclehárna,N
12189,nocležník,N
12190,nocování,N
12191,nocovat,V
12192,noha,N
12193,nohavice,N
12194,nohejbal,N
12195,nohejbalista,N
12196,nohsled,N
12197,nomenklatura,N
12198,nominace,N
12199,nominační,A
12200,nominovaný,A
12201,nominovat,V
12202,nominál,N
12203,nominální,A
12204,nominálně,D
12205,nomád,N
12206,nonstop,D
12207,nonverbální,A
12208,nora,N
12209,norek,N
12210,norma,N
12211,normalizační,A
12212,normalizovat,V
12213,normativní,A
12214,normový,A
12215,normál,N
12216,normálně,D
12217,normální,A
12218,nosit,V
12219,nositel,N
12220,nositelka,N
12221,nosič,N
12222,nosnice,N
12223,nosnost,N
12224,nosní,A
12225,nosník,N
12226,nosohltan,N
12227,nosorožec,N
12228,nosorožčí,A
12229,nostalgicky,D
12230,nostalgie,N
12231,nostra,N
12232,nosál,N
12233,nosící,A
12234,nosík,N
12235,nosítka,N
12236,nosívat,V
12237,nota,N
12238,notace,N
12239,notebook,N
12240,notes,N
12241,notifikace,N
12242,notička,N
12243,notný,A
12244,notně,D
12245,notoricky,D
12246,notorický,A
12247,notovat,V
12248,notový,A
12249,notář,N
12250,notářka,N
12251,notářský,A
12252,notýsek,N
12253,nouze,N
12254,novela,N
12255,novelizace,N
12256,novelizovat,V
12257,novic,N
12258,novicka,N
12259,novina,N
12260,novinařina,N
12261,novinka,N
12262,novinkový,A
12263,novinový,A
12264,noviny,N
12265,novinář,N
12266,novinářka,N
12267,novoluní,N
12268,novomanžel,N
12269,novomanželka,N
12270,novomanželský,A
12271,novopečený,A
12272,novorozenec,N
12273,novorozenecký,A
12274,novorozený,A
12275,novorozeně,N
12276,novoroční,A
12277,novota,N
12278,novotvar,N
12279,novověk,N
12280,novověký,A
12281,nozdra,N
12282,noční,A
12283,nočník,N
12284,nořit,V
12285,nošený,A
12286,nožička,N
12287,nožka,N
12288,nožní,A
12289,nožík,N
12290,nuance,N
12291,nucení,N
12292,nucený,A
12293,nuda,N
12294,nudle,N
12295,nudlička,N
12296,nudný,A
12297,nudně,D
12298,nukleotid,N
12299,nukleový,A
12300,nula,N
12301,nulový,A
12302,numerolog,N
12303,numerologický,A
12304,numerologie,N
12305,numismatik,N
12306,numismatika,N
12307,nutit,V
12308,nutnost,N
12309,nutně,D
12310,nutný,A
12311,nutrie,N
12312,nutriční,A
12313,nutričně,D
12314,nuzný,A
12315,nuže,T
12316,nylon,N
12317,nylonový,A
12318,nymfa,N
12319,nyní,D
12320,náboj,N
12321,nábojnice,N
12322,nábojový,A
12323,nábor,N
12324,náborový,A
12325,náborář,N
12326,náboženský,A
12327,náboženství,N
12328,nábožný,A
12329,nábytek,N
12330,nábytkář,N
12331,nábytkářský,A
12332,náběh,N
12333,nábřežní,A
12334,nábřeží,N
12335,náchylný,A
12336,náctiletý,A
12337,nácvik,N
12338,nádech,N
12339,nádeník,N
12340,nádhera,N
12341,nádherný,A
12342,nádivka,N
12343,nádoba,N
12344,nádobka,N
12345,nádobí,N
12346,nádor,N
12347,nádorový,A
12348,nádražní,A
12349,nádražák,N
12350,nádraží,N
12351,nádrž,N
12352,nádržka,N
12353,nádvoří,N
12354,náhle,D
12355,náhled,N
12356,náhlý,A
12357,náhodně,D
12358,náhodný,A
12359,náhodou,D
12360,náhon,N
12361,náhorní,A
12362,náhrada,N
12363,náhradnice,N
12364,náhradník,N
12365,náhražka,N
12366,náhrdelník,N
12367,náhrobek,N
12368,náhrobní,A
12369,náhubek,N
12370,nájem,N
12371,nájemnice,N
12372,nájemník,N
12373,nájezd,N
12374,nájezdník,N
12375,nájezdový,A
12376,nákaza,N
12377,nákazový,A
12378,náklad,N
12379,nákladnost,N
12380,nákladný,A
12381,nákladně,D
12382,nákladovost,N
12383,nákladový,A
12384,nákladově,D
12385,náklaďák,N
12386,náklon,N
12387,náklonnost,N
12388,nákres,N
12389,nákup,N
12390,nákupčí,N
12391,nákyp,N
12392,nálada,N
12393,náladovost,N
12394,náladový,A
12395,nálet,N
12396,náletový,A
12397,nálev,N
12398,nálevka,N
12399,nálevna,N
12400,nález,N
12401,nálezce,N
12402,nálezné,N
12403,nálezový,A
12404,náležející,A
12405,náležet,V
12406,náležitost,N
12407,náležitý,A
12408,náležitě,D
12409,náležící,A
12410,nálož,N
12411,námaha,N
12412,námezdní,A
12413,námitka,N
12414,námluvy,N
12415,námořnický,A
12416,námořnictvo,N
12417,námořní,A
12418,námořník,N
12419,námraza,N
12420,náměstek,N
12421,náměstí,N
12422,náměstíčko,N
12423,náměsíčný,A
12424,námět,N
12425,námětový,A
12426,nános,N
12427,nápad,N
12428,nápaditý,A
12429,nápaditě,D
12430,nápadný,A
12431,nápadně,D
12432,nápis,N
12433,náplast,N
12434,náplav,N
12435,náplava,N
12436,náplavka,N
12437,náplň,N
12438,nápoj,N
12439,nápojový,A
12440,nápor,N
12441,nápověda,N
12442,náprava,N
12443,nápravný,A
12444,náprsenka,N
12445,nápěv,N
12446,nápřah,N
12447,náramek,N
12448,náramný,A
12449,náraz,N
12450,nárazník,N
12451,nárazníkový,A
12452,nárazově,D
12453,národnost,N
12454,nárok,N
12455,nárokovat,V
12456,nárokový,A
12457,náročný,A
12458,náročně,D
12459,nárožní,A
12460,nároží,N
12461,nárt,N
12462,náruč,N
12463,náručí,N
12464,náruživost,N
12465,náruživě,D
12466,nárůst,N
12467,násada,N
12468,násep,N
12469,násilnost,N
12470,násilný,A
12471,náskok,N
12472,následek,N
12473,následnický,A
12474,následnictví,N
12475,následník,N
12476,následně,D
12477,následovaný,A
12478,následovat,V
12479,následovnice,N
12480,následovník,N
12481,následovně,D
12482,následování,N
12483,následující,A
12484,násobení,N
12485,násobený,A
12486,násobit,V
12487,násobilka,N
12488,nástavba,N
12489,nástavbový,A
12490,nástavec,N
12491,nástraha,N
12492,nástražný,A
12493,nástroj,N
12494,nástrojař,N
12495,nástrojárna,N
12496,nástrojář,N
12497,nástropní,A
12498,nástup,N
12499,nástupce,N
12500,nástupiště,N
12501,nástupkyně,N
12502,nástupnictví,N
12503,nástupní,A
12504,nástěnka,N
12505,nástřel,N
12506,nástřik,N
12507,násyp,N
12508,násypka,N
12509,nátlak,N
12510,nátlakový,A
12511,nátura,N
12512,náušnice,N
12513,nával,N
12514,návaznost,N
12515,návazný,A
12516,návazně,D
12517,náves,N
12518,návesní,A
12519,návladní,N
12520,návlek,N
12521,návnada,N
12522,návod,N
12523,návodný,A
12524,návrat,N
12525,návratnost,N
12526,návrh,N
12527,návrhář,N
12528,návrhářka,N
12529,návrhářský,A
12530,návrhářství,N
12531,návrší,N
12532,návyk,N
12533,návěs,N
12534,návěsový,A
12535,návěstidlo,N
12536,návětrný,A
12537,návštěva,N
12538,návštěvnice,N
12539,návštěvnicky,D
12540,návštěvnický,A
12541,návštěvnost,N
12542,návštěvní,A
12543,návštěvník,N
12544,název,N
12545,náznak,N
12546,názor,N
12547,názornost,N
12548,názvuk,N
12549,náčelník,N
12550,náčiní,N
12551,náčrt,N
12552,náčrtek,N
12553,nářek,N
12554,nářez,N
12555,nářečí,N
12556,nášivka,N
12557,nášlap,N
12558,nášlapný,A
12559,nášup,N
12560,nést,V
12561,nížina,N
12562,nóbl,D
12563,nóta,N
12564,nějak,D
12565,nějaký,P
12566,někam,D
12567,někde,D
12568,někdo,P
12569,několik,C
12570,několikrát,C
12571,několikátý,C
12572,některý,P
12573,němota,N
12574,němý,A
12575,něčí,P
12576,něžnost,N
12577,něžně,D
12578,něžný,A
12579,nůše,N
12580,nůžky,N
12581,obal,N
12582,obalení,N
12583,obaleč,N
12584,obalit,V
12585,obalovaný,A
12586,obalovat,V
12587,obalovna,N
12588,obalování,N
12589,obalový,A
12590,obarvený,A
12591,obarvit,V
12592,obava,N
12593,obchod,N
12594,obchodnice,N
12595,obchodník,N
12596,obchodně,D
12597,obchodovaný,A
12598,obchodovat,V
12599,obchvat,N
12600,obcházení,N
12601,obcházet,V
12602,obchůdek,N
12603,obchůzka,N
12604,obdarovat,V
12605,obdařit,V
12606,obdiv,N
12607,obdivný,A
12608,obdivovaný,A
12609,obdivovatel,N
12610,obdivovatelka,N
12611,obdivování,N
12612,obdoba,N
12613,období,N
12614,obdržení,N
12615,obdržený,A
12616,obdržet,V
12617,obdélník,N
12618,obdélníkový,A
12619,obdélníček,N
12620,obdélný,A
12621,obdělávaný,A
12622,obdělávání,N
12623,obdělávat,V
12624,obec,N
12625,obecenstvo,N
12626,obecnost,N
12627,obecný,A
12628,obecně,D
12629,obehnat,V
12630,obehrát,V
12631,obejmout,V
12632,obejít,V
12633,obelhat,V
12634,obelhávat,V
12635,obelisk,N
12636,obelstít,V
12637,obepínat,V
12638,obepnout,V
12639,obepínající,A
12640,obestavěný,A
12641,obestavět,V
12642,obestřít,V
12643,obesílat,V
12644,obezita,N
12645,obezitolog,N
12646,obeznámit,V
12647,obezřetně,D
12648,obezřetný,A
12649,obhajitelný,A
12650,obhajoba,N
12651,obhajovat,V
12652,obhajování,N
12653,obhajující,A
12654,obhlídka,N
12655,obhodit,V
12656,obhájce,N
12657,obhájení,N
12658,obhájit,V
12659,obhájkyně,N
12660,obilka,N
12661,obilnina,N
12662,obilní,A
12663,obilný,A
12664,obilovina,N
12665,obilí,N
12666,obinadlo,N
12667,objasnit,V
12668,objasňovat,V
12669,objednaný,A
12670,objednat,V
12671,objednavatel,N
12672,objednání,N
12673,objednávat,V
12674,objednávka,N
12675,objednávkový,A
12676,objekt,N
12677,objektiv,N
12678,objektivita,N
12679,objektivní,A
12680,objektový,A
12681,objem,N
12682,objemný,A
12683,objet,V
12684,objetí,N
12685,objev,N
12686,objevení,N
12687,objevený,A
12688,objevit,V
12689,objevitel,N
12690,objevitelský,A
12691,objevovat,V
12692,objevující,A
12693,objezd,N
12694,objímat,V
12695,objímka,N
12696,objímání,N
12697,objíždění,N
12698,objíždět,V
12699,objížďka,N
12700,obklad,N
12701,obkladač,N
12702,obkladačka,N
12703,obkladový,A
12704,obklopovat,V
12705,obklopující,A
12706,oblaka,N
12707,obklíčení,N
12708,obklíčit,V
12709,obkroužit,V
12710,oblast,N
12711,oblastní,A
12712,oblačnost,N
12713,oblačný,A
12714,oblažit,V
12715,oblažovat,V
12716,oblehnout,V
12717,oblek,N
12718,oblepit,V
12719,oblet,N
12720,obletovat,V
12721,obletět,V
12722,obleček,N
12723,oblečený,A
12724,obležení,N
12725,obležený,A
12726,obligace,N
12727,oblina,N
12728,obličej,N
12729,obličejový,A
12730,obloha,N
12731,oblouk,N
12732,obloukový,A
12733,oblouček,N
12734,obložení,N
12735,obložený,A
12736,obložit,V
12737,obluda,N
12738,obludnost,N
12739,obludný,A
12740,oblázek,N
12741,oblázkový,A
12742,obláček,N
12743,obléci,V
12744,obléhání,N
12745,oblékající,A
12746,oblékat,V
12747,obléknout,V
12748,oblékání,N
12749,oblíbenec,N
12750,oblíbenkyně,N
12751,oblíbenost,N
12752,oblíbený,A
12753,oblíbit,V
12754,oblý,A
12755,obměkčit,V
12756,obměna,N
12757,obměnit,V
12758,obměněný,A
12759,obměňovat,V
12760,obnažený,A
12761,obnažit,V
12762,obnos,N
12763,obnova,N
12764,obnovení,N
12765,obnovený,A
12766,obnovit,V
12767,obnovovací,A
12768,obnovovat,V
12769,obnovování,N
12770,obodovat,V
12771,obohacení,N
12772,obohacený,A
12773,obohacování,N
12774,obohatit,V
12775,obojek,N
12776,obojí,C
12777,obojživelník,N
12778,obor,N
12779,obora,N
12780,oborový,A
12781,obousměrný,A
12782,oboustranný,A
12783,obout,V
12784,obouvat,V
12785,obouvání,N
12786,obočí,N
12787,obracení,N
12788,obracet,V
12789,obraceč,N
12790,obrana,N
12791,obranyschopnost,N
12792,obranář,N
12793,obraný,A
12794,obrat,N
12795,obratiště,N
12796,obratlovec,N
12797,obratnost,N
12798,obratník,N
12799,obratný,A
12800,obraz,N
12801,obrazec,N
12802,obraznost,N
12803,obrazný,A
12804,obrazový,A
12805,obrazově,D
12806,obrazárna,N
12807,obrna,N
12808,obrněnec,N
12809,obrněný,A
12810,obrobek,N
12811,obroda,N
12812,obroučka,N
12813,obrovitý,A
12814,obrovský,A
12815,obrozenec,N
12816,obrozenecký,A
12817,obrození,N
12818,obrozený,A
12819,obruba,N
12820,obrubník,N
12821,obrusný,A
12822,obruč,N
12823,obrušovat,V
12824,obrys,N
12825,obrysový,A
12826,obrábění,N
12827,obráběč,N
12828,obrábět,V
12829,obrácení,N
12830,obránce,N
12831,obrátit,V
12832,obrátka,N
12833,obrázkový,A
12834,obrážet,V
12835,obsadit,V
12836,obsah,N
12837,obsahovat,V
12838,obsahový,A
12839,obsahující,A
12840,obsazenost,N
12841,obsazení,N
12842,obsazený,A
12843,obsazovaný,A
12844,obsazovat,V
12845,obscénní,A
12846,observace,N
12847,observatoř,N
12848,obsese,N
12849,obskurní,A
12850,obsloužit,V
12851,obsluha,N
12852,obsluhovaný,A
12853,obsluhovat,V
12854,obsluhující,A
12855,obslužnost,N
12856,obstarat,V
12857,obstarožní,A
12858,obstarání,N
12859,obstarávání,N
12860,obstarávat,V
12861,obstavení,N
12862,obstavený,A
12863,obstavit,V
12864,obstojně,D
12865,obstojný,A
12866,obstrukce,N
12867,obstrukční,A
12868,obstát,V
12869,obstřelit,V
12870,obsádka,N
12871,obsílka,N
12872,obtisk,N
12873,obtisknout,V
12874,obtloustlý,A
12875,obtočený,A
12876,obtočit,V
12877,obtékat,V
12878,obtíž,N
12879,obtížnost,N
12880,obtížně,D
12881,obtížný,A
12882,obtěžkaný,A
12883,obtěžkat,V
12884,obtěžovat,V
12885,obtěžování,N
12886,obtěžující,A
12887,obuv,N
12888,obuvnický,A
12889,obuvnictví,N
12890,obuvník,N
12891,obušek,N
12892,obvaz,N
12893,obvazový,A
12894,obvinit,V
12895,obvinění,N
12896,obviňovaný,A
12897,obviňování,N
12898,obviňovat,V
12899,obviňující,A
12900,obvod,N
12901,obvodní,A
12902,obvodový,A
12903,obvykle,D
12904,obvyklý,A
12905,obydlený,A
12906,obydlet,V
12907,obydlí,N
12908,obytný,A
12909,obyvatel,N
12910,obyvatelka,N
12911,obyvatelný,A
12912,obyvatelstvo,N
12913,obyčej,N
12914,obyčejnost,N
12915,obyčejný,A
12916,obyčejně,D
12917,obzor,N
12918,obzvláštní,A
12919,obzvlášť,D
12920,obálka,N
12921,obálkový,A
12922,obávaný,A
12923,obávat,V
12924,obézní,A
12925,obíhání,N
12926,obírat,V
12927,obývací,A
12928,obývající,A
12929,obývaný,A
12930,obývat,V
12931,obývák,N
12932,obývání,N
12933,občan,N
12934,občanka,N
12935,občanský,A
12936,občanstvo,N
12937,občanství,N
12938,občas,D
12939,občasník,N
12940,občasný,A
12941,občerstvení,N
12942,občerstvený,A
12943,občerstvit,V
12944,občerstvovací,A
12945,občerstvovat,V
12946,občánek,N
12947,oběd,N
12948,obědový,A
12949,obědvat,V
12950,oběh,N
12951,oběhový,A
12952,oběhnout,V
12953,oběsit,V
12954,obětavec,N
12955,obětavost,N
12956,obětavě,D
12957,obětavý,A
12958,obětina,N
12959,obětní,A
12960,obětovaný,A
12961,obětovat,V
12962,obětování,N
12963,oběť,N
12964,oběživo,N
12965,oběžník,N
12966,oběžný,A
12967,obřad,N
12968,obřadní,A
12969,obřadně,D
12970,obří,A
12971,obšírně,D
12972,obšírný,A
12973,obšťastnit,V
12974,obůrka,N
12975,obžaloba,N
12976,obžalovaná,N
12977,obžalovaný,N
12978,obžalovat,V
12979,obživa,N
12980,obživnout,V
12981,ocas,N
12982,ocasní,A
12983,ocel,N
12984,ocelot,N
12985,ocelový,A
12986,ocelově,D
12987,ocelárna,N
12988,ocelář,N
12989,ocelářský,A
12990,ocelářství,N
12991,ocenit,V
12992,oceněný,A
12993,ocet,N
12994,oceán,N
12995,oceánský,A
12996,oceňovaný,A
12997,oceňovat,V
12998,oceňování,N
12999,ochablost,N
13000,ochabnout,V
13001,ochabnutí,N
13002,ochabovat,V
13003,ochladit,V
13004,ochladnout,V
13005,ochlazení,N
13006,ochlazovací,A
13007,ochlazovat,V
13008,ochlazování,N
13009,ochlupení,N
13010,ochota,N
13011,ochotník,N
13012,ochoz,N
13013,ochočený,A
13014,ochočit,V
13015,ochrana,N
13016,ochranitelský,A
13017,ochranka,N
13018,ochranný,A
13019,ochranář,N
13020,ochranářský,A
13021,ochraňovat,V
13022,ochromení,N
13023,ochromený,A
13024,ochromit,V
13025,ochránce,N
13026,ochránit,V
13027,ochudit,V
13028,ochucení,N
13029,ochucený,A
13030,ochucovadlo,N
13031,ochutit,V
13032,ochutnat,V
13033,ochutnávat,V
13034,ochutnávka,N
13035,ochutnávání,N
13036,ochuzení,N
13037,ochuzený,A
13038,ocitat,V
13039,ocitnout,V
13040,octomilka,N
13041,octový,A
13042,ocásek,N
13043,odbavení,N
13044,odbavit,V
13045,odbavovací,A
13046,odbavování,N
13047,odbavovat,V
13048,odblokovat,V
13049,odblokování,N
13050,odboj,N
13051,odbojný,A
13052,odbojový,A
13053,odbojář,N
13054,odbor,N
13055,odbornice,N
13056,odbornost,N
13057,odborník,N
13058,odborný,A
13059,odborně,D
13060,odborový,A
13061,odbory,N
13062,odbourat,V
13063,odbourání,N
13064,odbourávat,V
13065,odbourávání,N
13066,odbočení,N
13067,odbočit,V
13068,odbočka,N
13069,odbočovací,A
13070,odbočovat,V
13071,odbočování,N
13072,odbyt,N
13073,odbytiště,N
13074,odbytné,N
13075,odbytový,A
13076,odbíhat,V
13077,odbíjená,N
13078,odbíjet,V
13079,odbít,V
13080,odbývat,V
13081,odběhat,V
13082,odběhnout,V
13083,odběr,N
13084,odběratel,N
13085,odběratelský,A
13086,odběrný,A
13087,odběrový,A
13088,odchod,N
13089,odchodit,V
13090,odchodné,N
13091,odchov,N
13092,odchovanec,N
13093,odchovankyně,N
13094,odchovaný,A
13095,odchovat,V
13096,odchozí,A
13097,odchycený,A
13098,odchylka,N
13099,odchylovat,V
13100,odchyt,N
13101,odchytaný,A
13102,odchytový,A
13103,odchytit,V
13104,odchytávat,V
13105,odcházet,V
13106,odchýlit,V
13107,odcizení,N
13108,odcizit,V
13109,odcizovat,V
13110,oddací,A
13111,oddanost,N
13112,oddaně,D
13113,oddat,V
13114,oddech,N
13115,oddechnout,V
13116,oddechový,A
13117,oddenek,N
13118,oddlužit,V
13119,oddych,N
13120,oddychnout,V
13121,oddychovat,V
13122,oddychový,A
13123,oddálit,V
13124,oddávající,A
13125,oddávat,V
13126,oddíl,N
13127,oddílový,A
13128,oddělení,N
13129,oddělený,A
13130,oddělit,V
13131,oddělitelný,A
13132,oddělovat,V
13133,oddělování,N
13134,odebraný,A
13135,odebrat,V
13136,odebrání,N
13137,odebírat,V
13138,odebírání,N
13139,odehnat,V
13140,odehraný,A
13141,odehrání,N
13142,odehrávající,A
13143,odehrávat,V
13144,odejmout,V
13145,odejmutí,N
13146,odejít,V
13147,odemknout,V
13148,odemykat,V
13149,odemykání,N
13150,odemčení,N
13151,odemčený,A
13152,odepisovat,V
13153,odepisování,N
13154,odepsat,V
13155,odepsání,N
13156,odepření,N
13157,odepřít,V
13158,odeslat,V
13159,odeslání,N
13160,odesílat,V
13161,odesílatel,N
13162,odesílání,N
13163,odevzdanost,N
13164,odevzdaný,A
13165,odevzdat,V
13166,odevzdání,N
13167,odevzdávat,V
13168,odevzdávání,N
13169,odeznít,V
13170,odeznění,N
13171,odezva,N
13172,odečet,N
13173,odečitatelný,A
13174,odečtení,N
13175,odfláknout,V
13176,odfouknout,V
13177,odfrknout,V
13178,odhad,N
13179,odhadce,N
13180,odhadem,D
13181,odhadnout,V
13182,odhadnutelný,A
13183,odhadní,A
13184,odhalení,N
13185,odhalený,A
13186,odhalit,V
13187,odhalitelný,A
13188,odhalování,N
13189,odhazování,N
13190,odhlasovat,V
13191,odhlučnění,N
13192,odhlásit,V
13193,odhlédnout,V
13194,odhodlanost,N
13195,odhodlaně,D
13196,odhodlaný,A
13197,odhodlat,V
13198,odhození,N
13199,odhozený,A
13200,odhrnout,V
13201,odhrnovat,V
13202,odhrnutý,A
13203,odhánět,V
13204,odházet,V
13205,odinstalovat,V
13206,odizolovat,V
13207,odjakživa,D
13208,odjet,V
13209,odjezd,N
13210,odjezdit,V
13211,odjezdový,A
13212,odjinud,D
13213,odjistit,V
13214,odjištěný,A
13215,odjíždějící,A
13216,odjíždět,V
13217,odkaliště,N
13218,odkapávat,V
13219,odkapávač,N
13220,odkaz,N
13221,odkazovat,V
13222,odkazující,A
13223,odkašlat,V
13224,odkašlávat,V
13225,odkašlávání,N
13226,odklad,N
13227,odkladiště,N
13228,odkladný,A
13229,odklepnout,V
13230,odklidit,V
13231,odklizení,N
13232,odklizený,A
13233,odklon,N
13234,odklonit,V
13235,odklonění,N
13236,odkloněný,A
13237,odklopit,V
13238,odkládací,A
13239,odkládaný,A
13240,odkládat,V
13241,odkládání,N
13242,odklízecí,A
13243,odklízení,N
13244,odklízet,V
13245,odkojený,A
13246,odkojit,V
13247,odkop,N
13248,odkopat,V
13249,odkopnout,V
13250,odkopávat,V
13251,odkoupení,N
13252,odkoupený,A
13253,odkoupit,V
13254,odkrajovat,V
13255,odkrojit,V
13256,odkrytí,N
13257,odkrytý,A
13258,odkrýt,V
13259,odkrývat,V
13260,odkrývání,N
13261,odkud,D
13262,odkudkoli,D
13263,odkudsi,D
13264,odkup,N
13265,odkvetlý,A
13266,odkvést,V
13267,odkvět,N
13268,odkázat,V
13269,odlehlost,N
13270,odlehlý,A
13271,odlehčení,N
13272,odlehčit,V
13273,odlehčovací,A
13274,odlesk,N
13275,odlesnit,V
13276,odlesňování,N
13277,odlet,N
13278,odletový,A
13279,odletět,V
13280,odleželý,A
13281,odležení,N
13282,odležet,V
13283,odlitek,N
13284,odlití,N
13285,odliv,N
13286,odličovací,A
13287,odličování,N
13288,odličovat,V
13289,odlišení,N
13290,odlišený,A
13291,odlišnost,N
13292,odlišný,A
13293,odlišovat,V
13294,odloučení,N
13295,odloučený,A
13296,odloučit,V
13297,odlov,N
13298,odložení,N
13299,odložit,V
13300,odluka,N
13301,odlučovač,N
13302,odlákat,V
13303,odlétat,V
13304,odlétnout,V
13305,odlévání,N
13306,odlévat,V
13307,odlít,V
13308,odlíčení,N
13309,odlíčit,V
13310,odmakat,V
13311,odmala,D
13312,odmalička,D
13313,odmaturovat,V
13314,odmlouvat,V
13315,odmlčet,V
13316,odmrštit,V
13317,odmyslit,V
13318,odmávnout,V
13319,odmítající,A
13320,odmítaný,A
13321,odmítat,V
13322,odmítavý,A
13323,odmítnout,V
13324,odmítnutí,N
13325,odmítání,N
13326,odměna,N
13327,odměnit,V
13328,odměrka,N
13329,odměňovaný,A
13330,odměňování,N
13331,odměňovat,V
13332,odměřeně,D
13333,odnaučit,V
13334,odnož,N
13335,odnášet,V
13336,odnést,V
13337,odnímatelný,A
13338,odněkud,D
13339,odnětí,N
13340,odolat,V
13341,odolný,A
13342,odolávající,A
13343,odolávat,V
13344,odoperovat,V
13345,odosobnit,V
13346,odosobněný,A
13347,odpad,N
13348,odpadat,V
13349,odpadek,N
13350,odpadkový,A
13351,odpadky,N
13352,odpadlík,N
13353,odpadlý,A
13354,odpadnout,V
13355,odpadnutí,N
13356,odpadní,A
13357,odpadový,A
13358,odpadávat,V
13359,odpal,N
13360,odpalovací,A
13361,odpalovat,V
13362,odpalování,N
13363,odpařit,V
13364,odpařovat,V
13365,odpařování,N
13366,odpis,N
13367,odpisování,N
13368,odpisový,A
13369,odplata,N
13370,odplavit,V
13371,odplivnout,V
13372,odplout,V
13373,odpojit,V
13374,odpojování,N
13375,odpojený,A
13376,odpoledne,D
13377,odpolední,A
13378,odpor,N
13379,odporně,D
13380,odporný,A
13381,odporovat,V
13382,odporový,A
13383,odporující,A
13384,odposlech,N
13385,odposlechnout,V
13386,odposlechový,A
13387,odposlouchávací,A
13388,odposlouchávaný,A
13389,odposlouchávat,V
13390,odposlouchávání,N
13391,odpoutat,V
13392,odpoutávat,V
13393,odpouštět,V
13394,odpovídající,A
13395,odpovídat,V
13396,odpovědnost,N
13397,odpovědnostní,A
13398,odpovědní,A
13399,odpovědný,A
13400,odpověď,N
13401,odpozorovat,V
13402,odpočatý,A
13403,odpočet,N
13404,odpočinek,N
13405,odpočinkový,A
13406,odpočinout,V
13407,odpočitatelný,A
13408,odpočítat,V
13409,odpočítávat,V
13410,odpočívadlo,N
13411,odpočívající,A
13412,odpočívat,V
13413,odpočívka,N
13414,odpočívárna,N
13415,odpracovaný,A
13416,odpracovat,V
13417,odpracování,N
13418,odpradávna,D
13419,odprezentovat,V
13420,odprodat,V
13421,odprodej,N
13422,odpružení,N
13423,odpružený,A
13424,odprášení,N
13425,odpudivý,A
13426,odpudivě,D
13427,odpustek,N
13428,odpustit,V
13429,odpustitelný,A
13430,odpuzovat,V
13431,odpuzovač,N
13432,odpykat,V
13433,odpykání,N
13434,odpálení,N
13435,odpálený,A
13436,odpálit,V
13437,odpírat,V
13438,odpírač,N
13439,odpískaný,A
13440,odpískat,V
13441,odpískání,N
13442,odpůrce,N
13443,odpůrkyně,N
13444,odradit,V
13445,odraz,N
13446,odrazit,V
13447,odrazka,N
13448,odrazovat,V
13449,odrazový,A
13450,odražený,A
13451,odreagování,N
13452,odreagovat,V
13453,odreagovávat,V
13454,odrhovačka,N
13455,odrost,N
13456,odrostlý,A
13457,odrovnat,V
13458,odročený,A
13459,odrážedlo,N
13460,odrážet,V
13461,odrůda,N
13462,odrůdový,A
13463,odrůst,V
13464,odsavač,N
13465,odseknout,V
13466,odskok,N
13467,odskákat,V
13468,odsloužený,A
13469,odsloužit,V
13470,odsoudit,V
13471,odsouhlasení,N
13472,odsouhlasený,A
13473,odsouhlasit,V
13474,odsouvat,V
13475,odsouvání,N
13476,odsouzenec,N
13477,odsouzená,N
13478,odsouzení,N
13479,odsouzeníhodný,A
13480,odsouzený,A
13481,odstartovaný,A
13482,odstartovat,V
13483,odstav,N
13484,odstavec,N
13485,odstavený,A
13486,odstavit,V
13487,odstavný,A
13488,odstavování,N
13489,odstoupení,N
13490,odstoupit,V
13491,odstranit,V
13492,odstranitelný,A
13493,odstraněný,A
13494,odstraňovat,V
13495,odstraňování,N
13496,odstrašení,N
13497,odstrašit,V
13498,odstrojit,V
13499,odstrojený,A
13500,odstrčený,A
13501,odstrčit,V
13502,odstup,N
13503,odstupné,N
13504,odstupovat,V
13505,odstátý,A
13506,odstávka,N
13507,odstín,N
13508,odstínit,V
13509,odstěhování,N
13510,odstěhovat,V
13511,odstřel,N
13512,odstřelit,V
13513,odstřelovat,V
13514,odstřelovač,N
13515,odstřihnout,V
13516,odsud,D
13517,odsudek,N
13518,odsun,N
13519,odsunovat,V
13520,odsunout,V
13521,odsunutí,N
13522,odsunutý,A
13523,odsuzovat,V
13524,odsuzování,N
13525,odsát,V
13526,odsátí,N
13527,odsávací,A
13528,odsávat,V
13529,odsávačka,N
13530,odsávání,N
13531,odtah,N
13532,odtahovka,N
13533,odtajnit,V
13534,odtajnění,N
13535,odtajněný,A
13536,odtamtud,D
13537,odtažení,N
13538,odtažený,A
13539,odtažitost,N
13540,odtažitý,A
13541,odtlačit,V
13542,odtok,N
13543,odtokový,A
13544,odtrhnout,V
13545,odtrhávat,V
13546,odtrénovat,V
13547,odtud,D
13548,odtáhnout,V
13549,odtávat,V
13550,odtéci,V
13551,odtékat,V
13552,odtěžení,N
13553,odumírající,A
13554,odumírat,V
13555,odumření,N
13556,odumřít,V
13557,odval,N
13558,odvar,N
13559,odvaz,N
13560,odvažovat,V
13561,odvděčit,V
13562,odvedenec,N
13563,odvedení,N
13564,odvedle,D
13565,odvelet,V
13566,odveta,N
13567,odvetný,A
13568,odvezení,N
13569,odvezený,A
13570,odvinout,V
13571,odvislý,A
13572,odvléci,V
13573,odvod,N
13574,odvodit,V
13575,odvodnit,V
13576,odvodní,A
13577,odvodnění,N
13578,odvodový,A
13579,odvodňovací,A
13580,odvodňovat,V
13581,odvodňování,N
13582,odvolací,A
13583,odvolat,V
13584,odvolatelně,D
13585,odvolání,N
13586,odvolávající,A
13587,odvolávání,N
13588,odvoz,N
13589,odvozenina,N
13590,odvození,N
13591,odvozit,V
13592,odvozovat,V
13593,odvracet,V
13594,odvratitelný,A
13595,odvrhnout,V
13596,odvrácení,N
13597,odvrátit,V
13598,odvykací,A
13599,odvykat,V
13600,odvykání,N
13601,odvyprávět,V
13602,odvádění,N
13603,odvádět,V
13604,odvázaný,A
13605,odvážení,N
13606,odvážet,V
13607,odvážit,V
13608,odvážlivec,N
13609,odvážný,A
13610,odvést,V
13611,odvézt,V
13612,odvíjet,V
13613,odvětrat,V
13614,odvětrání,N
13615,odvětví,N
13616,odzbrojení,N
13617,odzbrojit,V
13618,odzbrojovací,A
13619,odzbrojovat,V
13620,odzbrojování,N
13621,odzbrojující,A
13622,odzkoušený,A
13623,odznak,N
13624,odznáček,N
13625,odzpívat,V
13626,odzvonit,V
13627,odér,N
13628,odívat,V
13629,odívání,N
13630,odčerpání,N
13631,odčerpat,V
13632,odčerpávat,V
13633,odčerpávání,N
13634,odčervení,N
13635,odčervit,V
13636,odčitatelný,A
13637,odění,N
13638,oděný,A
13639,oděr,N
13640,oděrek,N
13641,oděrka,N
13642,oděv,N
13643,oděvnictví,N
13644,oděvní,A
13645,odřeknout,V
13646,odřenina,N
13647,odřený,A
13648,odřezat,V
13649,odřezek,N
13650,odřezávat,V
13651,odříci,V
13652,odříkat,V
13653,odříkávat,V
13654,odřít,V
13655,odříznout,V
13656,odříznutí,N
13657,odškodnit,V
13658,odškodnění,N
13659,odškodňovat,V
13660,odškodňování,N
13661,odškrtnout,V
13662,odškrtávat,V
13663,odštěpení,N
13664,odštěpit,V
13665,odštěpný,A
13666,odšťavňovač,N
13667,odůvodnit,V
13668,odůvodnitelný,A
13669,odůvodnění,N
13670,odůvodněný,A
13671,odůvodněně,D
13672,odůvodňovat,V
13673,ofenziva,N
13674,ofenzivní,A
13675,ofenzivně,D
13676,offroad,N
13677,oficialita,N
13678,oficiální,A
13679,ofina,N
13680,oftalmolog,N
13681,ogar,N
13682,oharek,N
13683,ohavnost,N
13684,ohavný,A
13685,ohebnost,N
13686,ohebný,A
13687,oheň,N
13688,ohlas,N
13689,ohlašovací,A
13690,ohlašovna,N
13691,ohlašování,N
13692,ohlašující,A
13693,ohled,N
13694,ohledat,V
13695,ohledně,R
13696,ohleduplnost,N
13697,ohleduplný,A
13698,ohleduplně,D
13699,ohledávat,V
13700,ohlodaný,A
13701,ohluchnout,V
13702,ohlušující,A
13703,ohlásit,V
13704,ohlávka,N
13705,ohlášený,A
13706,ohlédnout,V
13707,ohlédnutí,N
13708,ohlídat,V
13709,ohlížet,V
13710,ohnisko,N
13711,ohniskový,A
13712,ohnivý,A
13713,ohnivě,D
13714,ohniště,N
13715,ohnout,V
13716,ohnutí,N
13717,ohnutý,A
13718,ohodnocení,N
13719,ohodnotit,V
13720,oholení,N
13721,oholit,V
13722,ohon,N
13723,ohoz,N
13724,ohořelý,A
13725,ohrabaný,A
13726,ohrada,N
13727,ohradit,V
13728,ohradní,A
13729,ohradník,N
13730,ohraničení,N
13731,ohraničený,A
13732,ohraničit,V
13733,ohraničující,A
13734,ohraný,A
13735,ohrazovat,V
13736,ohrnout,V
13737,ohrnovat,V
13738,ohromení,N
13739,ohromený,A
13740,ohromit,V
13741,ohromný,A
13742,ohromovat,V
13743,ohrozit,V
13744,ohrožení,N
13745,ohrožovaný,A
13746,ohrožovat,V
13747,ohrožování,N
13748,ohrožující,A
13749,ohrádka,N
13750,ohyzdný,A
13751,ohýbaný,A
13752,ohýbat,V
13753,ohýbání,N
13754,ohýnek,N
13755,ohňostroj,N
13756,ohňový,A
13757,ohřev,N
13758,ohřát,V
13759,ohřátý,A
13760,ohřívaný,A
13761,ohřívač,N
13762,ohřívání,N
13763,ojediněle,D
13764,ojedinělost,N
13765,ojet,V
13766,ojetina,N
13767,ojetý,A
13768,ojíněný,A
13769,okamžik,N
13770,okap,N
13771,okapaný,A
13772,okapový,A
13773,okenice,N
13774,okenní,A
13775,oklamaný,A
13776,oklamat,V
13777,oklepat,V
13778,oklepávat,V
13779,oklika,N
13780,okno,N
13781,okolkovaný,A
13782,okolky,N
13783,okolnost,N
13784,okolní,A
13785,okolo,D
13786,okolí,N
13787,okomentovat,V
13788,okopávat,V
13789,okopávání,N
13790,okopírovaný,A
13791,okopírovat,V
13792,okoralý,A
13793,okoun,N
13794,okouzlení,N
13795,okouzlit,V
13796,okouzlovat,V
13797,okouzlující,A
13798,okov,N
13799,okořenit,V
13800,okořeněný,A
13801,okradení,N
13802,okraj,N
13803,okrajový,A
13804,okrasa,N
13805,okrašlovací,A
13806,okres,N
13807,okreska,N
13808,okresní,A
13809,okrouhlý,A
13810,okrsek,N
13811,okrskový,A
13812,okrskář,N
13813,okrádat,V
13814,okrádání,N
13815,okrást,V
13816,oktan,N
13817,oktanový,A
13818,oktáva,N
13819,okukovat,V
13820,okultní,A
13821,okupace,N
13822,okupant,N
13823,okupační,A
13824,okupovaný,A
13825,okupovat,V
13826,okurka,N
13827,okus,N
13828,okusit,V
13829,okvětní,A
13830,okysličení,N
13831,okysličený,A
13832,okál,N
13833,okázale,D
13834,okázalost,N
13835,okázalý,A
13836,okénko,N
13837,okýnko,N
13838,okřiknout,V
13839,olbřímí,A
13840,oleandr,N
13841,olej,N
13842,olejka,N
13843,olejnina,N
13844,olejný,A
13845,olejomalba,N
13846,olejář,N
13847,olejíček,N
13848,olemovat,V
13849,oligarcha,N
13850,oligarchie,N
13851,olistění,N
13852,olistěný,A
13853,oliva,N
13854,olivovník,N
13855,olivově,D
13856,olivový,A
13857,oloupat,V
13858,oloupení,N
13859,oloupit,V
13860,olovnatý,A
13861,olovo,N
13862,olověný,A
13863,oltář,N
13864,oltářní,A
13865,olympionik,N
13866,olympionička,N
13867,olympiáda,N
13868,olíznout,V
13869,olše,N
13870,olšina,N
13871,olšový,A
13872,omalovánka,N
13873,omalovánky,N
13874,omamný,A
13875,ombudsman,N
13876,ombudsmanka,N
13877,omdlení,N
13878,omdlévat,V
13879,omdlít,V
13880,omeleta,N
13881,omen,N
13882,omezení,N
13883,omezený,A
13884,omezit,V
13885,omezovat,V
13886,omezovač,N
13887,omezování,N
13888,omilostnit,V
13889,omladina,N
13890,omladit,V
13891,omlazení,N
13892,omlazovací,A
13893,omlazování,N
13894,omlazující,A
13895,omletý,A
13896,omluva,N
13897,omluvený,A
13898,omluvit,V
13899,omluvný,A
13900,omlátit,V
13901,omotat,V
13902,omotávat,V
13903,omrknout,V
13904,omrzet,V
13905,omrznout,V
13906,omráčený,A
13907,omráčit,V
13908,omyl,N
13909,omytí,N
13910,omytý,A
13911,omyvatelný,A
13912,omámení,N
13913,omámený,A
13914,omámit,V
13915,omáčka,N
13916,omítka,N
13917,omítkový,A
13918,omítnout,V
13919,omítnutý,A
13920,omývání,N
13921,omýt,V
13922,onak,D
13923,onanie,N
13924,ondatra,N
13925,onemocnění,N
13926,onemocnět,V
13927,onen,P
13928,onkologicky,D
13929,onkologie,N
13930,online,A
13931,ontologie,N
13932,onyx,N
13933,oněmět,V
13934,opadat,V
13935,opadavý,A
13936,opadnout,V
13937,opadnutí,N
13938,opakovací,A
13939,opakovat,V
13940,opakování,N
13941,opakující,A
13942,opalovací,A
13943,opalovat,V
13944,opanovat,V
13945,opar,N
13946,opasek,N
13947,opat,N
13948,opatrnost,N
13949,opatrný,A
13950,opatrně,D
13951,opatrovat,V
13952,opatrovnice,N
13953,opatrovnický,A
13954,opatrovník,N
13955,opatrování,N
13956,opatský,A
13957,opatství,N
13958,opatření,N
13959,opatřený,A
13960,opatřit,V
13961,opatřovat,V
13962,opačně,D
13963,opačný,A
13964,opaření,N
13965,opařený,A
13966,opařit,N
13967,opce,N
13968,opepřený,A
13969,opepřit,V
13970,opera,N
13971,operace,N
13972,operativa,N
13973,operativnost,N
13974,operativní,A
13975,operativně,D
13976,operatér,N
13977,operační,A
13978,opereta,N
13979,operetní,A
13980,operní,A
13981,operovat,V
13982,operující,A
13983,operátor,N
13984,operátorka,N
13985,operátorský,A
13986,opevnit,V
13987,opevnění,N
13988,opevněný,A
13989,opečení,N
13990,opečovat,V
13991,opečovávat,V
13992,opečovávaný,A
13993,opeřenec,N
13994,opice,N
13995,opilec,N
13996,opilství,N
13997,opilý,A
13998,opioid,N
13999,opiový,A
14000,opis,N
14001,opisování,N
14002,opium,N
14003,opiát,N
14004,opička,N
14005,opičák,N
14006,opičí,A
14007,oplakat,V
14008,oplakávat,V
14009,oplatek,N
14010,oplatit,V
14011,oplatka,N
14012,oplocení,N
14013,oplocený,A
14014,oplodnění,N
14015,oplodněný,A
14016,odplodnit,V
14017,oplotit,V
14018,oplození,N
14019,oplozený,A
14020,oplácaný,A
14021,oplácet,V
14022,opláchnout,V
14023,oplátka,N
14024,oplývat,V
14025,opodstatnění,N
14026,opodstatněný,A
14027,opodál,D
14028,opojení,N
14029,opojený,A
14030,opojit,V
14031,opojný,A
14032,opomenout,V
14033,opomenutí,N
14034,opomenutý,A
14035,opona,N
14036,oponent,N
14037,oponentní,A
14038,oponentura,N
14039,opotřebení,N
14040,opotřebený,A
14041,opotřebit,V
14042,opotřebovaný,A
14043,opotřebování,N
14044,opotřebovat,V
14045,opouštění,N
14046,opouštět,V
14047,opovržení,N
14048,opozdit,V
14049,opozice,N
14050,opožděný,A
14051,oppidum,N
14052,opracovaný,A
14053,opracovat,V
14054,opracování,N
14055,opracovávat,V
14056,opraný,A
14057,oprava,N
14058,opravdovost,N
14059,opravdový,A
14060,opravdově,D
14061,opravdu,T
14062,opravení,N
14063,opravený,A
14064,opravit,V
14065,opravitelný,A
14066,opravna,N
14067,opravný,A
14068,opravovaný,A
14069,opravovat,V
14070,opravování,N
14071,opravář,N
14072,opravňovat,V
14073,opravňující,A
14074,oprať,N
14075,opražený,A
14076,opražit,V
14077,oprostit,V
14078,oproti,R
14079,oproštěný,A
14080,opruzenina,N
14081,oprátka,N
14082,oprávněnost,N
14083,oprávnění,N
14084,oprávněný,A
14085,oprávněně,D
14086,oprášený,A
14087,oprášit,V
14088,oprýskaný,A
14089,opsat,V
14090,optický,A
14091,optik,N
14092,optika,N
14093,optimalizace,N
14094,optimalizační,A
14095,optimalizovaný,A
14096,optimalizovat,V
14097,optimisticky,D
14098,optimistický,A
14099,optimista,N
14100,optimistka,N
14101,optimum,N
14102,optimálně,D
14103,optimální,A
14104,opuchlý,A
14105,opuka,N
14106,opukový,A
14107,opulentní,A
14108,opus,N
14109,opustit,V
14110,opuštěnost,N
14111,opuštění,N
14112,opuštěný,A
14113,opuštěně,D
14114,opylení,N
14115,opylovat,V
14116,opylovač,N
14117,opylování,N
14118,opylovat,V
14119,opájet,V
14120,opál,N
14121,opálení,N
14122,opálený,A
14123,opálit,V
14124,opáčit,V
14125,opéci,V
14126,opékaný,A
14127,opékat,V
14128,opékání,N
14129,opírající,A
14130,opírat,V
14131,opít,V
14132,opční,A
14133,opěra,N
14134,opěradlo,N
14135,opěrka,N
14136,opěrný,A
14137,opěrák,N
14138,opětný,A
14139,opětně,D
14140,opětovný,A
14141,opětovně,D
14142,opěvovaný,A
14143,opětovat,V
14144,opříst,V
14145,orangutan,N
14146,oraný,A
14147,oranžerie,N
14148,orat,V
14149,oratorium,N
14150,oratoř,N
14151,orba,N
14152,orbit,N
14153,orbitální,A
14154,orchestr,N
14155,orchestrální,A
14156,orchidej,N
14157,ordinace,N
14158,ordinační,A
14159,ordinovat,V
14160,orel,N
14161,orestovaný,A
14162,orestovat,V
14163,organicky,D
14164,organický,A
14165,organizace,N
14166,organizačně,D
14167,organzační,A
14168,organizmus,N
14169,organizovanost,N
14170,organizovaný,A
14171,organizovat,V
14172,organizující,A
14173,organizátor,N
14174,organizátorka,N
14175,organizátorský,A
14176,organizér,N
14177,orgasmus,N
14178,orgie,N
14179,orgán,N
14180,orgánový,A
14181,orient,N
14182,orientace,N
14183,orientalista,N
14184,orientačně,D
14185,orientovaný,A
14186,orientující,A
14187,orientální,A
14188,origami,N
14189,originál,N
14190,originální,A
14191,orkán,N
14192,orlice,N
14193,orlovna,N
14194,orlí,A
14195,ornament,N
14196,ornamentální,A
14197,ornice,N
14198,ornitolog,N
14199,ornitologický,A
14200,ornitologie,N
14201,orobinec,N
14202,orosený,A
14203,orosit,V
14204,ortodoxní,A
14205,ortoped,N
14206,ortopedie,N
14207,ortéza,N
14208,orální,A
14209,orámovaný,A
14210,orámovat,V
14211,oráč,N
14212,osada,N
14213,osadní,A
14214,osahat,V
14215,osahávat,V
14216,osahávání,N
14217,osamocení,N
14218,osamostatnit,V
14219,osamostatnění,N
14220,osaměle,D
14221,osamělost,N
14222,osamělý,A
14223,osamění,N
14224,osamět,V
14225,osazování,N
14226,oscilace,N
14227,oscilovat,V
14228,oscilující,A
14229,oscilátor,N
14230,osekat,V
14231,osekání,N
14232,osekávat,V
14233,osel,N
14234,osení,N
14235,osetý,A
14236,osev,N
14237,osevní,A
14238,osidlo,N
14239,osidlovat,V
14240,osidlování,N
14241,osika,N
14242,osinek,N
14243,osivo,N
14244,osiřelý,A
14245,osiřet,V
14246,oslabený,A
14247,oslabit,V
14248,oslabování,N
14249,oslabující,A
14250,osladit,V
14251,oslava,N
14252,oslavenec,N
14253,oslavenkyně,N
14254,oslavit,V
14255,oslavovaný,A
14256,oslavovat,V
14257,oslavování,N
14258,oslazený,A
14259,oslepit,V
14260,oslepnout,V
14261,oslepnutí,N
14262,oslepující,A
14263,oslnit,V
14264,oslnivý,A
14265,oslovení,N
14266,oslovený,A
14267,oslovit,V
14268,oslovování,N
14269,oslovující,A
14270,oslí,A
14271,oslík,N
14272,oslňující,A
14273,osmahnout,V
14274,osmifinále,N
14275,osmička,N
14276,osmák,N
14277,osmělit,V
14278,osnova,N
14279,osoba,N
14280,osobitě,D
14281,osobitost,N
14282,osobitý,A
14283,osobnost,N
14284,osobnostní,A
14285,osobní,A
14286,osobně,D
14287,osobák,N
14288,osolený,A
14289,osolit,V
14290,osový,A
14291,osočení,N
14292,osočit,V
14293,ospalost,N
14294,ospalý,A
14295,ospravedlnit,V
14296,osprchovat,V
14297,ostatkový,A
14298,ostatky,N
14299,ostatní,A
14300,ostatně,T
14301,osten,N
14302,ostnatý,A
14303,ostražitý,A
14304,ostražitě,D
14305,ostroh,N
14306,ostropestřec,N
14307,ostrost,N
14308,ostrostřelec,N
14309,ostrouhat,V
14310,ostrov,N
14311,ostrovan,N
14312,ostružina,N
14313,ostružinový,A
14314,ostružiník,N
14315,ostrý,A
14316,ostrůvek,N
14317,ostuda,N
14318,ostych,N
14319,ostýchat,V
14320,ostýchavý,A
14321,ostýchavě,D
14322,ostřice,N
14323,ostřikovač,N
14324,ostřit,V
14325,ostří,N
14326,ostříhaný,A
14327,ostříhat,V
14328,ostříhání,N
14329,ostřílený,A
14330,ostříž,N
14331,ostříží,A
14332,osud,N
14333,osudný,A
14334,osudovost,N
14335,osudově,D
14336,osudí,N
14337,osušený,A
14338,osušit,V
14339,osuška,N
14340,osvobodit,V
14341,osvoboditel,N
14342,osvobození,N
14343,osvobozený,A
14344,osvobozování,N
14345,osvobozující,A
14346,osvojení,N
14347,osvojit,V
14348,osvojitel,N
14349,osvojovat,V
14350,osvojování,N
14351,osvícenec,N
14352,osvícenský,A
14353,osvícení,N
14354,osvícený,A
14355,osvítit,V
14356,osvědčení,N
14357,osvěta,N
14358,osvětlení,N
14359,osvětlit,V
14360,osvětlovací,A
14361,osvětlovat,V
14362,osvětlovač,N
14363,osvětlování,N
14364,osvětlující,A
14365,osvěžit,V
14366,osvěžovač,N
14367,osvěžovna,N
14368,osázení,N
14369,osázet,V
14370,osídlenec,N
14371,osídlení,N
14372,osídlený,A
14373,osídlit,V
14374,osídlovat,V
14375,osídlování,N
14376,otazník,N
14377,otec,N
14378,oteklý,A
14379,oteplení,N
14380,oteplit,V
14381,otesaný,A
14382,otestovaný,A
14383,otestování,N
14384,otestovat,V
14385,otevírající,A
14386,otevírat,V
14387,otevírání,N
14388,otevřenost,N
14389,otevření,N
14390,otevřeně,D
14391,otevřený,A
14392,otevřít,V
14393,otisk,N
14394,otisknout,V
14395,otištění,N
14396,otištěný,A
14397,otlak,N
14398,otloukánek,N
14399,otok,N
14400,otop,N
14401,otopný,A
14402,otočení,N
14403,otočený,A
14404,otočit,V
14405,otočka,N
14406,otočný,A
14407,otrava,N
14408,otravný,A
14409,otravovat,V
14410,otrhat,V
14411,otrlost,N
14412,otrlý,A
14413,otrok,N
14414,otrokyně,N
14415,otrokář,N
14416,otrávení,N
14417,otráveně,D
14418,otupit,V
14419,otupělost,N
14420,otupělý,A
14421,otužilec,N
14422,otužilý,A
14423,otužovat,V
14424,otužování,N
14425,otvor,N
14426,otvorový,A
14427,otvírák,N
14428,otylý,A
14429,otálení,N
14430,otálet,N
14431,otázat,V
14432,otázka,N
14433,otáčecí,A
14434,otáčející,A
14435,otáčení,N
14436,otáčet,V
14437,otáčivý,A
14438,otáčka,N
14439,otáčkoměr,N
14440,otéci,V
14441,otírat,V
14442,otčenáš,N
14443,otčím,N
14444,otěhotnění,N
14445,otěhotnět,V
14446,otěr,N
14447,otěž,N
14448,otřepaný,A
14449,otřepat,V
14450,otřes,N
14451,otřesený,A
14452,otřesný,A
14453,otřásat,V
14454,otřást,V
14455,otřít,V
14456,outfit,N
14457,outlet,N
14458,ouško,N
14459,ovace,N
14460,ovanout,V
14461,ovar,N
14462,ovce,N
14463,overal,N
14464,oves,N
14465,ovečka,N
14466,ovinout,V
14467,ovladatelnost,N
14468,ovladatelný,A
14469,ovladač,N
14470,ovlivnit,V
14471,ovlivněný,A
14472,ovlivňovaný,A
14473,ovlivňování,N
14474,ovlivňovat,V
14475,ovlivňující,A
14476,ovládací,A
14477,ovládaný,A
14478,ovládat,V
14479,ovládnout,V
14480,ovládnutí,N
14481,ovládání,N
14482,ovoce,N
14483,ovocnářství,N
14484,ovocný,A
14485,ovulace,N
14486,ovzduší,N
14487,ovál,N
14488,oválný,A
14489,ovázaný,A
14490,ovázat,V
14491,ovčácký,A
14492,ovčák,N
14493,ovčín,N
14494,ověsit,V
14495,ověření,N
14496,ověřit,V
14497,ověřitelný,A
14498,ověřovací,A
14499,ověřovat,V
14500,ověřování,N
14501,oxid,N
14502,oxidační,A
14503,oxidovat,V
14504,oxytocin,N
14505,ozařování,N
14506,ozbrojený,A
14507,ozbrojování,N
14508,ozbrojit,V
14509,ozdoba,N
14510,ozdobení,N
14511,ozdobit,V
14512,ozdobný,A
14513,ozdravení,N
14514,ozdravný,A
14515,ozdravovna,N
14516,ozdravování,N
14517,ozdůbka,N
14518,ozim,N
14519,ozkoušet,V
14520,oznamovací,A
14521,oznamovat,V
14522,oznamovatel,N
14523,oznamovatelka,N
14524,označený,A
14525,označit,V
14526,označovat,V
14527,oznámení,N
14528,oznámený,A
14529,oznámit,V
14530,oznámkovat,V
14531,ozubení,N
14532,ozubnicový,A
14533,ozvat,V
14534,ozvuk,N
14535,ozvučení,N
14536,ozvučený,A
14537,ozvučnice,N
14538,ozvěna,N
14539,ozáření,N
14540,ozářit,V
14541,ozón,N
14542,ozónový,A
14543,ozřejmit,V
14544,oáza,N
14545,očarovat,V
14546,očekávající,A
14547,očekávaně,D
14548,očekávat,V
14549,očekávatelný,A
14550,očekávání,N
14551,očesat,V
14552,očichat,V
14553,očista,N
14554,očistec,N
14555,očistit,V
14556,očistný,A
14557,očividně,D
14558,očividný,A
14559,očištěný,A
14560,očišťovat,V
14561,očko,N
14562,očkovací,A
14563,očkovaný,A
14564,očkování,N
14565,očkovat,V
14566,očnice,N
14567,oční,A
14568,očíslovaný,A
14569,očíslovat,V
14570,ořech,N
14571,ořechovec,N
14572,ořez,N
14573,ořezat,V
14574,ořezání,N
14575,ořezávat,V
14576,ořezávání,N
14577,ořezávátko,N
14578,ořešák,N
14579,oříznout,V
14580,oříšek,N
14581,oříškový,A
14582,ošacení,N
14583,ošatit,V
14584,ošatka,N
14585,ošemetný,A
14586,ošetření,N
14587,ošetřený,A
14588,ošetřit,V
14589,ošetřovaný,A
14590,ošetřovat,V
14591,ošetřovatel,N
14592,ošetřovatelka,N
14593,ošetřovatelský,A
14594,ošetřovatelství,N
14595,ošetřovné,N
14596,ošetřující,A
14597,ošidit,V
14598,ošizený,A
14599,ošklivost,N
14600,ošklivý,A
14601,ošklivě,D
14602,oškrábat,V
14603,oškubat,V
14604,ošlehaný,A
14605,ošoupaný,A
14606,ošoupat,N
14607,oštěp,N
14608,oštěpař,N
14609,oštěpařka,N
14610,oštěpařský,A
14611,ošuntělý,A
14612,oťukat,V
14613,oťukávat,V
14614,oťukávání,N
14615,ožebračit,V
14616,oženit,V
14617,oživení,N
14618,oživit,V
14619,oživovací,A
14620,oživovat,V
14621,oživování,N
14622,ožrala,N
14623,ožralý,A
14624,ožít,V
14625,pach,N
14626,pachatel,N
14627,pachatelka,N
14628,pacholík,N
14629,pachový,A
14630,pachuť,N
14631,pacient,N
14632,pacientka,N
14633,pacientský,A
14634,pacifikovat,V
14635,pacifista,N
14636,pacifistický,A
14637,pacička,N
14638,packa,N
14639,padací,A
14640,padat,V
14641,paddock,N
14642,padlí,N
14643,padnoucí,A
14644,padnout,V
14645,padnutí,N
14646,padouch,N
14647,padák,N
14648,padákový,A
14649,padání,N
14650,padáček,N
14651,padělat,V
14652,padělatel,N
14653,padělatelský,A
14654,padělání,N
14655,pagoda,N
14656,pahorek,N
14657,pahorkatina,N
14658,pahrbek,N
14659,pakatel,N
14660,paket,N
14661,pakovat,V
14662,pakt,N
14663,pakáž,N
14664,pakůň,N
14665,palanda,N
14666,palačinka,N
14667,palba,N
14668,palcový,A
14669,palcát,N
14670,palec,N
14671,paleolit,N
14672,paleolitický,A
14673,paleontolog,N
14674,paleontologie,N
14675,paleta,N
14676,paletka,N
14677,paleto,N
14678,paletový,A
14679,paleček,N
14680,palice,N
14681,palisáda,N
14682,palivo,N
14683,palič,N
14684,palička,N
14685,paličkování,N
14686,palma,N
14687,palný,A
14688,palouk,N
14689,palouček,N
14690,paluba,N
14691,palubka,N
14692,palubní,A
14693,palubovka,N
14694,palác,N
14695,palácový,A
14696,palírna,N
14697,pamatovat,V
14698,pamatující,A
14699,pamflet,N
14700,pamlsek,N
14701,pampeliška,N
14702,pampeliškový,A
14703,památeční,A
14704,památka,N
14705,památkový,A
14706,památkově,D
14707,památkář,N
14708,památník,N
14709,památníček,N
14710,paměti,N
14711,pamětihodnost,N
14712,pamětihodný,A
14713,pamětnice,N
14714,pamětnický,A
14715,pamětní,A
14716,pamětník,N
14717,paměť,N
14718,paměťový,A
14719,pancéřový,A
14720,pancíř,N
14721,panda,N
14722,pandemický,A
14723,pandemie,N
14724,pandur,N
14725,pandí,A
14726,panel,N
14727,panelový,A
14728,panelák,N
14729,panenka,N
14730,panenství,N
14731,panic,N
14732,panický,A
14733,panictví,N
14734,panika,N
14735,panikařit,V
14736,panička,N
14737,panna,N
14738,panoptikum,N
14739,panorama,N
14740,panoramatický,A
14741,panovat,V
14742,panovnice,N
14743,panovnický,A
14744,panovník,N
14745,panování,N
14746,panoš,N
14747,panoší,A
14748,panský,A
14749,panstvo,N
14750,panství,N
14751,pant,N
14752,panter,N
14753,panthenol,N
14754,pantofel,N
14755,pantofle,N
14756,pantograf,N
14757,pantomima,N
14758,pantomimický,A
14759,panák,N
14760,panáček,N
14761,paní,N
14762,papat,V
14763,papež,N
14764,papoušek,N
14765,papouščí,A
14766,paprika,N
14767,paprikový,A
14768,paprička,N
14769,papuče,N
14770,papyrus,N
14771,papája,N
14772,papír,N
14773,papírek,N
14774,papírenský,A
14775,papírna,N
14776,papírnictví,N
14777,papírový,A
14778,parabola,N
14779,parabolický,A
14780,paradigma,N
14781,paradox,N
14782,parafráze,N
14783,parafrázovat,V
14784,parafín,N
14785,paragon,N
14786,paragraf,N
14787,paragrafovaný,A
14788,paragrafový,A
14789,paralela,N
14790,paralelní,A
14791,paralelně,D
14792,paralympionik,N
14793,paralympiáda,N
14794,paralyzovaný,A
14795,paralyzovat,V
14796,paranoia,N
14797,paranoidní,A
14798,paranoik,N
14799,paranormální,A
14800,parapet,N
14801,paraván,N
14802,parazit,N
14803,parcela,N
14804,parciální,A
14805,pardál,N
14806,parfemace,N
14807,parforsní,A
14808,parfumerie,N
14809,parfém,N
14810,parfémovaný,A
14811,parfémový,A
14812,parita,N
14813,park,N
14814,parka,N
14815,parket,N
14816,parketa,N
14817,parketový,A
14818,parkour,N
14819,parkovací,A
14820,parkovat,V
14821,parkoviště,N
14822,parkovné,N
14823,parkový,A
14824,parkující,A
14825,parkur,N
14826,parkurový,A
14827,parkán,N
14828,parlament,N
14829,parlamentní,A
14830,parmazán,N
14831,parno,N
14832,parník,N
14833,parníček,N
14834,parný,A
14835,parodický,A
14836,parodie,N
14837,parodontóza,N
14838,parodovat,V
14839,paroh,N
14840,paroháč,N
14841,parotěsný,A
14842,parovod,N
14843,paroží,N
14844,parta,N
14845,partaj,N
14846,parte,N
14847,parter,N
14848,participace,N
14849,participovat,V
14850,partie,N
14851,partička,N
14852,partner,N
14853,partnerka,N
14854,partnerství,N
14855,partyzán,N
14856,partyzána,N
14857,partyzánský,A
14858,paruka,N
14859,parukář,N
14860,parukářka,N
14861,paráda,N
14862,parádička,N
14863,parádnice,N
14864,parádní,A
14865,parádně,D
14866,parťák,N
14867,parůžek,N
14868,pasažér,N
14869,pasažérka,N
14870,paseka,N
14871,pasení,N
14872,pasivita,N
14873,pasivní,A
14874,pasivně,D
14875,pasivum,N
14876,paskvil,N
14877,pasoucí,A
14878,pasovat,V
14879,pasový,A
14880,past,N
14881,pasta,N
14882,pastel,N
14883,pastelka,N
14884,pastelový,A
14885,pastevec,N
14886,pastevectví,N
14887,pastevní,A
14888,pastinák,N
14889,pastička,N
14890,pastor,N
14891,pastorační,A
14892,pastouška,N
14893,pastva,N
14894,pastvina,N
14895,pastýř,N
14896,pastýřský,A
14897,pasák,N
14898,pasáček,N
14899,pasé,A
14900,pasťák,N
14901,pata,N
14902,patent,N
14903,patentní,A
14904,patentovaný,A
14905,patentovat,V
14906,patentový,A
14907,paterče,N
14908,pateticky,D
14909,patetický,A
14910,patina,N
14911,patio,N
14912,patka,N
14913,patlat,V
14914,patní,A
14915,patník,N
14916,patogen,N
14917,patogenní,A
14918,patolog,N
14919,patologický,A
14920,patologie,N
14921,patový,A
14922,patriarcha,N
14923,patriarchální,A
14924,patriarchát,N
14925,patriot,N
14926,patriotismus,N
14927,patriotka,N
14928,patrný,A
14929,patrně,T
14930,patro,N
14931,patrola,N
14932,patron,N
14933,patrona,N
14934,patrový,A
14935,patálie,N
14936,patřit,V
14937,patřičný,A
14938,patřící,A
14939,patřívat,V
14940,pauza,N
14941,paušalizovat,V
14942,paušál,N
14943,paušálně,D
14944,pavilon,N
14945,pavián,N
14946,pavlač,N
14947,pavlačový,A
14948,pavouk,N
14949,pavouček,N
14950,pavoučí,A
14951,pavučina,N
14952,pavučinka,N
14953,pazneht,N
14954,pazourek,N
14955,pařba,N
14956,pařeniště,N
14957,pařez,N
14958,pařit,V
14959,pařák,N
14960,pařát,N
14961,pašerák,N
14962,pašijový,A
14963,paškál,N
14964,pašovaný,A
14965,pašování,N
14966,pašovat,V
14967,paštika,N
14968,pašík,N
14969,pažba,N
14970,paže,N
14971,pažit,N
14972,pažní,A
14973,pcháč,N
14974,pecen,N
14975,pech,N
14976,pecivál,N
14977,pecka,N
14978,peckovina,N
14979,pedagogický,A
14980,pedagogika,N
14981,pedagog,N
14982,pedagožka,N
14983,pediatr,N
14984,pediatrický,A
14985,pediatrie,N
14986,pediatrička,N
14987,pedikúra,N
14988,pedál,N
14989,pejsek,N
14990,pejskař,N
14991,pekař,N
14992,pekařka,N
14993,pekařský,A
14994,pekařství,N
14995,pekelník,N
14996,peklo,N
14997,pekárenský,A
14998,pekárna,N
14999,pekáč,N
15000,pekáček,N
15001,pelargonie,N
15002,pelech,N
15003,pelerína,N
15004,pelest,N
15005,peleta,N
15006,peloton,N
15007,pelyněk,N
15008,pelíšek,N
15009,penalizace,N
15010,penalizovat,V
15011,penetrace,N
15012,penetrační,A
15013,pentagon,N
15014,pentium,N
15015,penze,N
15016,penzijní,A
15017,penzion,N
15018,penzionovaný,A
15019,penzista,N
15020,penzum,N
15021,penál,N
15022,penále,N
15023,peníz,N
15024,peníze,N
15025,penízek,N
15026,peněženka,N
15027,peněžitý,A
15028,peněžnictví,N
15029,peněžní,A
15030,peprný,A
15031,peptid,N
15032,pepř,N
15033,perfekcionismus,N
15034,perfekcionista,N
15035,perfektní,A
15036,performance,N
15037,performer,N
15038,performerka,N
15039,pergamen,N
15040,pergamenový,A
15041,pergola,N
15042,periferie,N
15043,perimetr,N
15044,perioda,N
15045,periodicita,N
15046,periodikum,N
15047,peripetie,N
15048,periskop,N
15049,peristaltika,N
15050,perkuse,N
15051,perkusionista,N
15052,perkusista,N
15053,perkusní,A
15054,perla,N
15055,perlení,N
15056,perleť,N
15057,perlit,V
15058,perlivý,A
15059,perlička,N
15060,perličkový,A
15061,perlorodka,N
15062,permanentka,N
15063,permanentní,A
15064,permanentně,D
15065,permoník,N
15066,pernatý,A
15067,perník,N
15068,perníkář,N
15069,perníkářka,N
15070,perníček,N
15071,pero,N
15072,perokresba,N
15073,perorální,A
15074,peroxid,N
15075,persona,N
15076,personalista,N
15077,personalistika,N
15078,personalistka,N
15079,personalizace,N
15080,personalizovaný,A
15081,personifikace,N
15082,personálie,N
15083,personálně,D
15084,perspektiva,N
15085,perspektivně,D
15086,peruť,N
15087,perverze,N
15088,perzekuce,N
15089,perón,N
15090,pesach,N
15091,peseta,N
15092,pesimista,N
15093,pesimisticky,D
15094,pesimistický,A
15095,peskovat,V
15096,pesticid,N
15097,pestrost,N
15098,pestře,D
15099,pestrý,A
15100,petarda,N
15101,petice,N
15102,petiční,A
15103,petka,N
15104,petlice,N
15105,petrklíč,N
15106,petrochemie,N
15107,petrolej,N
15108,petrolejka,N
15109,petržel,N
15110,petrželka,N
15111,petúnie,N
15112,pevnina,N
15113,pevninský,A
15114,pevnost,N
15115,pevnostní,A
15116,pevně,D
15117,pevný,A
15118,pevnůstka,N
15119,pexeso,N
15120,pečení,N
15121,pečeně,N
15122,pečeť,N
15123,pečicí,A
15124,pečlivost,N
15125,pečlivý,A
15126,pečlivě,D
15127,pečovat,V
15128,pečovatel,N
15129,pečovatelka,N
15130,pečující,A
15131,pečínka,N
15132,peřej,N
15133,peřina,N
15134,peřinka,N
15135,pianino,N
15136,pianista,N
15137,pianistka,N
15138,piarista,N
15139,pichlavý,A
15140,piedestal,N
15141,pieta,N
15142,pietní,A
15143,pietně,D
15144,pifka,N
15145,pigment,N
15146,pigmentový,A
15147,piha,N
15148,piják,N
15149,pikantnost,N
15150,pikantní,A
15151,pikle,N
15152,piknik,N
15153,piknikový,A
15154,pikola,N
15155,pikový,A
15156,piksla,N
15157,piktogram,N
15158,pila,N
15159,pilates,N
15160,pilař,N
15161,pilný,A
15162,pilot,N
15163,pilotka,N
15164,pilotní,A
15165,pilotovaný,A
15166,pilotovat,V
15167,pilotování,N
15168,pilotáž,N
15169,pilovat,V
15170,pilování,N
15171,pilový,A
15172,pilulka,N
15173,pilíř,N
15174,piniový,A
15175,pinkat,V
15176,pinzeta,N
15177,pinč,N
15178,pionýr,N
15179,pionýrský,A
15180,piplat,V
15181,piraňa,N
15182,piroh,N
15183,pirueta,N
15184,pirát,N
15185,pirátství,N
15186,pisatel,N
15187,pisatelka,N
15188,pisoár,N
15189,pistole,N
15190,pistolník,N
15191,pistolový,A
15192,pistácie,N
15193,pistáciový,A
15194,pisálek,N
15195,pitaval,N
15196,pitevna,N
15197,pitevní,A
15198,pitva,N
15199,pití,N
15200,pivař,N
15201,pivko,N
15202,pivnice,N
15203,pivo,N
15204,pivot,N
15205,pivotka,N
15206,pivovar,N
15207,pivovarnický,A
15208,pivovarnictví,N
15209,pivovarník,N
15210,pivovarský,A
15211,pivoňka,N
15212,pixel,N
15213,pizza,N
15214,pizzerie,N
15215,piáno,N
15216,piškot,N
15217,piškotový,A
15218,piškvorka,N
15219,plac,N
15220,placatka,N
15221,placatý,A
15222,placenta,N
15223,placení,N
15224,placený,A
15225,plachetnice,N
15226,plachost,N
15227,plachý,A
15228,plachta,N
15229,plachtař,N
15230,plachtařský,A
15231,plachtit,V
15232,plachtící,A
15233,plachtění,N
15234,placička,N
15235,placka,N
15236,placírka,N
15237,plagiát,N
15238,plagiátor,N
15239,plagiátorství,N
15240,plak,N
15241,plakat,V
15242,plaketa,N
15243,plakát,N
15244,plakátovací,A
15245,plakátový,A
15246,plamen,N
15247,plamenomet,N
15248,plamének,N
15249,plamínek,N
15250,plandavý,A
15251,planeta,N
15252,planetka,N
15253,planetový,A
15254,planetárium,N
15255,planina,N
15256,planoucí,A
15257,planout,V
15258,planě,D
15259,planý,A
15260,plast,N
15261,plasticky,D
15262,plastický,A
15263,plastik,N
15264,plastika,N
15265,plastikový,A
15266,plastikářský,A
15267,plastičnost,N
15268,plat,N
15269,platan,N
15270,platba,N
15271,platební,A
15272,platforma,N
15273,platidlo,N
15274,platina,N
15275,platit,V
15276,platný,A
15277,platně,D
15278,plato,N
15279,platový,A
15280,platově,D
15281,platící,A
15282,plavat,V
15283,plavba,N
15284,plavební,A
15285,plavec,N
15286,plavecký,A
15287,plavidlo,N
15288,plavit,V
15289,plavkový,A
15290,plavky,N
15291,plavkyně,N
15292,plavý,A
15293,plavčice,N
15294,plavčík,N
15295,plaz,N
15296,plazit,V
15297,plazma,N
15298,plazmatický,A
15299,plazmový,A
15300,plačtivý,A
15301,plaňka,N
15302,plaše,D
15303,plašení,N
15304,plašit,V
15305,plebejec,N
15306,plebiscit,N
15307,plec,N
15308,plech,N
15309,plechovka,N
15310,plechovkový,A
15311,plechový,A
15312,plejtvák,N
15313,plejáda,N
15314,plemenice,N
15315,plemenitba,N
15316,plemeno,N
15317,plemenářský,A
15318,plemeník,N
15319,plena,N
15320,plenit,V
15321,plenka,N
15322,plenta,N
15323,plenární,A
15324,plenér,N
15325,plenérový,A
15326,plenění,N
15327,ples,N
15328,pleskat,V
15329,plesknout,V
15330,plesnivý,A
15331,plesnivět,V
15332,pleso,N
15333,plesový,A
15334,pletací,A
15335,pletenec,N
15336,pletenina,N
15337,pletení,N
15338,pleticha,N
15339,pletivo,N
15340,pletky,N
15341,pleva,N
15342,plevel,N
15343,plevelný,A
15344,plexisklo,N
15345,pleš,N
15346,plešatý,A
15347,plešný,A
15348,pleť,N
15349,pleťový,A
15350,plichta,N
15351,plichtit,V
15352,plicní,A
15353,plivanec,N
15354,plivat,V
15355,plivání,N
15356,plnicí,A
15357,plnit,V
15358,plnivo,N
15359,plno,D
15360,plnohodnotný,A
15361,plnokrevník,N
15362,plnoletost,N
15363,plnoletý,A
15364,plnost,N
15365,plnovous,N
15366,plnoštíhlý,A
15367,plnící,A
15368,plný,A
15369,plně,D
15370,plnění,N
15371,plněný,A
15372,plocha,N
15373,plochý,A
15374,plod,N
15375,plodina,N
15376,plodinový,A
15377,plodnice,N
15378,plodnost,N
15379,plodný,A
15380,plodový,A
15381,plodící,A
15382,plomba,N
15383,plot,N
15384,plotice,N
15385,plotna,N
15386,plotní,A
15387,plotový,A
15388,ploténka,N
15389,plout,V
15390,ploutev,N
15391,ploutvový,A
15392,ploužák,N
15393,plovací,A
15394,plovák,N
15395,plovárna,N
15396,plození,N
15397,plošina,N
15398,plošinka,N
15399,plošinář,N
15400,ploška,N
15401,plošný,A
15402,plošně,D
15403,ploštice,N
15404,plstění,N
15405,plstěný,A
15406,pluh,N
15407,pluk,N
15408,plukovník,N
15409,pluralismus,N
15410,pluralita,N
15411,plus,N
15412,plusový,A
15413,plutonium,N
15414,plynatost,N
15415,plynař,N
15416,plynařský,A
15417,plynný,A
15418,plynofikace,N
15419,plynojem,N
15420,plynoměr,N
15421,plynout,V
15422,plynovod,N
15423,plynovodní,A
15424,plynový,A
15425,plynule,D
15426,plynulost,N
15427,plynutí,N
15428,plynárenský,A
15429,plynárenství,N
15430,plynárna,N
15431,plyš,N
15432,plyšový,A
15433,plyšák,N
15434,plzák,N
15435,plácat,V
15436,plácačka,N
15437,plácek,N
15438,pláchnout,V
15439,plácnout,V
15440,plácání,N
15441,plán,N
15442,plánek,N
15443,plánovací,A
15444,plánovaný,A
15445,plánovaně,D
15446,plánovat,V
15447,plánovač,N
15448,plánovitý,A
15449,plánovitě,D
15450,plánování,N
15451,plápolající,A
15452,plápolat,V
15453,plást,N
15454,plástev,N
15455,plát,N
15456,plátce,N
15457,plátek,N
15458,plátkový,A
15459,plátno,N
15460,plátěný,A
15461,pláč,N
15462,pláň,N
15463,pláštík,N
15464,pláštěnka,N
15465,plášť,N
15466,plášťový,A
15467,pláž,N
15468,plážový,A
15469,pléd,N
15470,plénum,N
15471,plést,V
15472,plíce,N
15473,plínka,N
15474,plíseň,N
15475,plískanice,N
15476,plísňový,A
15477,plít,V
15478,plíživý,A
15479,plýtvat,V
15480,plůdek,N
15481,plůtek,N
15482,pneumatika,N
15483,pneumokok,N
15484,pneumonie,N
15485,pneuservis,N
15486,pnoucí,A
15487,pnout,V
15488,pnutí,N
15489,pobavení,N
15490,pobavený,A
15491,pobavit,V
15492,poberta,N
15493,pobitý,A
15494,poblahopřát,V
15495,pobláznit,V
15496,poblázněný,A
15497,poblíž,R
15498,pobolívat,V
15499,pobouření,N
15500,pobouřený,A
15501,pobouřit,V
15502,pobočka,N
15503,pobožnost,N
15504,pobrečet,V
15505,pobuda,N
15506,pobuřování,N
15507,pobuřovat,V
15508,pobuřující,A
15509,pobyt,N
15510,pobídka,N
15511,pobídnout,V
15512,pobíhající,A
15513,pobíhat,V
15514,pobíhání,N
15515,pobírající,A
15516,pobírání,N
15517,pobírat,V
15518,pobít,V
15519,pobízet,V
15520,pobýt,V
15521,pobývající,A
15522,pobývat,V
15523,pobývání,N
15524,pobřeží,N
15525,pobřežní,A
15526,pocení,N
15527,pocestný,N
15528,pochlubit,V
15529,pochmurně,D
15530,pochmurný,A
15531,pochod,N
15532,pochodeň,N
15533,pochodník,N
15534,pochodovat,V
15535,pochodový,A
15536,pochodující,A
15537,pochopený,A
15538,pochopit,V
15539,pochopitelný,A
15540,pochopitelně,D
15541,pochoutka,N
15542,pochovaný,A
15543,pochovat,V
15544,pochování,N
15545,pochovávání,N
15546,pochozí,A
15547,pochutina,N
15548,pochutnat,V
15549,pochva,N
15550,pochvala,N
15551,pochvalný,A
15552,pochválit,V
15553,pochyba,N
15554,pochybení,N
15555,pochybený,A
15556,pochybit,V
15557,pochybnost,N
15558,pochybný,A
15559,pochybovat,V
15560,pochybovač,N
15561,pochybovačný,A
15562,pochybující,A
15563,pocházet,V
15564,pocházející,A
15565,pochůzka,N
15566,pochůzkový,A
15567,pochůzkář,N
15568,pocit,N
15569,pocitový,A
15570,pocitově,D
15571,pocta,N
15572,poctivec,N
15573,poctivost,N
15574,poctivý,A
15575,poctivě,D
15576,pocuchaný,A
15577,podací,A
15578,podaný,A
15579,podat,V
15580,podavač,N
15581,podařený,A
15582,podařit,V
15583,podbarvit,V
15584,podbízení,N
15585,pobízet,V
15586,podbízivý,A
15587,podběh,N
15588,podběl,N
15589,podbřišek,N
15590,podcenit,V
15591,podcenění,N
15592,podceněný,A
15593,podceňovaný,A
15594,podceňovat,V
15595,podceňování,N
15596,podchycení,N
15597,podchycený,A
15598,podchytit,V
15599,poddajnost,N
15600,poddajný,A
15601,poddanský,A
15602,poddanství,N
15603,poddaná,N
15604,poddaný,N
15605,poddruh,N
15606,podemletý,A
15607,podemlít,V
15608,podepisovat,V
15609,podepisování,N
15610,podepsaný,A
15611,podepsat,V
15612,podepsání,N
15613,podepřít,V
15614,podesta,N
15615,podezírat,V
15616,podezíravost,N
15617,podezíravě,D
15618,podezírání,N
15619,podezřele,D
15620,podezřelý,A
15621,podezření,N
15622,podezřívat,V
15623,podezřívavost,N
15624,podezřívavý,A
15625,podezřívavě,D
15626,podešev,N
15627,podfuk,N
15628,podhled,N
15629,podhůří,N
15630,podium,N
15631,podivit,V
15632,podivnost,N
15633,podivný,A
15634,podivně,D
15635,podivuhodný,A
15636,podivín,N
15637,podjezd,N
15638,podklad,N
15639,podkladní,A
15640,podkladový,A
15641,podklouznout,V
15642,podkolenka,N
15643,podkopávat,V
15644,podkopnout,V
15645,podkova,N
15646,podkovář,N
15647,podkožní,A
15648,podkres,N
15649,podkroví,N
15650,podkrovní,A
15651,podlaha,N
15652,podlahovina,N
15653,podlahový,A
15654,podlamovat,V
15655,podlaží,N
15656,podle,R
15657,podlehnout,V
15658,podlesí,N
15659,podlitina,N
15660,podlomený,A
15661,podlomit,V
15662,podlost,N
15663,podloubí,N
15664,podlouhlý,A
15665,podložený,A
15666,podložit,V
15667,podložka,N
15668,podloží,N
15669,podlážka,N
15670,podléhající,A
15671,podléhat,V
15672,podlévání,N
15673,podlévat,V
15674,podlézat,V
15675,podlý,A
15676,podmalba,N
15677,podmanit,V
15678,podmanivý,A
15679,podmiňovat,V
15680,podmořský,A
15681,podmáslí,N
15682,podmáčení,N
15683,podmáčený,A
15684,podmáčet,V
15685,podmínečný,A
15686,podmínečně,D
15687,podmínit,V
15688,podmínka,N
15689,podmíněný,A
15690,podmíněně,D
15691,podmítač,N
15692,podmítka,N
15693,podmět,N
15694,podnapilost,N
15695,podnebí,N
15696,podnes,D
15697,podnik,N
15698,podnikající,A
15699,podnikat,V
15700,podnikatel,N
15701,podnikatelka,N
15702,podnikavec,N
15703,podnikavost,N
15704,podniknout,V
15705,podnikání,N
15706,podnos,N
15707,podnož,N
15708,podnájem,N
15709,podnájemník,N
15710,podnítit,V
15711,podněcovat,V
15712,podněcování,N
15713,podnět,N
15714,podoba,N
15715,podobající,A
15716,podobat,V
15717,podobenství,N
15718,podobizna,N
15719,podoblast,N
15720,podobnost,N
15721,podobný,A
15722,podobně,D
15723,podomní,A
15724,podotknout,V
15725,podpalubí,N
15726,podpatek,N
15727,podpaží,N
15728,podpis,N
15729,podpisový,A
15730,podplacený,A
15731,podplatit,V
15732,podplácení,N
15733,podpora,N
15734,podporovat,V
15735,podporovatel,N
15736,podporování,N
15737,podpoření,N
15738,podpořený,A
15739,podpořit,V
15740,podprsenka,N
15741,podprůměr,N
15742,podprůměrný,A
15743,podprůměrně,D
15744,podpálení,N
15745,podpálit,V
15746,podpásovka,N
15747,podpásový,A
15748,podpěra,N
15749,podraz,N
15750,podrazit,V
15751,podražení,N
15752,podražit,V
15753,podrbat,V
15754,podrobení,N
15755,podrobit,V
15756,podrobnost,N
15757,podrobný,A
15758,podrost,N
15759,podroušený,A
15760,područka,N
15761,područí,N
15762,podráždit,V
15763,podrážděnost,N
15764,podráždění,N
15765,podrážděný,A
15766,podrážka,N
15767,podrývat,V
15768,podržet,V
15769,podsada,N
15770,podsouvat,V
15771,podstata,N
15772,podstatný,A
15773,podstava,N
15774,podstavec,N
15775,podstoupit,V
15776,podstrčit,V
15777,podstupovat,V
15778,podsvícení,N
15779,podsvícený,A
15780,podsvětí,N
15781,podtext,N
15782,podtitul,N
15783,podtitulek,N
15784,podtlak,N
15785,podtlakový,A
15786,podtrhnout,V
15787,podtón,N
15788,podušený,A
15789,poduška,N
15790,podvazek,N
15791,podvazovat,V
15792,podvedený,A
15793,podvečer,N
15794,podvečerní,A
15795,podvod,N
15796,podvodnice,N
15797,podvodní,A
15798,podvodník,N
15799,podvojný,A
15800,podvolit,V
15801,podvozek,N
15802,podvozkový,A
15803,podvratný,A
15804,podvrh,N
15805,podvrtnutý,A
15806,podvržený,A
15807,podvyživený,A
15808,podvádění,N
15809,podváděný,A
15810,podvádět,V
15811,podvázat,V
15812,podvést,V
15813,podvýživa,N
15814,podvědomí,N
15815,podvědomý,A
15816,podvědomě,D
15817,podzemní,A
15818,podzemí,N
15819,podzim,N
15820,podání,N
15821,podávající,A
15822,podávaný,A
15823,podávat,V
15824,podávání,N
15825,podél,R
15826,podélně,D
15827,podélný,A
15828,podíl,N
15829,podílející,A
15830,podílnictví,N
15831,podílník,N
15832,podílový,A
15833,podívaná,N
15834,podívat,V
15835,podívání,N
15836,podědit,V
15837,poděkovat,V
15838,poděkování,N
15839,podřadit,V
15840,podřadný,A
15841,podřep,N
15842,podřezat,V
15843,podřezání,N
15844,podřimovat,V
15845,podřizovat,V
15846,podřídit,V
15847,podřízený,N
15848,podříznout,V
15849,podšálek,N
15850,podšívka,N
15851,poeta,N
15852,poeticky,D
15853,poetický,A
15854,poetika,N
15855,poetičnost,N
15856,poezie,N
15857,pofidérní,A
15858,pogratulovat,V
15859,pogrom,N
15860,pohana,N
15861,pohanka,N
15862,pohankový,A
15863,pohanství,N
15864,pohasnout,V
15865,pohazovat,V
15866,pohlavek,N
15867,pohlavní,A
15868,pohlavně,D
15869,pohlaví,N
15870,pohlcení,N
15871,pohlcený,A
15872,pohlcovat,V
15873,pohled,N
15874,pohlednice,N
15875,pohledný,A
15876,pohledání,N
15877,pohledávka,N
15878,pohltit,V
15879,pohlídat,V
15880,pohlížet,V
15881,pohmoždit,V
15882,pohmožděnina,N
15883,pohmoždění,N
15884,pohmožděný,A
15885,pohnat,V
15886,pohnout,V
15887,pohnutka,N
15888,pohnutí,N
15889,pohoda,N
15890,pohodlně,D
15891,pohodlný,A
15892,pohodlí,N
15893,pohodář,N
15894,pohon,N
15895,pohonný,A
15896,pohoršit,V
15897,pohoršovat,V
15898,pohostinnost,N
15899,pohostinný,A
15900,pohostinství,N
15901,pohotovost,N
15902,pohotovostní,A
15903,pohotový,A
15904,pohotově,D
15905,pohov,N
15906,pohovka,N
15907,pohovor,N
15908,pohovořit,V
15909,pohořet,V
15910,pohoří,N
15911,pohoštění,N
15912,pohraniční,A
15913,pohrdat,V
15914,pohrdavý,A
15915,pohrdavě,D
15916,pohrdnout,V
15917,pohrdání,N
15918,pohrobek,N
15919,pohroma,N
15920,pohromadě,D
15921,pohroužit,V
15922,pohrozit,V
15923,pohrát,V
15924,pohrávat,V
15925,pohrůžka,N
15926,pohublý,A
15927,pohupovat,V
15928,pohyb,N
15929,pohyblivý,A
15930,pohybovat,V
15931,pohybově,D
15932,pohybový,A
15933,pohybující,A
15934,pohádat,V
15935,pohádka,N
15936,pohádkově,D
15937,pohádkový,A
15938,pohádkář,N
15939,poháněcí,A
15940,pohánějící,A
15941,poháněný,A
15942,pohánět,V
15943,pohár,N
15944,pohárek,N
15945,poházený,A
15946,poházet,V
15947,pohřbení,N
15948,pohřbený,A
15949,pohřbít,V
15950,pohřbívat,V
15951,pohřbívání,N
15952,pohřeb,N
15953,pohřebiště,N
15954,pohřešovat,V
15955,pohřešování,N
15956,pojatý,A
15957,pojednání,N
15958,pojednávající,A
15959,pojednávat,V
15960,pojem,N
15961,pojetí,N
15962,pojezd,N
15963,pojezdový,A
15964,pojistit,V
15965,pojistitel,N
15966,pojistitelný,A
15967,pojistka,N
15968,pojistník,N
15969,pojistný,A
15970,pojit,V
15971,pojivo,N
15972,pojivový,A
15973,pojištěnec,N
15974,pojištění,N
15975,pojištěný,A
15976,pojišťovací,A
15977,pojišťovat,V
15978,pojišťovna,N
15979,pojišťovnictví,N
15980,pojmenovaný,A
15981,pojmenovat,V
15982,pojmenování,N
15983,pojídat,V
15984,pojídání,N
15985,pojímaný,A
15986,pojímat,V
15987,pojímání,N
15988,pojíst,V
15989,pojít,V
15990,pojíždět,V
15991,pokazit,V
15992,pokaždé,D
15993,pokažený,A
15994,pokec,N
15995,pokecat,V
15996,poker,N
15997,pokerový,A
15998,poklad,N
15999,pokladna,N
16000,pokladnice,N
16001,pokladnička,N
16002,pokladní,N
16003,pokladník,N
16004,poklek,N
16005,pokleknout,V
16006,poklep,N
16007,poklepat,V
16008,pokles,N
16009,poklesek,N
16010,poklesnout,V
16011,poklice,N
16012,poklid,N
16013,poklidit,V
16014,poklidný,A
16015,poklidně,D
16016,poklička,N
16017,poklona,N
16018,poklonit,V
16019,poklop,N
16020,poklopec,N
16021,poklus,N
16022,pokládaný,A
16023,pokládat,V
16024,pokládka,N
16025,pokládání,N
16026,poklást,V
16027,pokochat,V
16028,pokoj,N
16029,pokojný,A
16030,pokojový,A
16031,pokojská,N
16032,pokojíček,N
16033,pokolení,N
16034,pokora,N
16035,pokorný,A
16036,pokorně,D
16037,pokosit,V
16038,pokousaný,A
16039,pokousat,V
16040,pokoutní,A
16041,pokoušející,A
16042,pokoušení,N
16043,pokoušet,V
16044,pokoření,N
16045,pokořený,A
16046,pokořit,V
16047,pokořitel,N
16048,pokožka,N
16049,pokračovací,A
16050,pokračovat,V
16051,pokračovatel,N
16052,pokračovatelka,N
16053,pokračování,N
16054,pokrevní,A
16055,pokrm,N
16056,pokrok,N
16057,pokroucený,A
16058,pokročilost,N
16059,pokročilý,A
16060,pokročit,V
16061,pokrytec,N
16062,pokrytecky,D
16063,pokrytecký,A
16064,pokrytí,N
16065,pokryv,N
16066,pokrájený,A
16067,pokrájet,V
16068,pokrýt,V
16069,pokrývat,V
16070,pokrývač,N
16071,pokrývačský,A
16072,pokrývka,N
16073,pokrývání,N
16074,pokrčení,N
16075,pokrčit,V
16076,pokukovat,V
16077,pokulhávat,V
16078,pokus,N
16079,pokusit,V
16080,pokusný,A
16081,pokusně,D
16082,pokuta,N
16083,pokutovaný,A
16084,pokutovat,V
16085,pokutování,N
16086,pokušení,N
16087,pokyn,N
16088,pokácení,N
16089,pokácený,A
16090,pokácet,V
16091,pokání,N
16092,pokárat,V
16093,pokárání,N
16094,pokývat,V
16095,pokřik,N
16096,pokřikovat,V
16097,pokřikování,N
16098,pokřivený,A
16099,pokřivit,V
16100,pokřtít,V
16101,pokřtěný,A
16102,polapit,V
16103,polapitelný,A
16104,polarizační,A
16105,polarizovat,V
16106,polda,N
16107,pole,N
16108,polechtat,V
16109,poledne,N
16110,polednice,N
16111,polední,A
16112,poledník,N
16113,polehčující,A
16114,polekaně,D
16115,polekaný,A
16116,polekat,V
16117,polemika,N
16118,polemizovat,V
16119,poleno,N
16120,polenta,N
16121,polep,N
16122,polepený,A
16123,polepit,V
16124,poleptání,N
16125,polepšení,N
16126,polepšený,A
16127,polepšit,V
16128,poletovat,V
16129,poletující,A
16130,poleva,N
16131,polevení,N
16132,polevit,V
16133,polevovat,V
16134,polibek,N
16135,police,N
16136,polichotit,V
16137,policie,N
16138,policista,N
16139,policistka,N
16140,policový,A
16141,poliklinika,N
16142,politik,N
16143,politika,N
16144,politolog,N
16145,politologický,A
16146,politologie,N
16147,politování,N
16148,politovat,V
16149,politý,A
16150,polička,N
16151,polka,N
16152,polknout,V
16153,polnost,N
16154,polní,A
16155,polníček,N
16156,polo,N
16157,polobůh,N
16158,polodrahokam,N
16159,poloha,N
16160,polohlas,N
16161,polohlasně,D
16162,polohovací,A
16163,polohovat,V
16164,polohovatelný,A
16165,polohovka,N
16166,polohování,N
16167,polohový,A
16168,polohově,D
16169,polojasno,D
16170,polojasný,A
16171,polokoule,N
16172,pololetí,N
16173,polomrtvý,A
16174,poloměr,N
16175,polonahý,A
16176,polonium,N
16177,poloosa,N
16178,poloostrov,N
16179,polopoušť,N
16180,poloprázdný,A
16181,polotovar,N
16182,polotučný,A
16183,polovic,C
16184,polovina,N
16185,polovička,N
16186,poloviční,A
16187,polovodič,N
16188,poločas,N
16189,poločasový,A
16190,položení,N
16191,položený,A
16192,položit,V
16193,položka,N
16194,polstrování,N
16195,polyester,N
16196,polyesterový,A
16197,polygamie,N
16198,polygon,N
16199,polygraf,N
16200,polygrafický,A
16201,polygrafie,N
16202,polykač,N
16203,polykat,V
16204,polykání,N
16205,polymer,N
16206,polymerní,A
16207,polyp,N
16208,polystyren,N
16209,polystyrénový,A
16210,polárka,N
16211,polární,A
16212,polárník,N
16213,podléhat,V
16214,poléhání,N
16215,polétavý,A
16216,polévat,V
16217,polévka,N
16218,polévkový,A
16219,polévání,N
16220,políbení,N
16221,políbený,A
16222,políbit,V
16223,polínko,N
16224,polít,V
16225,políček,N
16226,políčko,N
16227,polštář,N
16228,polštářek,N
16229,polštářový,A
16230,poma,N
16231,pomahač,N
16232,pomalost,N
16233,pomalovaný,A
16234,pomalovat,V
16235,pomalu,D
16236,pomalý,A
16237,pomazat,V
16238,pomazánka,N
16239,pomazánkový,A
16240,pomazání,N
16241,pomačkat,V
16242,pomeranč,N
16243,pomerančovník,N
16244,pomerančový,A
16245,pomezní,A
16246,pomezí,N
16247,pominout,V
16248,pominutí,N
16249,pominutý,A
16250,pomlouvat,V
16251,pomlouvačný,A
16252,pomlouvání,N
16253,pomluva,N
16254,pomlácený,A
16255,pomlázka,N
16256,pomník,N
16257,pomníček,N
16258,pomněnka,N
16259,pomoc,N
16260,pomoci,V
16261,pomocnice,N
16262,pomocník,N
16263,pomocný,A
16264,pomocí,R
16265,pompa,N
16266,pompéznost,N
16267,pomsta,N
16268,pomstychtivost,N
16269,pomstychtivý,A
16270,pomstít,V
16271,pomyslit,V
16272,pomyslný,A
16273,pomáda,N
16274,pomáhající,A
16275,pomáhat,V
16276,pomíjivost,N
16277,pomíjivý,A
16278,pomýlený,A
16279,pomýlit,V
16280,poměr,N
16281,poměrný,A
16282,poměrně,D
16283,poměrový,A
16284,poměry,N
16285,poměřit,V
16286,poměřovat,V
16287,poměřování,N
16288,pomůcka,N
16289,ponaučit,V
16290,pondělní,A
16291,pondělí,N
16292,ponechaný,A
16293,ponechat,V
16294,ponechání,N
16295,ponechávat,V
16296,poničení,N
16297,poničený,A
16298,poničit,V
16299,ponižovat,V
16300,ponižování,N
16301,ponižující,A
16302,ponk,N
16303,ponocný,N
16304,ponocovat,V
16305,ponocování,N
16306,ponor,N
16307,ponorka,N
16308,ponorkový,A
16309,ponorný,A
16310,ponořit,V
16311,ponožka,N
16312,pont,N
16313,ponuře,D
16314,ponurý,A
16315,pony,N
16316,poník,N
16317,ponížený,A
16318,poníženě,D
16319,ponížit,V
16320,pončo,N
16321,poněkud,D
16322,pookřát,V
16323,pooperační,A
16324,pootevřený,A
16325,popadaný,A
16326,popadat,V
16327,popadnout,V
16328,popasovat,V
16329,popel,N
16330,popelavý,A
16331,popelec,N
16332,popelka,N
16333,popelnice,N
16334,popelnicový,A
16335,popelník,N
16336,popelář,N
16337,popelářský,A
16338,popichovat,V
16339,popichování,N
16340,popis,N
16341,popisek,N
16342,popisný,A
16343,popisovaný,A
16344,popisovat,V
16345,popisování,N
16346,popisující,A
16347,poplach,N
16348,poplachový,A
16349,poplatek,N
16350,poplatkový,A
16351,poplatník,N
16352,poplavat,V
16353,popleta,N
16354,popletený,A
16355,poplácat,V
16356,poplácávat,V
16357,poplést,V
16358,popohánět,V
16359,popojít,V
16360,popojíždění,N
16361,popojíždět,V
16362,poporodní,A
16363,popostrčit,V
16364,popovídat,V
16365,popovídání,N
16366,poprask,N
16367,popraskat,V
16368,popraskání,N
16369,poprat,V
16370,poprava,N
16371,popravený,A
16372,popravit,V
16373,popraviště,N
16374,popravovat,V
16375,popravčí,A
16376,poprašek,N
16377,poprsí,N
16378,popruh,N
16379,poprvé,C
16380,poprášit,V
16381,popsaný,A
16382,popsat,V
16383,popsatelný,A
16384,popsání,N
16385,poptat,V
16386,poptávat,V
16387,poptávka,N
16388,poptávkový,A
16389,popud,N
16390,popudit,V
16391,popukání,N
16392,populace,N
16393,popularita,N
16394,popularizace,N
16395,popularizační,A
16396,popularizátor,N
16397,populační,A
16398,populačně,D
16399,populista,N
16400,populární,A
16401,populárně,D
16402,popuzovat,V
16403,popálenina,N
16404,popáleninový,A
16405,popálení,N
16406,popálený,A
16407,popálit,V
16408,popíjející,A
16409,popíjet,V
16410,popílek,N
16411,popínavý,A
16412,popírající,A
16413,popírat,V
16414,popírač,N
16415,popírání,N
16416,popěvek,N
16417,popředí,N
16418,popřemýšlet,V
16419,popřát,V
16420,popřít,V
16421,porada,N
16422,poradce,N
16423,poradenský,A
16424,poradenství,N
16425,poradit,V
16426,poradkyně,N
16427,poradní,A
16428,poranit,V
16429,poranění,N
16430,porazit,V
16431,poraženecký,A
16432,poražení,N
16433,poražený,N
16434,porce,N
16435,porcelán,N
16436,porcelánka,N
16437,porcelánový,A
16438,porcovaný,A
16439,porcování,N
16440,porcovat,V
16441,poroba,N
16442,porod,N
16443,porodit,V
16444,porodna,N
16445,porodnice,N
16446,porodnictví,N
16447,porodnost,N
16448,porodník,N
16449,porost,N
16450,porota,N
16451,porotce,N
16452,porotkyně,N
16453,porotní,A
16454,porouchaný,A
16455,porouchat,V
16456,poroučet,V
16457,porovnat,V
16458,porovnání,N
16459,porovnávaný,A
16460,porovnávání,N
16461,porozhlédnout,V
16462,porozumění,N
16463,porozumět,V
16464,port,N
16465,porta,N
16466,portfolio,N
16467,portrét,N
16468,portrétista,N
16469,portrétní,A
16470,portrétovat,V
16471,portál,N
16472,porub,N
16473,porucha,N
16474,poruchovost,N
16475,poručit,V
16476,poručník,N
16477,poručík,N
16478,porušení,N
16479,porušit,V
16480,porušovat,V
16481,porušující,A
16482,porvat,V
16483,poryv,N
16484,porážka,N
16485,porážkový,A
16486,porézní,A
16487,posadit,V
16488,posazení,N
16489,posazený,A
16490,posbíraný,A
16491,posbírat,V
16492,poschodí,N
16493,posed,N
16494,posedlost,N
16495,posedlý,A
16496,posedávání,N
16497,posedět,V
16498,posekaný,A
16499,posekat,V
16500,posel,N
16501,poselstvo,N
16502,poselství,N
16503,posetý,A
16504,posez,N
16505,posezení,N
16506,posečený,A
16507,posečkat,V
16508,posila,N
16509,posilnit,V
16510,posilnění,N
16511,posilněný,A
16512,posilovat,V
16513,posilovač,N
16514,posilovna,N
16515,posilování,N
16516,posilový,A
16517,posilující,A
16518,poskakovat,V
16519,poskakování,N
16520,poskládat,V
16521,poskok,N
16522,poskočit,V
16523,poskrovnu,D
16524,poskvrnit,V
16525,poskytnout,V
16526,poskytnutí,N
16527,poskytnutý,A
16528,poskytovat,V
16529,poskytující,A
16530,poslanec,N
16531,poslanecký,A
16532,poslankyně,N
16533,poslaný,A
16534,poslat,V
16535,poslech,N
16536,poslechnout,V
16537,poslechovost,N
16538,posledek,N
16539,posledně,D
16540,poslední,A
16541,poslepu,D
16542,poslouchaný,A
16543,poslouchat,V
16544,poslouchání,N
16545,posloupnost,N
16546,posloužit,V
16547,posluchač,N
16548,posluchačka,N
16549,posluchačsky,D
16550,posluchačský,A
16551,poslušný,A
16552,poslušně,D
16553,poslání,N
16554,posléze,D
16555,poslíček,N
16556,posmrtný,A
16557,posmrtně,D
16558,posmutněle,D
16559,posmutnělý,A
16560,posmutnět,V
16561,posmívat,V
16562,posměch,N
16563,posměšek,N
16564,posměšný,A
16565,posolit,V
16566,posoudit,V
16567,posouvat,V
16568,posouzení,N
16569,pospat,V
16570,pospojovat,V
16571,pospolitost,N
16572,pospolu,D
16573,pospíšit,V
16574,post,N
16575,postarat,V
16576,postaru,D
16577,postarší,A
16578,postava,N
16579,postavení,N
16580,postavený,A
16581,postavit,V
16582,postavička,N
16583,postačovat,V
16584,postačující,A
16585,postel,N
16586,postelový,A
16587,postih,N
16588,postihnout,V
16589,postihování,N
16590,postihující,A
16591,postit,V
16592,postižení,N
16593,postižitelný,A
16594,postmoderna,N
16595,postmodernismus,N
16596,postní,A
16597,postoj,N
16598,postoupení,N
16599,postoupit,V
16600,postprodukce,N
16601,postrach,N
16602,postradatelný,A
16603,postranní,A
16604,postrkovat,V
16605,postroj,N
16606,postrádající,A
16607,postrádat,V
16608,postrčit,V
16609,postulát,N
16610,postup,N
16611,postupný,A
16612,postupovat,V
16613,postupový,A
16614,postupující,A
16615,postát,V
16616,postávající,A
16617,postávat,V
16618,postávání,N
16619,postýlka,N
16620,postěžovat,V
16621,postřehnout,V
16622,postřelení,N
16623,postřelený,A
16624,potřelit,V
16625,postřik,N
16626,postřikovač,N
16627,postřikový,A
16628,postříbřený,A
16629,postřílet,V
16630,posudek,N
16631,posun,N
16632,posunek,N
16633,posunout,V
16634,posunovat,V
16635,posunovač,N
16636,posunování,N
16637,posunutí,N
16638,posunutý,A
16639,posuv,N
16640,posuvník,N
16641,posuzovaný,A
16642,posuzovatel,N
16643,posvátný,A
16644,posvícenský,A
16645,posvícení,N
16646,posvítit,V
16647,posvěcení,N
16648,posvětit,V
16649,posyp,N
16650,posypat,V
16651,posypový,A
16652,posypání,N
16653,posádka,N
16654,posádkový,A
16655,posílat,V
16656,posílený,A
16657,posílit,V
16658,posílání,N
16659,potah,N
16660,potahovat,V
16661,potahový,A
16662,potajmu,D
16663,potají,D
16664,potažený,A
16665,potažmo,D
16666,potemnět,V
16667,potence,N
16668,potencionální,A
16669,potenciál,N
16670,potenciálně,D
16671,potichu,D
16672,potisk,N
16673,potkan,N
16674,potkat,V
16675,potkávací,A
16676,potkávat,V
16677,potkávání,N
16678,potlach,N
16679,potlačení,N
16680,potlačit,V
16681,potlačování,N
16682,potlačující,A
16683,potlesk,N
16684,potloukat,V
16685,potlučený,A
16686,potmě,D
16687,potměšilý,A
16688,potní,A
16689,potok,N
16690,potom,D
16691,potomek,N
16692,potopa,N
16693,potopený,A
16694,potopit,V
16695,potoční,A
16696,potrat,N
16697,potratový,A
16698,potrava,N
16699,potravina,N
16700,potravinář,N
16701,potravinářský,A
16702,potravinářství,N
16703,potrestaný,A
16704,potrestat,V
16705,potrhat,V
16706,potrpět,V
16707,potrubní,A
16708,potrubí,N
16709,potucha,N
16710,potulný,A
16711,potulovat,V
16712,potulující,A
16713,potupa,N
16714,potupit,V
16715,potutelný,A
16716,potutelně,D
16717,potvora,N
16718,potvrdit,V
16719,potvrzení,N
16720,potvrzený,A
16721,potvrzovat,V
16722,potvrzování,N
16723,potvrzující,A
16724,potvůrka,N
16725,potyčka,N
16726,potácející,A
16727,potácet,V
16728,potáhnout,V
16729,potápka,N
16730,potápějící,A
16731,potápění,N
16732,potápět,V
16733,potápěč,N
16734,potápěčský,A
16735,potázat,V
16736,poté,D
16737,potírání,N
16738,potírat,V
16739,potítko,N
16740,potíž,N
16741,potížista,N
16742,potýkající,A
16743,potýkat,V
16744,potěcha,N
16745,potěr,N
16746,potěšení,N
16747,potěšený,A
16748,potěšeně,D
16749,potěšit,V
16750,potěšující,A
16751,potřeba,N
16752,potřebný,A
16753,potřebovat,V
16754,potření,N
16755,potřený,A
16756,potřásat,V
16757,potřást,V
16758,potřísnit,V
16759,potřísněný,A
16760,potůček,N
16761,pouhý,A
16762,poukaz,N
16763,poukazovat,V
16764,poukazování,N
16765,poukazující,A
16766,poukázat,V
16767,poukázání,N
16768,pouliční,A
16769,poupravit,V
16770,poupě,N
16771,pousmání,N
16772,pousmát,V
16773,poustevna,N
16774,poustevník,N
16775,pouta,N
16776,poutat,V
16777,poutavý,A
16778,poutavě,D
16779,poutač,N
16780,poutko,N
16781,poutnický,A
16782,poutní,A
16783,poutník,N
16784,pouto,N
16785,pouzdro,N
16786,pouzdrový,A
16787,poučení,N
16788,poučený,A
16789,poučit,V
16790,poučitelný,A
16791,poučka,N
16792,poučný,A
16793,poučovat,V
16794,poučování,N
16795,pouštní,A
16796,pouštění,N
16797,poušť,N
16798,pouť,N
16799,použitelnost,N
16800,použitelný,A
16801,použití,N
16802,použít,V
16803,používající,A
16804,používaný,A
16805,používat,V
16806,používání,N
16807,povaha,N
16808,povahový,A
16809,povahově,D
16810,povalený,A
16811,povalit,V
16812,povalovat,V
16813,povalování,N
16814,povalující,A
16815,povařený,A
16816,považovat,V
16817,povděk,N
16818,povedený,A
16819,povel,N
16820,povidla,N
16821,povidlový,A
16822,povinnost,N
16823,povinný,A
16824,povlak,N
16825,povléci,V
16826,povlečení,N
16827,povodeň,N
16828,povodí,N
16829,povolaný,A
16830,povolat,V
16831,povolební,A
16832,povolenka,N
16833,povolení,N
16834,povolený,A
16835,povolit,V
16836,povolovací,A
16837,povolující,A
16838,povolání,N
16839,povolávací,A
16840,povoz,N
16841,povrch,N
16842,povrchnost,N
16843,povrchně,D
16844,povrchní,A
16845,povstalec,N
16846,povstalecký,A
16847,povstat,V
16848,povstání,N
16849,povyprávět,V
16850,povyražení,N
16851,povyskočit,V
16852,povyšovat,V
16853,povzbudit,V
16854,povzbudivý,A
16855,povzbudivě,D
16856,povzbuzení,N
16857,povzbuzený,A
16858,povzbuzování,N
16859,povzbuzující,A
16860,povzdech,N
16861,povzdechnout,V
16862,povzdychnout,V
16863,povzdálí,N
16864,povznesení,N
16865,povznesený,A
16866,povznášející,A
16867,povznášet,V
16868,povznést,V
16869,povánoční,A
16870,povážit,V
16871,povést,V
16872,povídat,V
16873,povídačka,N
16874,povídka,N
16875,povídkový,A
16876,povýšenost,N
16877,povýšení,N
16878,povýšený,A
16879,povýšeně,D
16880,povědomost,N
16881,povědomí,N
16882,povědomý,A
16883,povědomě,D
16884,pověra,N
16885,pověrčivost,N
16886,pověsit,V
16887,pověst,N
16888,pověstný,A
16889,povětrnost,N
16890,povětrnostní,A
16891,povětšinou,D
16892,pověřenec,N
16893,pověření,N
16894,pověřit,V
16895,pověřovací,A
16896,pověřovat,V
16897,pověšený,A
16898,povšimnout,V
16899,povšimnutí,N
16900,pozadu,D
16901,pozadí,N
16902,pozastavení,N
16903,pozastavit,V
16904,pozastavovat,V
16905,pozdní,A
16906,pozdrav,N
16907,pozdravit,V
16908,pozdravení,N
16909,pozdržení,N
16910,pozdvihnout,V
16911,pozdávat,V
16912,pozdě,D
16913,pozemek,N
16914,pozemkový,A
16915,pozemní,A
16916,pozemský,A
16917,pozemšťan,N
16918,pozice,N
16919,pozinkovaný,A
16920,pozitiv,N
16921,pozitivita,N
16922,pozitivní,A
16923,pozitivně,D
16924,pozitivum,N
16925,poziční,A
16926,pozičně,D
16927,pozlacený,A
16928,pozlátko,N
16929,pozměnit,V
16930,pozměnění,N
16931,pozměněný,A
16932,pozměňovací,A
16933,pozměňování,N
16934,pozměňující,A
16935,poznamenaný,A
16936,poznamenat,V
16937,poznat,V
16938,poznatek,N
16939,poznatelný,A
16940,poznámka,N
16941,poznámkový,A
16942,poznání,N
16943,poznávat,V
16944,pozor,N
16945,pozorný,A
16946,pozorovací,A
16947,pozorovat,V
16948,pozorovatel,N
16949,pozorovatelna,N
16950,pozorovatelský,A
16951,pozorování,N
16952,pozoruhodnost,N
16953,pozoruhodný,A
16954,poztrácet,V
16955,pozvaný,A
16956,pozvat,V
16957,pozvedat,V
16958,pozvednout,V
16959,pozvednutí,N
16960,pozvolna,D
16961,pozvolný,A
16962,pozvánka,N
16963,pozvání,N
16964,pozítří,D
16965,pozření,N
16966,pozřít,V
16967,pozůstalost,N
16968,pozůstalostní,A
16969,pozůstalý,N
16970,pozůstatek,N
16971,počest,N
16972,počestný,A
16973,počet,N
16974,početní,A
16975,početně,D
16976,početný,A
16977,počin,N
16978,počitadlo,N
16979,počkat,V
16980,počkání,N
16981,počtení,N
16982,počty,N
16983,počtář,N
16984,počátek,N
16985,počáteční,A
16986,počátkem,R
16987,počínaje,R
16988,počínající,A
16989,počínat,V
16990,počítadlo,N
16991,počítající,A
16992,počítat,V
16993,počítač,N
16994,počítačový,A
16995,počítačově,D
16996,počítání,N
16997,pořad,N
16998,pořadatel,N
16999,pořadatelský,A
17000,pořadač,N
17001,pořadník,N
17002,pořadový,A
17003,pořekadlo,N
17004,pořezaný,A
17005,pořezání,N
17006,pořezat,V
17007,pořizovací,A
17008,pořizovaný,A
17009,pořizovat,V
17010,pořizovatel,N
17011,pořád,D
17012,pořádající,A
17013,pořádat,V
17014,pořádek,N
17015,pořádkový,A
17016,pořádání,N
17017,pořídit,V
17018,pořízek,N
17019,pořízená,N
17020,pořízení,N
17021,pořízený,A
17022,poříční,A
17023,poříčí,N
17024,pošetilost,N
17025,pošetilý,A
17026,pošilhávat,V
17027,pošitý,A
17028,poškodit,V
17029,poškození,N
17030,poškozený,A
17031,poškozování,N
17032,poškrábat,V
17033,poškrábání,N
17034,pošmourný,A
17035,pošpinit,V
17036,pošta,N
17037,poštolka,N
17038,poštovna,N
17039,poštovné,N
17040,poštovní,A
17041,poštvat,V
17042,poštěstit,V
17043,pošťačka,N
17044,pošťuchování,N
17045,pošťuchovat,V
17046,pošťácký,A
17047,pošťák,N
17048,požadavek,N
17049,požadovaný,A
17050,požadovat,V
17051,požadující,A
17052,požehnat,V
17053,požehnání,N
17054,požitek,N
17055,požitkář,N
17056,požití,N
17057,požitý,A
17058,poživatel,N
17059,poživatelný,A
17060,poživatina,N
17061,požádat,V
17062,požádání,N
17063,požár,N
17064,požárník,N
17065,požírat,V
17066,požírač,N
17067,požívání,N
17068,prababička,N
17069,pracant,N
17070,prach,N
17071,prachobyčejný,A
17072,prachovka,N
17073,prachy,N
17074,prachárna,N
17075,pracháč,N
17076,pracka,N
17077,pracna,N
17078,pracnost,N
17079,pracně,D
17080,pracný,A
17081,pracovitost,N
17082,pracovitý,A
17083,pracoviště,N
17084,pracovna,N
17085,pracovnice,N
17086,pracovně,D
17087,pracovní,A
17088,pracovník,N
17089,pracující,N
17090,prací,A
17091,pradlena,N
17092,pradávno,N
17093,pradávný,A
17094,praděd,N
17095,pradědeček,N
17096,pragmaticky,D
17097,pragmatický,A
17098,pragmatik,N
17099,prahnoucí,A
17100,prahnout,V
17101,prahový,A
17102,prak,N
17103,praktický,A
17104,praktik,N
17105,praktika,N
17106,praktikant,N
17107,praktikovaný,A
17108,praktikovat,V
17109,praktikování,N
17110,praktikující,A
17111,praktičnost,N
17112,prales,N
17113,pralinka,N
17114,pramalý,A
17115,pramen,N
17116,pramenitý,A
17117,prameniště,N
17118,pramenný,A
17119,prameník,N
17120,pramice,N
17121,pramálo,D
17122,pramínek,N
17123,pranice,N
17124,pranostika,N
17125,pranýř,N
17126,praotec,N
17127,prapor,N
17128,praporek,N
17129,prapředek,N
17130,prapůvod,N
17131,prapůvodní,A
17132,prarodič,N
17133,prase,N
17134,prasečák,N
17135,prasečí,A
17136,praskající,A
17137,praskat,V
17138,prasklina,N
17139,prasklinka,N
17140,prasknout,V
17141,prasknutí,N
17142,praskání,N
17143,prasnice,N
17144,prastarý,A
17145,prastrýc,N
17146,prasátko,N
17147,pravačka,N
17148,pravda,N
17149,pravdivost,N
17150,pravdivý,A
17151,pravdivě,D
17152,pravdomluvnost,N
17153,pravděpodobnost,N
17154,pravděpodobný,A
17155,pravděpodobně,D
17156,pravice,N
17157,pravicový,A
17158,pravicově,D
17159,pravidelnost,N
17160,pravidelný,A
17161,pravidlo,N
17162,pravlast,N
17163,pravnuk,N
17164,pravnučka,N
17165,pravomoc,N
17166,pravomocný,A
17167,pravomocně,D
17168,pravopis,N
17169,pravopisný,A
17170,pravoslaví,N
17171,pravotočivý,A
17172,pravoúhlý,A
17173,pravák,N
17174,pravítko,N
17175,pravěk,N
17176,praxe,N
17177,prazdroj,N
17178,prazvláštní,A
17179,pračka,N
17180,pračlověk,N
17181,prašivka,N
17182,prašivý,A
17183,prašnost,N
17184,prašný,A
17185,praštit,V
17186,praštět,V
17187,pražec,N
17188,pražení,N
17189,pražený,A
17190,pražit,V
17191,pražma,N
17192,pražírna,N
17193,prcek,N
17194,prchající,A
17195,prchat,V
17196,prchavý,A
17197,prchlivý,A
17198,precedent,N
17199,precizní,A
17200,precizně,D
17201,preclík,N
17202,predikce,N
17203,predikovat,V
17204,prediktivní,A
17205,predispozice,N
17206,predátor,N
17207,prefabrikát,N
17208,prefekt,N
17209,prefektura,N
17210,preference,N
17211,preferenční,A
17212,preferovaný,A
17213,preferovat,V
17214,preferování,N
17215,preferující,A
17216,pregnantně,D
17217,prehistorie,N
17218,prejt,N
17219,prekérní,A
17220,prelatura,N
17221,preludium,N
17222,prelát,N
17223,premiant,N
17224,premiéra,N
17225,premisa,N
17226,premiér,N
17227,premiérka,N
17228,premiérově,D
17229,premiérský,A
17230,prenatální,A
17231,preparace,N
17232,preparovaný,A
17233,preparát,N
17234,preparátor,N
17235,presbytář,N
17236,president,N
17237,preskripce,N
17238,prestiž,N
17239,prestižní,A
17240,presto,D
17241,presumpce,N
17242,prevalence,N
17243,prevence,N
17244,preventista,N
17245,preventistka,N
17246,preventivně,D
17247,prevít,N
17248,prezence,N
17249,prezentace,N
17250,prezentační,A
17251,prezentovaný,A
17252,prezentovat,V
17253,prezentování,N
17254,prezenční,A
17255,prezervativ,N
17256,prezident,N
17257,prezidentka,N
17258,prezidentování,N
17259,prezidentství,N
17260,prezídium,N
17261,prima,D
17262,primabalerína,N
17263,primadona,N
17264,primariát,N
17265,primas,N
17266,primitiv,N
17267,primitivní,A
17268,primitivně,D
17269,primární,A
17270,primárně,D
17271,primát,N
17272,primátor,N
17273,primátorka,N
17274,primátorky,N
17275,primátorský,A
17276,primář,N
17277,primářka,N
17278,princ,N
17279,princezna,N
17280,princeznička,N
17281,princip,N
17282,principál,N
17283,prion,N
17284,priorita,N
17285,prioritní,A
17286,prioritně,D
17287,privatizace,N
17288,privatizační,A
17289,privatizovat,V
17290,privatizátor,N
17291,privilegium,N
17292,privilegovaný,A
17293,privát,N
17294,privátní,A
17295,prkenný,A
17296,prkno,N
17297,prkénko,N
17298,prkýnko,N
17299,probiotický,A
17300,probiotikum,N
17301,problematicky,D
17302,problematický,A
17303,problematika,N
17304,problesknout,V
17305,probleskovat,V
17306,problémový,A
17307,probojovat,V
17308,probourat,V
17309,probouzející,A
17310,probouzet,V
17311,probošt,N
17312,probraný,A
17313,probrat,V
17314,probrečet,V
17315,probublávat,V
17316,probudit,V
17317,probuzení,N
17318,probuzený,A
17319,probádaný,A
17320,probíhající,A
17321,probíhat,V
17322,probíjet,V
17323,probíraný,A
17324,probírat,V
17325,probírání,N
17326,probít,V
17327,proběh,N
17328,proběhlý,A
17329,proběhnout,V
17330,proběhnutí,N
17331,procedura,N
17332,procento,N
17333,procentuální,A
17334,procentuálně,D
17335,proces,N
17336,procesor,N
17337,procesorový,A
17338,procesí,N
17339,prochladlý,A
17340,prochladnout,V
17341,prochladnutí,N
17342,procházející,A
17343,procházení,N
17344,procházet,V
17345,procházka,N
17346,procházkový,A
17347,procitat,V
17348,procitnout,V
17349,procitnutí,N
17350,procvičení,N
17351,procvičit,V
17352,procvičovat,V
17353,procvičování,N
17354,prodaný,A
17355,prodat,V
17356,prodavač,N
17357,prodavačka,N
17358,prodej,N
17359,prodejce,N
17360,prodejkyně,N
17361,prodejna,N
17362,prodejnost,N
17363,prodejný,A
17364,prodiskutovat,V
17365,prodlení,N
17366,prodleva,N
17367,prodloužená,N
17368,prodloužení,N
17369,prodloužený,A
17370,prodloužit,V
17371,prodlužovat,V
17372,prodlužování,N
17373,prodražení,N
17374,prodražit,V
17375,producent,N
17376,producentka,N
17377,producentský,A
17378,producírovat,V
17379,produkce,N
17380,produkovat,V
17381,produkt,N
17382,produktivita,N
17383,produktivní,A
17384,produkční,A
17385,produkčně,D
17386,prodyšnost,N
17387,prodyšně,D
17388,prodyšný,A
17389,prodávající,N
17390,prodávaný,A
17391,prodávat,V
17392,prodávání,N
17393,prodírat,V
17394,proděkan,N
17395,proděkanka,N
17396,prodělat,V
17397,prodělek,N
17398,prodělečný,A
17399,prodělávat,V
17400,profese,N
17401,profesionalita,N
17402,profesionalizace,N
17403,profesionálka,N
17404,profesionální,A
17405,profesní,A
17406,profesně,D
17407,profesor,N
17408,profesorka,N
17409,profesorský,A
17410,profesura,N
17411,profi,A
17412,profil,N
17413,profilace,N
17414,profilovaný,A
17415,profilovat,V
17416,profilování,N
17417,profit,N
17418,profitovat,V
17419,profrčet,V
17420,profík,N
17421,progesteron,N
17422,prognostik,N
17423,program,N
17424,programovací,A
17425,programovat,V
17426,programovatelný,A
17427,programování,N
17428,programově,D
17429,programátor,N
17430,programátorka,N
17431,programátorský,A
17432,progres,N
17433,progrese,N
17434,progresivní,A
17435,prohibice,N
17436,prohlašovat,V
17437,prohledat,V
17438,prohledání,N
17439,prohledávat,V
17440,prohledávání,N
17441,prohloubení,N
17442,prohloubit,V
17443,prohloupit,V
17444,prohlubeň,N
17445,prohlubovat,V
17446,prohlubování,N
17447,prohlubující,A
17448,prohlásit,V
17449,prohlášení,N
17450,prohlášený,A
17451,prohlédnout,N
17452,prohlédnutí,N
17453,prohlídka,N
17454,prohlížet,V
17455,prohlížeč,N
17456,prohnaný,A
17457,prohnat,V
17458,prohnilý,A
17459,prohnout,V
17460,prohnutí,N
17461,prohnutý,A
17462,prohra,N
17463,prohrabat,V
17464,prohraný,A
17465,prohrnout,V
17466,prohánět,V
17467,prohřešek,N
17468,prohřešit,V
17469,prohřát,V
17470,prohřátí,N
17471,projednaný,A
17472,projednat,V
17473,projednání,N
17474,projednávat,V
17475,projednávání,N
17476,projekce,N
17477,projekt,N
17478,projektant,N
17479,projektil,N
17480,projektor,N
17481,projektovat,N
17482,projektovaný,A
17483,projektování,N
17484,projektový,A
17485,projektově,D
17486,projekční,A
17487,projekčně,D
17488,projet,V
17489,projetí,N
17490,projetý,A
17491,projev,N
17492,projevení,N
17493,projevený,A
17494,projevit,V
17495,projevovat,V
17496,projevující,A
17497,projíst,V
17498,projít,V
17499,projíždějící,A
17500,projíždění,N
17501,projíždět,V
17502,projížďka,N
17503,prokazatelný,A
17504,prokazatelně,D
17505,prokazovat,V
17506,prokazování,N
17507,prokazující,A
17508,proklamace,N
17509,prokletí,N
17510,prokličkovat,V
17511,proklouznout,V
17512,prokluz,N
17513,prokládaný,A
17514,prokládat,V
17515,proklínaný,A
17516,proklínat,V
17517,proklít,V
17518,prokouknout,V
17519,prokousat,V
17520,prokousnout,V
17521,prokrastinace,N
17522,prokrvení,N
17523,prokrvit,V
17524,prokrvovat,V
17525,prokuratura,N
17526,prokurátor,N
17527,prokurátorka,N
17528,prokázaný,A
17529,prokázat,V
17530,prokřehlý,A
17531,prolamovat,V
17532,proletariát,N
17533,proletář,N
17534,proletět,V
17535,prolezlý,A
17536,proleženina,N
17537,proliferace,N
17538,prolisovat,V
17539,prolitý,A
17540,prolnout,V
17541,prolnutí,N
17542,proložený,A
17543,proluka,N
17544,proláklina,N
17545,prolétat,V
17546,prolétnout,V
17547,prolézat,V
17548,prolézačka,N
17549,prolínací,A
17550,promarněný,A
17551,promarodit,V
17552,promasírovat,V
17553,promazat,V
17554,promazávat,V
17555,promenáda,N
17556,promenádní,A
17557,promenádovat,V
17558,promeškat,V
17559,promile,N
17560,prominent,N
17561,prominentní,A
17562,prominout,V
17563,prominutí,N
17564,promiskuita,N
17565,promiskuitní,A
17566,promlouvat,V
17567,promluva,N
17568,promluvit,V
17569,promlčecí,A
17570,promlčení,N
17571,promlčený,A
17572,promlčet,V
17573,promo,A
17574,promoce,N
17575,promoklý,A
17576,promoknout,V
17577,promotér,N
17578,promotérský,A
17579,promovat,V
17580,promočený,A
17581,promoční,A
17582,promptní,N
17583,promptně,D
17584,promrhat,V
17585,promrznout,V
17586,promyslit,V
17587,promyslet,V
17588,promyšlený,A
17589,promyšleně,D
17590,promáčený,A
17591,promíchaný,A
17592,promíchat,V
17593,promíchání,N
17594,promíchávat,V
17595,promíjet,V
17596,promísit,V
17597,promítací,A
17598,promítaný,A
17599,promítat,V
17600,promítačka,N
17601,promítnout,V
17602,promítnutí,N
17603,promítnutý,A
17604,promítání,N
17605,promýšlení,N
17606,promýšlet,V
17607,proměna,N
17608,proměnit,V
17609,proměnlivost,N
17610,proměnná,N
17611,proměnný,A
17612,proměnění,N
17613,proměněný,A
17614,proměňování,N
17615,pronajmout,V
17616,pronajmutí,N
17617,pronajímat,V
17618,pronajímatelný,A
17619,pronajímání,N
17620,pronikající,A
17621,pronikat,V
17622,pronikavý,A
17623,proniknout,V
17624,proniknutelný,A
17625,pronikání,N
17626,pronájem,N
17627,pronásledovaný,A
17628,pronásledovat,V
17629,pronásledovatel,N
17630,pronásledování,N
17631,pronásledující,A
17632,pronášený,A
17633,pronášet,V
17634,pronést,V
17635,propad,N
17636,propadající,A
17637,propadat,V
17638,propadlina,N
17639,propadliště,N
17640,propadlík,N
17641,propadlý,A
17642,propadnout,V
17643,propadnutí,N
17644,propadák,N
17645,propagace,N
17646,propaganda,N
17647,propagandista,N
17648,propagační,A
17649,propagovaný,A
17650,propagovat,V
17651,propagující,A
17652,propagátor,N
17653,propagátorka,N
17654,propasírovat,V
17655,propašovat,V
17656,propiska,N
17657,proplacení,N
17658,proplacený,A
17659,proplakat,V
17660,proplatit,V
17661,propletený,A
17662,proplout,V
17663,proplácení,N
17664,proplácet,V
17665,proplést,V
17666,propojení,N
17667,propojený,A
17668,propojit,V
17669,propojka,N
17670,propojovací,A
17671,propojovat,V
17672,propojování,N
17673,propojující,A
17674,propolis,N
17675,proporce,N
17676,proporcionální,A
17677,proporční,A
17678,propotit,V
17679,propouštěcí,A
17680,propouštění,N
17681,propouštět,V
17682,propozice,N
17683,propočet,N
17684,propočítat,V
17685,propočítávat,V
17686,propracovanost,N
17687,propracovaný,A
17688,propracovat,V
17689,propracování,N
17690,proprat,V
17691,proprieta,N
17692,propršet,V
17693,propust,N
17694,propustek,N
17695,propustit,V
17696,propustka,N
17697,propustný,A
17698,propuštění,N
17699,propuštěný,A
17700,propálený,A
17701,propálit,V
17702,propíchnout,V
17703,propíchnutý,A
17704,propírat,V
17705,propít,V
17706,propůjčení,N
17707,propůjčený,A
17708,propůjčit,V
17709,proradný,A
17710,prorazit,V
17711,proražení,N
17712,prorektor,N
17713,prorektorka,N
17714,prorocký,A
17715,proroctví,N
17716,prorok,N
17717,prorokovat,V
17718,prorostlý,A
17719,prorůstat,V
17720,prorůstání,N
17721,prosadit,V
17722,prosakovat,V
17723,prosakování,N
17724,prosakující,A
17725,prosazení,N
17726,prosazovaný,A
17727,prosazovat,V
17728,prosazování,N
17729,prosba,N
17730,proschlý,A
17731,proschnout,V
17732,prosebník,N
17733,prosebný,A
17734,prosebně,D
17735,prosit,V
17736,prosklení,N
17737,prosklený,A
17738,proslavit,V
17739,proslout,V
17740,proslov,N
17741,proslulost,N
17742,proslulý,A
17743,prosluněný,A
17744,proslýchat,V
17745,proso,N
17746,prospekt,N
17747,prospektor,N
17748,prosperita,N
17749,prosperovat,V
17750,prosperující,A
17751,prospěch,N
17752,prospěšnost,N
17753,prospěšný,A
17754,prostata,N
17755,prostná,N
17756,prostoduchý,A
17757,prostoj,N
17758,prostopášný,A
17759,prostor,N
17760,prostornost,N
17761,prostorový,A
17762,prostota,N
17763,prostořeký,A
17764,prostoupit,V
17765,prostranství,N
17766,prostrčit,V
17767,prostup,N
17768,prostupnost,N
17769,prostupovat,V
17770,prostupující,A
17771,prostírat,V
17772,prostírání,N
17773,prostý,A
17774,prostěradlo,N
17775,prostřed,D
17776,prostředek,N
17777,prostřednictví,N
17778,prostřednictvím,R
17779,prostřední,A
17780,prostředník,N
17781,prostředníček,N
17782,prostředí,N
17783,prostřelit,V
17784,prostřený,A
17785,prostřih,N
17786,prosvištět,V
17787,prosvítat,V
17788,prosvětlení,N
17789,prosvětlený,A
17790,prosvětlit,V
17791,prosytit,V
17792,prosázet,V
17793,prosťáček,N
17794,protagonista,N
17795,protagonistka,N
17796,protahovací,A
17797,protahovat,V
17798,protahování,N
17799,protančit,V
17800,protažení,N
17801,protein,N
17802,proteinový,A
17803,protekce,N
17804,protektorát,N
17805,protektorátní,A
17806,protekční,A
17807,protentokrát,D
17808,protest,N
17809,protestant,N
17810,protestantismus,N
17811,protestantský,A
17812,protestní,A
17813,protestovat,V
17814,protestující,A
17815,protiakce,N
17816,protialkoholní,A
17817,protiargument,N
17818,protichůdný,A
17819,protidrogový,A
17820,protihlukový,A
17821,protihráč,N
17822,protihráčka,N
17823,protijedoucí,A
17824,protikandidát,N
17825,protiklad,N
17826,protilehlý,A
17827,protiletadlový,A
17828,protiletecký,A
17829,protilátka,N
17830,protimluv,N
17831,protinávrh,N
17832,protipožární,A
17833,protiproud,N
17834,protiprávní,A
17835,protipól,N
17836,protiskluzový,A
17837,protislužba,N
17838,protisměrný,A
17839,protistrana,N
17840,protistátní,A
17841,protiva,N
17842,protivenství,N
17843,protivládní,A
17844,protivnice,N
17845,protivník,N
17846,protiváha,N
17847,protiválečný,A
17848,protivítr,N
17849,protizánětlivý,A
17850,protiúder,N
17851,protiústavní,A
17852,protiútok,N
17853,protiúčet,N
17854,protiřečit,V
17855,protkat,V
17856,protlačit,V
17857,protlačovat,V
17858,protnout,V
17859,proto,D
17860,protokol,N
17861,protokolární,A
17862,proton,N
17863,protonový,A
17864,protopit,V
17865,prototyp,N
17866,prototypový,A
17867,protože,J
17868,protrhnout,V
17869,protrpět,V
17870,protrápit,V
17871,protržení,N
17872,protržený,A
17873,protéci,V
17874,protékající,A
17875,protékat,V
17876,protéza,N
17877,protějšek,N
17878,protější,A
17879,proud,N
17880,proudit,V
17881,proudnice,N
17882,proudící,A
17883,proutek,N
17884,proutkař,N
17885,proutí,N
17886,proutěný,A
17887,proužek,N
17888,proužkovaný,A
17889,provalení,N
17890,provalit,V
17891,provaz,N
17892,provazec,N
17893,provazník,N
17894,provazový,A
17895,provařený,A
17896,provdaný,A
17897,provdat,V
17898,provedení,N
17899,proveditelnost,N
17900,proveditelný,A
17901,provincie,N
17902,provinile,D
17903,provinilec,N
17904,provinilý,A
17905,provinění,N
17906,provize,N
17907,provizorium,N
17908,provizorní,A
17909,provizorně,D
17910,provléknout,V
17911,provokace,N
17912,provokativní,A
17913,provokativně,D
17914,provokatér,N
17915,provokační,A
17916,provokovat,V
17917,provolat,V
17918,provolání,N
17919,provolávat,V
17920,provoněný,A
17921,provonět,V
17922,provoz,N
17923,provozní,A
17924,provozní,N
17925,provozovaný,A
17926,provozovat,V
17927,provozovatel,N
17928,provozovna,N
17929,provozování,N
17930,provozující,A
17931,provrtaný,A
17932,provrtat,V
17933,prováděcí,A
17934,provádějící,A
17935,provádění,N
17936,provádět,V
17937,prováhat,V
17938,provázanost,N
17939,provázaný,A
17940,provázející,A
17941,provázek,N
17942,provázený,A
17943,provázet,V
17944,provázání,N
17945,provést,V
17946,provézt,V
17947,prověrka,N
17948,prověřený,A
17949,prověřit,V
17950,prověřovací,A
17951,prověřovat,V
17952,prověřování,N
17953,prozaicky,D
17954,prozaik,N
17955,prozatím,D
17956,prozatímní,A
17957,prozkoumaný,A
17958,prozkoumat,V
17959,prozkoumání,N
17960,prozkoumávat,V
17961,prozkoumávání,N
17962,prozradit,V
17963,prozrazení,N
17964,prozrazovat,V
17965,prozrazující,A
17966,prozářit,V
17967,prozíravost,N
17968,prozíravý,A
17969,prozíravě,D
17970,prozřetelnost,N
17971,prozřetelný,A
17972,prozřetelně,D
17973,prozřít,V
17974,pročištění,N
17975,pročíst,V
17976,prořez,N
17977,prořezání,N
17978,prořezávat,V
17979,prořezávka,N
17980,prořezávání,N
17981,prořídlý,A
17982,prořídnout,V
17983,proříznout,V
17984,proříznutý,A
17985,prošedivělý,A
17986,prošetřit,V
17987,prošetřování,N
17988,proškolený,A
17989,proškolit,V
17990,prošlapaný,A
17991,prošlapat,V
17992,prošlapávat,V
17993,prošlehat,V
17994,prošlý,A
17995,prošpikovaný,A
17996,prošpikovat,V
17997,prošvihnout,V
17998,prošít,V
17999,prožitek,N
18000,prožitkový,A
18001,prožití,N
18002,prožít,V
18003,prožívající,A
18004,prožívaný,A
18005,prožívat,V
18006,prsa,N
18007,prsatý,A
18008,prsař,N
18009,prsní,A
18010,prso,N
18011,prst,N
18012,prsten,N
18013,prstencový,A
18014,prstenec,N
18015,prsteníček,N
18016,prstový,A
18017,prstík,N
18018,prstíček,N
18019,prstýnek,N
18020,prudce,D
18021,prudký,A
18022,pruh,N
18023,pruhovaný,A
18024,prut,N
18025,prutový,A
18026,pružina,N
18027,pružný,A
18028,pružně,D
18029,prve,D
18030,prvek,N
18031,prvenství,N
18032,první,A
18033,prvně,D
18034,prvodárce,N
18035,prvohorní,A
18036,prvohory,N
18037,prvok,N
18038,prvopočátek,N
18039,prvorozený,A
18040,prvosenka,N
18041,prvotelka,N
18042,prvotina,N
18043,prvotně,D
18044,prvotní,A
18045,prvotřídní,A
18046,prvouka,N
18047,prvovolič,N
18048,prvovýroba,N
18049,prvočíslo,N
18050,prvák,N
18051,prvý,A
18052,pryskyřice,N
18053,pryskyřník,N
18054,pryč,D
18055,pryčna,N
18056,pryž,N
18057,pryžový,A
18058,práce,N
18059,práceschopný,A
18060,prádlo,N
18061,prádelna,N
18062,prádelník,N
18063,prádélko,N
18064,práh,N
18065,prám,N
18066,prásk,I
18067,práskat,V
18068,prásknutí,N
18069,práskání,N
18070,právem,D
18071,právnický,A
18072,právní,A
18073,právník,N
18074,právně,D
18075,právo,N
18076,právoplatný,A
18077,právoplatně,D
18078,právě,T
18079,prázdniny,N
18080,prázdno,N
18081,prázdnota,N
18082,prázdně,D
18083,prázdný,A
18084,prášek,N
18085,práškový,A
18086,prémie,N
18087,prémiový,A
18088,prérie,N
18089,próza,N
18090,pršet,V
18091,průběh,N
18092,průběžný,A
18093,průběžně,D
18094,průchod,N
18095,průchodnost,N
18096,průchodný,A
18097,průchozí,A
18098,průduch,N
18099,průduška,N
18100,průduškový,A
18101,průdušnice,N
18102,průhled,N
18103,průhledný,A
18104,průhledně,D
18105,průhon,N
18106,průhyb,N
18107,průjem,N
18108,průjezd,N
18109,průjezdnost,N
18110,průkaz,N
18111,průkazka,N
18112,průkazný,A
18113,průkopnice,N
18114,průkopnický,A
18115,průkopník,N
18116,průlet,N
18117,průlez,N
18118,průlezka,N
18119,průliv,N
18120,průlom,N
18121,průlomový,A
18122,průmysl,N
18123,průmyslník,N
18124,průmyslovka,N
18125,průmyslový,A
18126,průměr,N
18127,průměrný,A
18128,průnik,N
18129,průplav,N
18130,průpovídka,N
18131,průprava,N
18132,průsak,N
18133,průsek,N
18134,průsečík,N
18135,průsmyk,N
18136,průstřel,N
18137,průsvitný,A
18138,průtah,N
18139,průtok,N
18140,průtokový,A
18141,průtočný,A
18142,průtrž,N
18143,průvan,N
18144,průvlak,N
18145,průvod,N
18146,průvodce,N
18147,průvodcovský,A
18148,průvodkyně,N
18149,průvodní,A
18150,průvodčí,N
18151,průzkum,N
18152,průzkumník,N
18153,průzkumný,A
18154,průzor,N
18155,průzračnost,N
18156,průzračný,A
18157,průřez,N
18158,průšvih,N
18159,průšvihář,N
18160,psací,A
18161,psanec,N
18162,psaní,N
18163,psaníčko,N
18164,psaný,A
18165,psavec,N
18166,pseudonym,N
18167,psina,N
18168,psisko,N
18169,psoriáza,N
18170,psovod,N
18171,pstruh,N
18172,psychiatrie,N
18173,psychický,A
18174,psychik,N
18175,psychika,N
18176,psycho,A
18177,psycholog,N
18178,psychologický,A
18179,psychologie,N
18180,psychoterapeut,N
18181,psychoterapeutka,N
18182,psychoterapie,N
18183,psát,V
18184,psávat,V
18185,ptactvo,N
18186,ptačí,A
18187,pták,N
18188,ptát,V
18189,ptáče,N
18190,ptáček,N
18191,puberta,N
18192,puberťačka,N
18193,puberťák,N
18194,pubescent,N
18195,publicista,N
18196,publicistika,N
18197,publicistka,N
18198,publicita,N
18199,publikace,N
18200,publikovat,V
18201,publikovatelný,A
18202,publikování,N
18203,publikum,N
18204,puchýř,N
18205,puchýřek,N
18206,puding,N
18207,pudink,N
18208,pudit,V
18209,pudl,N
18210,pudový,A
18211,pudr,N
18212,pudrový,A
18213,pugét,N
18214,pukat,V
18215,puklice,N
18216,puknout,V
18217,pulec,N
18218,pulovr,N
18219,pulpa,N
18220,pulpit,N
18221,puls,N
18222,pulsovat,V
18223,pult,N
18224,pultový,A
18225,pultík,N
18226,pulz,N
18227,pulzovat,V
18228,pulzující,A
18229,puma,N
18230,pumový,A
18231,pumpa,N
18232,pumpař,N
18233,pumpovat,V
18234,pumpování,N
18235,punc,N
18236,puncovní,A
18237,punk,N
18238,punkce,N
18239,punkový,A
18240,puntičkář,N
18241,puntičkářský,A
18242,puntík,N
18243,puntíkatý,A
18244,puntíkovaný,A
18245,punč,N
18246,punčocha,N
18247,punčochový,A
18248,punčocháče,N
18249,pupen,N
18250,pupeční,A
18251,pupečníkový,A
18252,pupek,N
18253,pupík,N
18254,pupínek,N
18255,puritán,N
18256,puritánský,A
18257,purkmistr,N
18258,purkrabství,N
18259,purkrabí,N
18260,purpura,N
18261,purpurový,A
18262,pusa,N
18263,pusinka,N
18264,pustina,N
18265,pustit,V
18266,pusto,D
18267,pustý,A
18268,pustošit,V
18269,putna,N
18270,putovní,A
18271,putování,N
18272,putovat,V
18273,putující,A
18274,putyka,N
18275,puška,N
18276,puškař,N
18277,puškový,A
18278,puškvorec,N
18279,puštík,N
18280,puštěný,A
18281,pykat,V
18282,pylový,A
18283,pyramida,N
18284,pyramidový,A
18285,pyrotechnický,A
18286,pyrotechnik,N
18287,pyrotechnika,N
18288,pyré,N
18289,pytel,N
18290,pytlový,A
18291,pytlácký,A
18292,pytláctví,N
18293,pytlák,N
18294,pytlík,N
18295,pytlíček,N
18296,pyšnit,V
18297,pyšnící,A
18298,pyšný,A
18299,pyžamo,N
18300,pábitel,N
18301,páchaný,A
18302,páchat,V
18303,páchnoucí,A
18304,páchnout,V
18305,páchání,N
18306,pádit,V
18307,pádlo,N
18308,pádlovat,V
18309,pádlování,N
18310,pádový,A
18311,pájení,N
18312,pájet,V
18313,pájka,N
18314,páka,N
18315,pákař,N
18316,pákový,A
18317,pálenice,N
18318,pálenka,N
18319,pálení,N
18320,pálený,A
18321,pálit,V
18322,pálivý,A
18323,pálka,N
18324,pálkař,N
18325,pálící,A
18326,pánev,N
18327,pánevní,A
18328,pánvička,N
18329,pára,N
18330,párat,V
18331,párek,N
18332,párkrát,C
18333,párovat,V
18334,párování,N
18335,párový,A
18336,párty,N
18337,párátko,N
18338,pásek,N
18339,páska,N
18340,páskový,A
18341,pásmo,N
18342,pásovec,N
18343,pásový,A
18344,pást,V
18345,pátek,N
18346,páter,N
18347,páteř,N
18348,pátrací,A
18349,pátrající,A
18350,pátrat,V
18351,pátrač,N
18352,pátrání,N
18353,páčidlo,N
18354,páčka,N
18355,páření,N
18356,pářit,V
18357,páťák,N
18358,páže,N
18359,pérko,N
18360,péro,N
18361,pérování,N
18362,pérák,N
18363,péřový,A
18364,píchat,V
18365,píchnout,V
18366,píchnutí,N
18367,píchání,N
18368,pícnina,N
18369,pídit,V
18370,píka,N
18371,píle,N
18372,pípa,N
18373,pípnout,V
18374,pípání,N
18375,pírko,N
18376,písanka,N
18377,písař,N
18378,písařka,N
18379,písařík,N
18380,písek,N
18381,písemka,N
18382,písemnost,N
18383,písemný,A
18384,píseček,N
18385,písečný,A
18386,píseň,N
18387,pískající,A
18388,pískat,V
18389,pískání,N
18390,písknout,V
18391,pískot,N
18392,pískovaný,A
18393,pískovec,N
18394,pískoviště,N
18395,pískovna,N
18396,pískování,N
18397,pískový,A
18398,písmenko,N
18399,písmeno,N
18400,písmo,N
18401,písmák,N
18402,písnička,N
18403,písničkář,N
18404,písničkářka,N
18405,písničkářský,A
18406,písničkářství,N
18407,písník,N
18408,píst,N
18409,pístový,A
18410,písčitý,A
18411,pítko,N
18412,píšťala,N
18413,píšťalka,N
18414,pódiový,A
18415,pódium,N
18416,pólista,N
18417,pólistka,N
18418,pólo,N
18419,pórek,N
18420,póza,N
18421,pózovat,V
18422,pózování,N
18423,pýcha,N
18424,pýchavka,N
18425,pěchota,N
18426,pěchotní,A
18427,pěkně,D
18428,pěkný,A
18429,pěna,N
18430,pěnice,N
18431,pěnkava,N
18432,pěnový,A
18433,pěst,N
18434,pěstitel,N
18435,pěstitelka,N
18436,pěstitelský,A
18437,pěstička,N
18438,pěstní,A
18439,pěstoun,N
18440,pěstounka,N
18441,pěstounství,N
18442,pěstovaný,A
18443,pěstovat,V
18444,pěstování,N
18445,pěstírna,N
18446,pěstěný,A
18447,pětiboj,N
18448,pětibojař,N
18449,pětice,N
18450,pětina,C
18451,pětka,N
18452,pětník,N
18453,pěvec,N
18454,pěvkyně,N
18455,pěšec,N
18456,pěšina,N
18457,pěšinka,N
18458,pěšák,N
18459,pěší,A
18460,přadlena,N
18461,přebal,N
18462,přebalit,V
18463,přebalovací,A
18464,přebalování,N
18465,přebalovat,V
18466,přebarvit,V
18467,přebolet,V
18468,přebor,N
18469,přebornice,N
18470,přeborník,N
18471,přeborový,A
18472,přebraný,A
18473,přebrat,V
18474,přebrousit,V
18475,přebudovaný,A
18476,přebudovat,V
18477,přebudování,N
18478,přebudovávat,V
18479,přebytek,N
18480,přebytkový,A
18481,přebíhající,A
18482,přebíhání,N
18483,přebíjet,V
18484,přebírat,V
18485,přebírání,N
18486,přebít,V
18487,přebývající,A
18488,přebývat,V
18489,přeběh,N
18490,přeběhlík,N
18491,přeběhnout,V
18492,přece,T
18493,přecenit,V
18494,přecenění,N
18495,přeceňování,N
18496,přechod,N
18497,přechodit,V
18498,přechodně,D
18499,přechodný,A
18500,přechodový,A
18501,přechovávat,V
18502,přechovávání,N
18503,přecházející,A
18504,přecházení,N
18505,přecházet,V
18506,přecitlivělý,A
18507,přecitlivělost,N
18508,přecpaný,A
18509,přecpat,V
18510,předaný,A
18511,předat,V
18512,předbíhat,V
18513,předběhnout,V
18514,předběžný,A
18515,předběžně,D
18516,předchozí,A
18517,předcházející,A
18518,předcházení,N
18519,předcházet,V
18520,předchůdce,N
18521,předchůdkyně,N
18522,předcvičovat,V
18523,předehnat,V
18524,předehra,N
18525,předehrát,V
18526,předehrávaný,A
18527,předehrávka,N
18528,předehřát,V
18529,předehřátý,A
18530,předejít,V
18531,předem,D
18532,předení,N
18533,předepisovat,V
18534,předepisování,N
18535,předepsaný,A
18536,předeslat,V
18537,předestřít,V
18538,předevčírem,D
18539,předešlý,A
18540,předhazovat,V
18541,předhodit,V
18542,předhonit,V
18543,předivo,N
18544,předjet,V
18545,předjetí,N
18546,předjížděcí,A
18547,předjíždějící,A
18548,předjíždění,N
18549,předjíždět,V
18550,předkapela,N
18551,předkladatel,N
18552,předklonit,V
18553,předkládaný,A
18554,předkládat,V
18555,předkládání,N
18556,předkrm,N
18557,předloha,N
18558,předloktí,N
18559,předložení,N
18560,předložený,A
18561,předložit,V
18562,předložka,N
18563,předmanželský,A
18564,předměstský,A
18565,předměstí,N
18566,předmět,N
18567,předmětný,A
18568,předmětový,A
18569,přednes,N
18570,přednesený,A
18571,přednost,N
18572,přednosta,N
18573,přednostní,A
18574,přednostně,D
18575,přednášející,A
18576,přednášet,V
18577,přednáška,N
18578,přední,A
18579,předoperační,A
18580,předpis,N
18581,předpisový,A
18582,předplacený,A
18583,předplatitel,N
18584,předplatitelský,A
18585,předplatné,N
18586,předplatný,A
18587,předpoklad,N
18588,předpokládající,A
18589,předpokládaný,A
18590,předpokládat,V
18591,předpona,N
18592,předposlední,A
18593,předpotopní,A
18594,předpovídaný,A
18595,předpovídání,N
18596,předpovídat,V
18597,předpověď,N
18598,předpremiéra,N
18599,předpremiérový,A
18600,předprodej,N
18601,předražení,N
18602,předražený,A
18603,předražit,V
18604,předražování,N
18605,předseda,N
18606,předsedající,A
18607,předsedat,V
18608,předsedkyně,N
18609,předsednický,A
18610,předsednictvo,N
18611,předsednictví,N
18612,předsevzetí,N
18613,předsevzít,V
18614,předskakovat,V
18615,předskokan,N
18616,představa,N
18617,představenstvo,N
18618,představená,N
18619,představený,A
18620,představit,V
18621,představitel,N
18622,představitelka,N
18623,představitelný,A
18624,představitelně,D
18625,představivost,N
18626,představovaný,A
18627,představovat,V
18628,představující,A
18629,předstih,N
18630,předstihovat,V
18631,předstupeň,N
18632,předstíraný,A
18633,předstírat,V
18634,předstírání,N
18635,předsudek,N
18636,předsunout,V
18637,předsunutý,A
18638,předsálí,N
18639,předsíň,N
18640,předsíňka,N
18641,předtančení,N
18642,předtočený,A
18643,předtucha,N
18644,předtím,D
18645,předurčení,N
18646,předurčený,A
18647,předurčit,V
18648,předvedení,N
18649,předvečer,N
18650,předvolba,N
18651,předvolební,A
18652,předvolání,N
18653,předvolávat,V
18654,předváděcí,A
18655,předvádějící,A
18656,předváděný,A
18657,předvádět,V
18658,předváděčka,N
18659,předválečný,A
18660,předvést,V
18661,předvídaný,A
18662,předvídat,V
18663,předvídatelnost,N
18664,předvídatelně,D
18665,předvídatelný,A
18666,předvídavost,N
18667,předvídavý,A
18668,předvídání,N
18669,předvýběr,N
18670,předzvěst,N
18671,předák,N
18672,předání,N
18673,předávací,A
18674,předávající,A
18675,předávaný,A
18676,předávat,V
18677,předávka,N
18678,předávkovat,V
18679,předávkování,N
18680,předčasný,A
18681,předčíslí,N
18682,předčítat,V
18683,předěl,N
18684,předělaný,A
18685,předělat,V
18686,předělání,N
18687,předělávat,V
18688,předělávka,N
18689,předškolní,A
18690,předškolák,N
18691,přehazovaná,N
18692,přehazovat,V
18693,přehazovačka,N
18694,přehazování,N
18695,přehlasování,N
18696,přehled,N
18697,přehlednost,N
18698,přehledný,A
18699,přehledně,D
18700,přehledový,A
18701,přehlušit,V
18702,přehlušovat,V
18703,přehlásit,V
18704,přehlédnout,V
18705,přehlédnutí,N
18706,přehlídka,N
18707,přehlídkový,A
18708,přehlížení,N
18709,přehlížet,V
18710,přehmat,N
18711,přehnaný,A
18712,přehnat,V
18713,přehodit,V
18714,přehodnocení,N
18715,přehodnocovat,V
18716,přehodnocování,N
18717,přehodnotit,V
18718,přehoz,N
18719,přehozený,A
18720,přehrabovat,V
18721,přehrada,N
18722,přehradit,V
18723,přehradní,A
18724,přehrání,N
18725,přehrát,V
18726,přehrávat,V
18727,přehrávač,N
18728,přehrávka,N
18729,přehrávání,N
18730,přehršel,N
18731,přehršle,N
18732,přehánění,N
18733,přehánět,V
18734,přeházet,V
18735,přeháňka,N
18736,přehřát,V
18737,přehřátí,N
18738,přehřívat,V
18739,přehřívání,N
18740,přejatý,A
18741,přejet,V
18742,přejetí,N
18743,přejmenování,N
18744,přejmenovávat,V
18745,přející,A
18746,přejídat,V
18747,přejídání,N
18748,přejímat,V
18749,přejímka,N
18750,přejímání,N
18751,přejíst,V
18752,přejít,V
18753,přejíždění,N
18754,přejíždět,V
18755,překlad,N
18756,překladatel,N
18757,překladatelka,N
18758,překladatelský,A
18759,překladatelství,N
18760,překladač,N
18761,překladiště,N
18762,překladový,A
18763,překlenout,V
18764,překlenovací,A
18765,překlenovat,V
18766,překlenutí,N
18767,překlep,N
18768,překližka,N
18769,překlopení,N
18770,překlopit,V
18771,překládat,V
18772,překládka,N
18773,překládání,N
18774,překonaný,A
18775,překonat,V
18776,překonatelný,A
18777,překonávající,A
18778,překonávat,V
18779,překonávání,N
18780,překop,N
18781,překot,N
18782,překotný,A
18783,překotně,D
18784,překousnout,V
18785,překračovat,V
18786,překračování,N
18787,překračující,A
18788,překreslit,V
18789,překrojit,V
18790,překroucený,A
18791,překroutit,V
18792,překročení,N
18793,překročit,V
18794,překrucování,N
18795,překrucovat,V
18796,překryt,N
18797,překrytí,N
18798,překrytý,A
18799,překrásný,A
18800,překrásně,D
18801,překrýt,V
18802,překrývající,A
18803,překrývat,V
18804,překrývání,N
18805,překulit,V
18806,překupník,N
18807,překvapení,N
18808,překvapený,A
18809,překvapit,V
18810,překvapivý,A
18811,překvapivě,D
18812,překvapující,A
18813,překypující,A
18814,překyselení,N
18815,překreslit,V
18816,překážející,A
18817,překážet,V
18818,překážka,N
18819,překážkový,A
18820,překážkář,N
18821,překřičet,V
18822,překřtít,V
18823,překřížený,A
18824,překřížit,V
18825,přeladit,V
18826,přelakovat,V
18827,přelepený,A
18828,přelepit,V
18829,přelet,N
18830,přeletět,V
18831,přelidnění,N
18832,přelidněný,A
18833,přelití,N
18834,přelitý,A
18835,přeliv,N
18836,přelom,N
18837,přelomový,A
18838,přeložení,N
18839,přeložený,A
18840,přeložit,V
18841,přeložitelný,A
18842,přeložka,N
18843,přelud,N
18844,přelétat,V
18845,přelétnout,V
18846,přelévat,V
18847,přelévání,N
18848,přelézt,V
18849,přelít,V
18850,přelíčení,N
18851,přemet,N
18852,přemisťovat,V
18853,přemisťování,N
18854,přemlouvat,V
18855,přemlouvání,N
18856,přemluvit,V
18857,přemnožení,N
18858,přemnožit,V
18859,přemoci,V
18860,přemostit,V
18861,přemostění,N
18862,přemožitel,N
18863,přemožitelka,N
18864,přemožitelný,A
18865,přemáhání,N
18866,přemístění,N
18867,přemístěný,A
18868,přemítat,V
18869,přemítání,N
18870,přemýšlení,N
18871,přemýšlet,V
18872,přeměna,N
18873,přeměnit,V
18874,přeměněný,A
18875,přeměření,N
18876,přeměřit,V
18877,přeměřovat,V
18878,přenastavit,V
18879,přenašeč,N
18880,přenechat,V
18881,přenechání,N
18882,přeneseně,D
18883,přenocování,N
18884,přenos,N
18885,přenositelnost,N
18886,přenositelný,A
18887,přenoska,N
18888,přenosný,A
18889,přenosový,A
18890,přenášející,A
18891,přenášení,N
18892,přenášený,A
18893,přenášet,V
18894,přenést,V
18895,přepad,N
18896,přepadení,N
18897,přepadený,A
18898,přepadnout,V
18899,přepadový,A
18900,přepadávání,N
18901,přeparkovat,V
18902,přepis,N
18903,přepisovat,V
18904,přepisování,N
18905,přepjatý,A
18906,přeplatek,N
18907,přeplatit,V
18908,přeplavat,V
18909,přeplavit,V
18910,přeplněnost,N
18911,přeplněný,A
18912,přeplácaný,A
18913,přeplácat,V
18914,přeplácet,V
18915,přeplňovaný,A
18916,přeplňování,N
18917,přepnout,V
18918,přepnutí,N
18919,přepojit,V
18920,přeposlat,V
18921,přepočet,N
18922,přepočtený,A
18923,přepočítat,V
18924,přepočítání,N
18925,přepočítávat,V
18926,přepočítávání,N
18927,přepracovaný,A
18928,přepracovat,V
18929,přepracování,N
18930,přepracovávat,V
18931,přeprava,N
18932,přepravce,N
18933,přepravit,V
18934,přepravka,N
18935,přepravní,A
18936,přepravovaný,A
18937,přepravovat,V
18938,přepravující,A
18939,přeprogramovat,V
18940,přepsat,V
18941,přepsání,N
18942,přeptat,V
18943,přepážka,N
18944,přepínač,N
18945,přepínání,N
18946,přepínat,V
18947,přepísknout,V
18948,přepětí,N
18949,přepůlit,V
18950,přeražený,A
18951,přerod,N
18952,přerozdělit,V
18953,přerozdělovací,A
18954,přerozdělovat,V
18955,přerozdělování,N
18956,přerušení,N
18957,přerušený,A
18958,přerušit,V
18959,přerušovaný,A
18960,přerušování,N
18961,přervat,V
18962,přerůst,V
18963,přes,R
18964,přesadit,V
18965,přesah,N
18966,přesahovat,V
18967,přesahující,A
18968,přesazení,N
18969,přesazovat,V
18970,přesazování,N
18971,přesedat,V
18972,přesednout,V
18973,přesila,N
18974,přesilovka,N
18975,přesilový,A
18976,přeskakovat,V
18977,přeskakování,N
18978,přeskládat,V
18979,přeskok,N
18980,přeskočit,V
18981,přeskupení,N
18982,přeskupit,V
18983,přeskupovat,V
18984,přeskupování,N
18985,přeslechnout,V
18986,přesmyčka,N
18987,přesměrovat,V
18988,přesnost,N
18989,přesnídávka,N
18990,přesný,A
18991,přesouvat,V
18992,přesouvání,N
18993,přespat,V
18994,přespolní,A
18995,přesprintovat,V
18996,přespání,N
18997,přespávat,V
18998,přespříliš,D
18999,přespříští,A
19000,přestavení,N
19001,přestavit,V
19002,přestavět,V
19003,přestoupit,V
19004,přestrojený,A
19005,přestrojení,N
19006,přestup,N
19007,přestupce,N
19008,přestupek,N
19009,přestupkový,A
19010,přestupní,A
19011,přestupný,A
19012,přestupovat,V
19013,přestupování,N
19014,přestupový,A
19015,přestárlý,A
19016,přestávat,V
19017,přestávka,N
19018,přestávkový,A
19019,přestěhovat,V
19020,přestěhování,N
19021,přestřelka,N
19022,přestřihnout,V
19023,přestřižení,N
19024,přestříkat,V
19025,přesun,N
19026,přesunout,V
19027,přesunutí,N
19028,přesvědčení,N
19029,přesvědčeně,D
19030,přesvědčit,V
19031,přesvědčivost,N
19032,přesvědčivý,A
19033,přesvědčivě,D
19034,přesvědčovací,A
19035,přesvědčovat,V
19036,přesycení,N
19037,přesycený,A
19038,přesypat,V
19039,přesáhnout,V
19040,přesídlení,N
19041,přesídlit,V
19042,přesčas,N
19043,přetahovat,V
19044,přetahování,N
19045,přetavit,V
19046,přetlak,N
19047,přetlakový,A
19048,přetlumočit,V
19049,přetočit,V
19050,přetrvat,V
19051,přetrvávat,V
19052,přetržení,N
19053,přetržený,A
19054,přetvoření,N
19055,přetváření,N
19056,přetvářet,V
19057,přetvářka,N
19058,přetáhnout,V
19059,přetáčení,N
19060,přetáčet,V
19061,přetéci,V
19062,přetékající,A
19063,přetékat,V
19064,přetínat,V
19065,přetíženost,N
19066,přetížení,N
19067,přetěžovat,V
19068,přetěžování,N
19069,přetřásat,V
19070,přetřít,V
19071,převaděč,N
19072,převaha,N
19073,převalit,V
19074,převaz,N
19075,převažovat,V
19076,převažující,A
19077,převedení,N
19078,převedený,A
19079,převelet,V
19080,převelice,D
19081,převezení,N
19082,převezený,A
19083,převis,N
19084,převlek,N
19085,převládající,A
19086,převládat,V
19087,převládnout,V
19088,převléci,V
19089,převlékat,V
19090,převléknout,V
19091,převlékání,N
19092,převlékárna,N
19093,převod,N
19094,převoditelný,A
19095,převodní,A
19096,převodník,N
19097,převodný,A
19098,převodovka,N
19099,převodový,A
19100,převoz,N
19101,převozník,N
19102,převracet,V
19103,převrat,N
19104,převrhnout,V
19105,převrácení,N
19106,převrácený,A
19107,převrátit,V
19108,převtělení,N
19109,převyšující,A
19110,převzatý,A
19111,převzetí,N
19112,převádět,V
19113,převáděč,N
19114,převálcovat,V
19115,převázat,V
19116,převážející,A
19117,převážení,N
19118,převážet,V
19119,převážit,V
19120,převážně,D
19121,převést,V
19122,převézt,V
19123,převýšení,N
19124,převýšit,V
19125,přezdívat,V
19126,přezdívka,N
19127,přezimovat,V
19128,přezimování,N
19129,přezka,N
19130,přezkoumat,V
19131,přezkoumání,N
19132,přezkoušení,N
19133,přezkoušet,V
19134,přezkum,N
19135,přezkušování,N
19136,přezout,V
19137,přezouvání,N
19138,přezrálý,A
19139,přezutí,N
19140,přezíravost,N
19141,přezůvky,N
19142,přečerpat,V
19143,přečerpání,N
19144,přečerpávací,A
19145,přečerpávat,V
19146,přečerpávání,N
19147,přečin,N
19148,přečkat,V
19149,přečkávat,V
19150,přečnívat,V
19151,přečtený,A
19152,přečíslení,N
19153,přečíslit,V
19154,přečíslování,N
19155,přeřadit,V
19156,přeřeknutí,N
19157,přeříznout,V
19158,přešetření,N
19159,přeškolit,V
19160,přeškrtnout,V
19161,přeškrtnutý,A
19162,přešlap,N
19163,přešlapovat,V
19164,přešlapování,N
19165,přešlápnout,V
19166,přežitek,N
19167,přežitý,A
19168,přežvýkavec,N
19169,přežít,V
19170,přežívající,A
19171,přežívat,V
19172,přežívání,N
19173,přibalený,A
19174,přibalit,V
19175,přibližný,A
19176,přibližovací,A
19177,přibližovat,V
19178,přibližování,N
19179,přibližující,A
19180,přiblížení,N
19181,přiblížit,V
19182,přibouchnout,V
19183,přibrat,V
19184,přibíhat,V
19185,přibírat,V
19186,přibírání,N
19187,přibít,V
19188,přibývající,A
19189,přibývat,V
19190,přibývání,N
19191,přichycený,A
19192,přichystaný,A
19193,přichystat,V
19194,přichytit,V
19195,přicházející,A
19196,přicházet,V
19197,přidat,V
19198,přidaný,A
19199,přidružení,N
19200,přidružený,A
19201,přidávaný,A
19202,přidávat,V
19203,přidávání,N
19204,přidělat,V
19205,přidělenec,N
19206,přidělení,N
19207,přidělit,V
19208,přidělování,N
19209,přidělávat,V
19210,přihazovat,V
19211,přihlašovací,A
19212,přihlašovat,V
19213,přihlašovatel,N
19214,přihlašování,N
19215,přihlouplý,A
19216,přihlásit,V
19217,přihláška,N
19218,přihlédnout,V
19219,přihlédnutí,N
19220,přihlížející,A
19221,přihlížení,N
19222,přihlížet,V
19223,přihnat,V
19224,přihnout,V
19225,přihodit,V
19226,přihrnout,V
19227,přihrádka,N
19228,přihrát,V
19229,přihrávající,A
19230,přihrávat,V
19231,přihrávka,N
19232,přijatelnost,N
19233,přijatelně,D
19234,přijatelný,A
19235,přijatý,A
19236,přijet,V
19237,přijetí,N
19238,přijímací,A
19239,přijímaný,A
19240,přijímač,N
19241,přijímačka,N
19242,přijímání,N
19243,přijímat,V
19244,přijít,V
19245,přijíždějící,A
19246,přijíždět,V
19247,přiklopit,V
19248,přikládat,V
19249,přikládání,N
19250,přiklánět,V
19251,přikoupit,V
19252,přikovaný,A
19253,přikovat,V
19254,přikročit,V
19255,přikrývka,N
19256,přikrýt,V
19257,přikrčený,A
19258,přikrčit,V
19259,přikusovat,V
19260,přikázaný,A
19261,přikázat,V
19262,přikázání,N
19263,přikývnout,V
19264,přilba,N
19265,přilepit,V
19266,přilepený,A
19267,přilepšení,N
19268,přilepšit,V
19269,přilepšovat,V
19270,přiletět,V
19271,přilnavost,N
19272,přilnavý,A
19273,přiložení,N
19274,přiložit,V
19275,přilákat,V
19276,přilákání,N
19277,přiléhající,A
19278,přiléhat,V
19279,přilít,V
19280,přimknout,V
19281,přimluvit,V
19282,přimotat,V
19283,přimykat,V
19284,přimáčknout,V
19285,přimíchat,V
19286,přimíchávání,N
19287,přimět,V
19288,přiměřenost,N
19289,přiměřeně,D
19290,přiměřený,A
19291,přinesený,A
19292,přinášení,N
19293,přinášet,V
19294,přinést,V
19295,připadající,A
19296,připadat,V
19297,připadnout,V
19298,připalovat,V
19299,připevnit,V
19300,připevnění,N
19301,připevněný,A
19302,připevňovat,V
19303,připisovat,V
19304,připlatit,V
19305,připlouvat,V
19306,připlést,V
19307,připlížit,V
19308,připnout,V
19309,připodobnit,V
19310,připodobňovat,V
19311,připojení,N
19312,připojený,V
19313,připojistit,V
19314,připojit,V
19315,připojitelný,A
19316,připojištění,N
19317,připojovací,A
19318,připojovat,V
19319,připojování,N
19320,připomenout,V
19321,připomenutí,N
19322,připomínající,A
19323,připomínat,V
19324,připomínka,N
19325,připomínkovat,V
19326,připomínkování,N
19327,připomínkový,A
19328,připomínání,N
19329,připoutaný,A
19330,připoutat,V
19331,připoutání,N
19332,připočítávat,V
19333,připravenost,N
19334,připravený,A
19335,připravit,V
19336,připravující,A
19337,připsaný,A
19338,připsat,V
19339,připsání,N
19340,připustit,V
19341,připuštění,N
19342,připálit,V
19343,připíchnout,V
19344,připít,V
19345,přirazit,V
19346,přirovnat,V
19347,přirovnání,N
19348,přirozenost,N
19349,přirození,N
19350,přirozeně,D
19351,přirozený,A
19352,přirážka,N
19353,přirůst,V
19354,přisadit,V
19355,přisednout,V
19356,přislíbený,A
19357,přislíbit,V
19358,přisolit,V
19359,přispat,V
19360,přispěchat,V
19361,přispět,V
19362,přispěvatel,N
19363,přistavení,N
19364,přistavený,A
19365,přistavěný,A
19366,přistavět,V
19367,přistihnout,V
19368,přistižení,N
19369,přistižený,A
19370,přistoupení,N
19371,přistoupit,V
19372,přistupovat,V
19373,přistupující,A
19374,přistání,N
19375,přistát,V
19376,přistávací,A
19377,přistávající,A
19378,přistávat,V
19379,přistávání,N
19380,přistýlka,N
19381,přistěhovat,V
19382,přistěhování,N
19383,přistřihnout,V
19384,přisunout,V
19385,přisát,V
19386,přisátí,N
19387,přitahovat,V
19388,přitahovač,N
19389,přitahující,A
19390,přitakat,V
19391,přitažený,A
19392,přitažlivost,N
19393,přitažlivý,A
19394,přitisknout,V
19395,přitisknutý,A
19396,přitlačit,V
19397,přitom,D
19398,přitočit,V
19399,přituhnout,V
19400,přitulit,V
19401,přitvrdit,V
19402,přitvrzení,N
19403,přitvrzovat,V
19404,přitáhnout,V
19405,přitéci,V
19406,přitékající,A
19407,přitékat,V
19408,přitížit,V
19409,přitěžující,A
19410,přiučit,V
19411,přivazovat,V
19412,přivedení,N
19413,přivedený,A
19414,přivolaný,A
19415,přivolat,V
19416,přivolení,N
19417,přivolání,N
19418,přivolávat,V
19419,přivstat,V
19420,přivydělávat,V
19421,přivykat,V
19422,přivyknout,V
19423,přivábit,V
19424,přivádějící,A
19425,přiváděný,A
19426,přivádět,V
19427,přivázaný,A
19428,přivázat,V
19429,přivážet,V
19430,přivést,V
19431,přivézt,V
19432,přivítat,V
19433,přivítání,N
19434,přivýdělek,N
19435,přivřený,A
19436,přivřít,V
19437,přiznaný,A
19438,přiznání,N
19439,přiznat,V
19440,přiznávání,N
19441,přizpůsobení,N
19442,přizpůsobený,A
19443,přizpůsobit,V
19444,přizpůsobivost,N
19445,přizpůsobovat,V
19446,přizpůsobování,N
19447,přizvaný,A
19448,přizvat,V
19449,přizvání,N
19450,přičemž,D
19451,přičichnout,V
19452,přičinit,V
19453,přičinění,N
19454,přičíst,V
19455,přičítat,V
19456,přiřadit,V
19457,přiřknout,V
19458,přišitý,A
19459,přišpendlit,V
19460,přišroubovat,V
19461,přišít,V
19462,přišívat,V
19463,přádelna,N
19464,přání,N
19465,přáníčko,N
19466,přát,V
19467,přátelit,V
19468,přátelsky,D
19469,přátelský,A
19470,příboj,N
19471,příbor,N
19472,příborník,N
19473,příbuzenstvo,N
19474,příbuzenství,N
19475,příbuznost,N
19476,příbuzná,N
19477,příbuzný,N
19478,příbytek,N
19479,příběh,N
19480,příběhový,A
19481,příchod,N
19482,příchozí,A
19483,příchuť,N
19484,přídatný,A
19485,přídavek,N
19486,přídech,N
19487,přídomek,N
19488,příděl,N
19489,přídělový,A
19490,příhoda,N
19491,příhodný,A
19492,příhodně,D
19493,příhoz,N
19494,příhra,N
19495,příjem,N
19496,příjemnost,N
19497,příjemný,A
19498,příjemně,D
19499,příjezd,N
19500,příjezdový,A
19501,příjmení,N
19502,příjmový,A
19503,příjmově,D
19504,příkaz,N
19505,příklad,N
19506,příkladný,A
19507,příkladně,D
19508,příklep,N
19509,příkon,N
19510,příkop,N
19511,příkoří,N
19512,příkrasa,N
19513,příkrm,N
19514,příkrov,N
19515,příkře,D
19516,přílepek,N
19517,přílet,N
19518,příležitost,N
19519,příležitostný,A
19520,příliv,N
19521,přílivový,A
19522,přílišný,A
19523,příloha,N
19524,přímka,N
19525,přímluva,N
19526,přímo,D
19527,přímotop,N
19528,přímotopný,A
19529,přímočarost,N
19530,přímočaře,D
19531,přímočarý,A
19532,přímořský,A
19533,příměr,N
19534,příměs,N
19535,příměstský,A
19536,příměří,N
19537,přímý,A
19538,přínos,N
19539,přínosný,A
19540,případ,N
19541,případný,A
19542,případně,D
19543,případový,A
19544,přípis,N
19545,přípitek,N
19546,příplatek,N
19547,příplatkový,A
19548,přípoj,N
19549,přípojka,N
19550,přípojný,A
19551,přípona,N
19552,příprava,N
19553,přípravek,N
19554,přípravka,N
19555,přípravna,N
19556,přípustnost,N
19557,přípustný,A
19558,přípustně,D
19559,příroda,N
19560,přírodnina,N
19561,přírodní,A
19562,přírodně,D
19563,přírodopis,N
19564,přírodověda,N
19565,přírodovědec,N
19566,přírodovědecký,A
19567,přírodovědný,A
19568,příručka,N
19569,příruční,A
19570,přísada,N
19571,přísaha,N
19572,přísavka,N
19573,přísedící,A
19574,přísedící,N
19575,příslib,N
19576,příslušející,A
19577,příslušenství,N
19578,příslušet,V
19579,příslušnice,N
19580,příslušnost,N
19581,příslušník,N
19582,příslušně,D
19583,přísný,A
19584,příspěvek,N
19585,příspěvkový,A
19586,přístav,N
19587,přístavba,N
19588,přístaviště,N
19589,přístavní,A
19590,přístroj,N
19591,přístrojový,A
19592,přístup,N
19593,přístupnost,N
19594,přístupný,A
19595,přístupně,D
19596,přístupový,A
19597,přístěnek,N
19598,přístřešek,N
19599,přístřeší,N
19600,přísudek,N
19601,přísun,N
19602,přít,V
19603,přítel,N
19604,přítelkyně,N
19605,přítlak,N
19606,přítmí,N
19607,přítok,N
19608,přítomnost,N
19609,přítomný,A
19610,přítulný,A
19611,přítěž,N
19612,příušnice,N
19613,příval,N
19614,přívalový,A
19615,přívlastek,N
19616,přívlastkový,A
19617,přívod,N
19618,přívodní,A
19619,přívoz,N
19620,přívěs,N
19621,přívěsek,N
19622,přívěsný,A
19623,přívětivě,D
19624,přívětivý,A
19625,příze,N
19626,přízeň,N
19627,příznak,N
19628,příznivý,A
19629,příznivě,D
19630,přízrak,N
19631,přízračný,A
19632,přízvuk,N
19633,příčetnost,N
19634,příčetný,A
19635,příčina,N
19636,příčinný,A
19637,příčka,N
19638,příčník,N
19639,příčný,A
19640,příčně,D
19641,příď,N
19642,příšera,N
19643,příšeří,N
19644,příští,A
19645,příště,D
19646,příživník,N
19647,pšenice,N
19648,pšeničný,A
19649,pšenka,N
19650,pštros,N
19651,půda,N
19652,půdní,A
19653,půdorys,N
19654,půdorysný,A
19655,půjčení,N
19656,půjčený,A
19657,půjčit,V
19658,půjčka,N
19659,půjčovaný,A
19660,půjčovat,V
19661,půjčovna,N
19662,půjčování,N
19663,půlka,N
19664,půlkruh,N
19665,půllitr,N
19666,půllitrový,A
19667,půlmaraton,N
19668,půlnoc,N
19669,půlnoční,A
19670,půlrok,N
19671,půlící,A
19672,působení,N
19673,působený,A
19674,působit,V
19675,působivost,N
19676,působivý,A
19677,působivě,D
19678,působiště,N
19679,působnost,N
19680,působící,A
19681,půst,N
19682,půtka,N
19683,půvab,N
19684,půvabný,A
19685,půvabně,D
19686,původ,N
19687,původce,N
19688,původnost,N
19689,původní,A
19690,původně,D
19691,rabat,N
19692,rabování,N
19693,rabín,N
19694,rachejtle,N
19695,rachot,N
19696,rachota,N
19697,racionalismus,N
19698,racionalita,N
19699,racionalizace,N
19700,racionalizovat,V
19701,racionální,A
19702,racionálně,D
19703,rada,N
19704,radar,N
19705,radiace,N
19706,radiační,A
19707,radikalismus,N
19708,radikalizace,N
19709,radikál,N
19710,radikálně,D
19711,radikální,A
19712,radio,N
19713,radioaktivita,N
19714,radioaktivní,A
19715,radioamatér,N
19716,radiokomunikace,N
19717,radiolog,N
19718,radiologický,A
19719,radiologie,N
19720,radiostanice,N
19721,radioterapie,N
19722,radiový,A
19723,radista,N
19724,radit,V
19725,radiála,N
19726,radiální,A
19727,radiátor,N
19728,radlice,N
19729,radnice,N
19730,radnický,A
19731,radno,D
19732,radní,N
19733,radost,N
19734,radostně,D
19735,radostný,A
19736,radovat,V
19737,radovánka,N
19738,radovánky,N
19739,radující,A
19740,rafinerie,N
19741,rafinovaný,A
19742,rafinérský,A
19743,raft,N
19744,ragby,N
19745,ragú,N
19746,rajka,N
19747,rajon,N
19748,rajský,A
19749,rajón,N
19750,rajče,N
19751,rajčátko,N
19752,raketa,N
19753,raketomet,N
19754,raketoplán,N
19755,raketový,A
19756,raketově,D
19757,rakev,N
19758,rakovina,N
19759,rakovinný,A
19760,rakovinový,A
19761,rakvička,N
19762,rakytník,N
19763,rakytníkový,A
19764,rally,N
19765,rallye,N
19766,ramadán,N
19767,ramenatý,A
19768,ramenní,A
19769,rameno,N
19770,raménko,N
19771,ramínko,N
19772,ranař,N
19773,ranařka,N
19774,randit,V
19775,randění,N
19776,ranec,N
19777,ranhojič,N
19778,ranka,N
19779,ranní,A
19780,ranvej,N
19781,raný,A
19782,ranč,N
19783,rančer,N
19784,raně,D
19785,raper,N
19786,rapidně,D
19787,rapidní,A
19788,rapl,N
19789,raport,N
19790,rapový,A
19791,rapsodie,N
19792,rarita,N
19793,raroh,N
19794,rarášek,N
19795,rasa,N
19796,rastr,N
19797,ratan,N
19798,ratanový,A
19799,ratifikovat,V
19800,ratlík,N
19801,ratolest,N
19802,raubíř,N
19803,raut,N
19804,rauš,N
19805,razance,N
19806,razantní,A
19807,razantně,D
19808,razicí,A
19809,razie,N
19810,razit,V
19811,razítko,N
19812,rašelina,N
19813,rašeliniště,N
19814,rašelinový,A
19815,rašení,N
19816,ražba,N
19817,ražení,N
19818,reagovat,V
19819,reagující,A
19820,reakce,N
19821,reaktivita,N
19822,reaktor,N
19823,reaktorový,A
19824,realismus,N
19825,realista,N
19826,realisticky,D
19827,realistický,A
19828,realita,N
19829,realitka,N
19830,realizace,N
19831,realizovaný,A
19832,realizovat,V
19833,realizovatelný,A
19834,rebel,N
19835,rebelie,N
19836,rebelka,N
19837,rebelský,A
19838,recenze,N
19839,recenzent,N
19840,recenzovat,V
19841,recepce,N
19842,recept,N
19843,receptor,N
19844,receptura,N
19845,recepční,N
19846,recese,N
19847,recesista,N
19848,recesní,A
19849,recidiva,N
19850,recidivista,N
19851,reciprocita,N
19852,reciproční,A
19853,recitace,N
19854,recitál,N
19855,recyklace,N
19856,recyklační,A
19857,recyklovaný,A
19858,recyklovat,V
19859,recyklát,N
19860,redakce,N
19861,redaktor,N
19862,redakční,A
19863,redakčně,D
19864,redukce,N
19865,redukovaný,A
19866,redukovat,V
19867,reference,N
19868,referendum,N
19869,referent,N
19870,referentka,N
19871,referovat,V
19872,referát,N
19873,reflektor,N
19874,reflektovat,V
19875,reflex,N
19876,reflexe,N
19877,reflexní,A
19878,reforma,N
19879,reformace,N
19880,reformista,N
19881,reformní,A
19882,reformovaný,A
19883,reformátor,N
19884,regenerace,N
19885,regiment,N
19886,registr,N
19887,registrace,N
19888,registrovaný,A
19889,registrovat,V
19890,registrující,A
19891,regulace,N
19892,regulovat,V
19893,regulovatelný,A
19894,regulující,A
19895,regulátor,N
19896,regulérnost,N
19897,regulérní,A
19898,regulérně,D
19899,regál,N
19900,rehabilitace,N
19901,rehabilitační,A
19902,rehabilitovat,V
19903,reiki,N
19904,reinkarnace,N
19905,rejstřík,N
19906,rejstříkový,A
19907,rekapitulace,N
19908,reklama,N
19909,reklamace,N
19910,reklamační,A
19911,reklamovaný,A
19912,reklamovat,V
19913,rekognice,N
19914,rekonstrukce,N
19915,rekonstrukční,A
19916,rekonstruovaný,A
19917,rekonstruovat,V
19918,rekord,N
19919,rekordman,N
19920,rekordmanka,N
19921,rekordér,N
19922,rekreace,N
19923,rekreant,N
19924,rekreační,A
19925,rekreačně,D
19926,rektor,N
19927,rektorka,N
19928,rektorský,A
19929,rektorát,N
19930,rekultivace,N
19931,rekuperace,N
19932,rekuperační,A
19933,rekvalifikace,N
19934,rekviem,N
19935,rekvizita,N
19936,rekvizitář,N
19937,relace,N
19938,relativita,N
19939,relativizace,N
19940,relativizovat,V
19941,relax,A
19942,relaxace,N
19943,relevance,N
19944,relevantní,A
19945,relikt,N
19946,relikvie,N
19947,relikviář,N
19948,reliéf,N
19949,reliéfní,A
19950,relé,N
19951,remcat,V
19952,remedium,N
19953,reminiscence,N
19954,remise,N
19955,remix,N
19956,remíza,N
19957,remíz,N
19958,remízek,N
19959,remízka,N
19960,remízovat,V
19961,rendlík,N
19962,renesance,N
19963,renesanční,A
19964,renovace,N
19965,renovovat,V
19966,renta,N
19967,rentabilita,N
19968,rentgen,N
19969,rentgenový,A
19970,rentiér,N
19971,renální,A
19972,reorganizace,N
19973,reorganizační,A
19974,reorganizovat,V
19975,reparace,N
19976,reparát,N
19977,repase,N
19978,repasovaný,A
19979,repasovat,V
19980,repelent,N
19981,repertoár,N
19982,repete,D
19983,replika,N
19984,report,N
19985,reportovat,V
19986,reportáž,N
19987,reportážní,A
19988,reportér,N
19989,reportérka,N
19990,represe,N
19991,represivní,A
19992,reprezentace,N
19993,reprezentant,N
19994,reprezentantka,N
19995,reprezentativní,A
19996,reprezentativně,D
19997,reprezentovaný,A
19998,reprezentovat,V
19999,reprezentující,A
20000,reprodukce,N
20001,reproduktor,N
20002,repríza,N
20003,reprízovaný,A
20004,reptat,V
20005,reptání,N
20006,republika,N
20007,republikový,A
20008,republikán,N
20009,republikánský,A
20010,resekce,N
20011,reset,N
20012,resort,N
20013,resortní,A
20014,respekt,N
20015,respektovat,V
20016,respektování,N
20017,respektující,A
20018,respirace,N
20019,respirační,A
20020,respirátor,N
20021,respondent,N
20022,respondentka,N
20023,restart,N
20024,restaurace,N
20025,restauratér,N
20026,restaurační,A
20027,restaurovaný,A
20028,restaurování,N
20029,restaurovat,V
20030,restaurátor,N
20031,restaurátorka,N
20032,restituce,N
20033,restituent,N
20034,restituentka,N
20035,restituční,A
20036,restovaný,A
20037,restrikce,N
20038,resuscitace,N
20039,resuscitovat,V
20040,retardér,N
20041,retence,N
20042,retenční,A
20043,retro,A
20044,retroaktivita,N
20045,retrospektiva,N
20046,revalvace,N
20047,reverend,N
20048,revidovaný,A
20049,revidovat,V
20050,revitalizace,N
20051,revitalizační,A
20052,revitalizovat,V
20053,revize,N
20054,revizní,A
20055,revmatismus,N
20056,revokace,N
20057,revokovat,V
20058,revolta,N
20059,revoltující,A
20060,revoluce,N
20061,revolucionář,N
20062,revoluční,A
20063,revolučně,D
20064,revolver,N
20065,revue,N
20066,revír,N
20067,revírní,A
20068,revírník,N
20069,rezavějící,A
20070,rezavět,V
20071,rezervace,N
20072,rezervační,A
20073,rezervní,A
20074,rezervovaný,A
20075,rezervovaně,D
20076,rezervovat,V
20077,rezervoár,N
20078,rezidence,N
20079,rezident,N
20080,rezidentní,A
20081,rezidenční,A
20082,reziduum,N
20083,reziduální,A
20084,rezignace,N
20085,rezignovaně,D
20086,rezignovat,V
20087,rezistence,N
20088,rezistor,N
20089,rezoluce,N
20090,rezolutně,D
20091,rezonance,N
20092,rezonovat,V
20093,rezort,N
20094,reál,N
20095,reálie,N
20096,reálka,N
20097,reálný,A
20098,reálně,D
20099,rešerše,N
20100,režie,N
20101,režijně,D
20102,režijní,A
20103,režim,N
20104,režimní,A
20105,režimový,A
20106,režisér,N
20107,režisérka,N
20108,režisérský,A
20109,režný,A
20110,režírovaný,A
20111,režírování,N
20112,režírovat,V
20113,rifle,N
20114,rikša,N
20115,risk,N
20116,riskantní,A
20117,riskantně,D
20118,risknout,V
20119,riskovat,V
20120,riskování,N
20121,rito,N
20122,rituál,N
20123,rituální,A
20124,rivalita,N
20125,rival,N
20126,rivalka,N
20127,rivalský,A
20128,riziko,N
20129,rizikovost,N
20130,rizikový,A
20131,rizikově,D
20132,roba,N
20133,robot,N
20134,robota,N
20135,robotický,A
20136,robotika,N
20137,robotizace,N
20138,robotizovaný,A
20139,robustnost,N
20140,robustní,A
20141,robustně,D
20142,rodačka,N
20143,rodeo,N
20144,rodilý,A
20145,rodina,N
20146,rodinka,N
20147,rodit,V
20148,rodič,N
20149,rodička,N
20150,rodičovství,N
20151,rodokmen,N
20152,rodový,A
20153,rodák,N
20154,rodící,A
20155,rogalo,N
20156,rohatý,A
20157,rohlík,N
20158,rohovina,N
20159,rohovka,N
20160,rohovník,N
20161,rohový,A
20162,rohož,N
20163,rohožka,N
20164,roháč,N
20165,rojení,N
20166,rojit,V
20167,rojnice,N
20168,rokle,N
20169,roklina,N
20170,rokoko,N
20171,rokování,N
20172,rolba,N
20173,rolbař,N
20174,role,N
20175,roleta,N
20176,roletka,N
20177,rolička,N
20178,rolka,N
20179,rolnický,A
20180,rolnička,N
20181,rolní,A
20182,rolník,N
20183,rolovací,A
20184,rolovat,V
20185,roláda,N
20186,romance,N
20187,romanopisec,N
20188,romanticky,D
20189,romantický,A
20190,romantik,N
20191,romantika,N
20192,romantismus,N
20193,romantička,N
20194,román,N
20195,románek,N
20196,románový,A
20197,rondel,N
20198,ronit,V
20199,ropa,N
20200,ropovod,N
20201,ropucha,N
20202,rorýs,N
20203,rosa,N
20204,rosení,N
20205,rosit,V
20206,rosnatka,N
20207,rosnička,N
20208,rosomák,N
20209,rostlina,N
20210,rostlinka,N
20211,rostlinný,A
20212,rostlinstvo,N
20213,rostlý,A
20214,rota,N
20215,rotace,N
20216,rotační,A
20217,rotoped,N
20218,rotor,N
20219,rotovat,V
20220,rotující,A
20221,rotunda,N
20222,roub,N
20223,roubenka,N
20224,roubení,N
20225,roubený,A
20226,roubík,N
20227,roucho,N
20228,roura,N
20229,router,N
20230,rouška,N
20231,rovina,N
20232,rovinatý,A
20233,rovinka,N
20234,rovinový,A
20235,rovnat,V
20236,rovnice,N
20237,rovnoběžka,N
20238,rovnocenný,A
20239,rovnoměrnost,N
20240,rovnoměrný,A
20241,rovnoprávnost,N
20242,rovnoprávný,A
20243,rovnost,N
20244,rovnou,D
20245,rovnováha,N
20246,rovnovážný,A
20247,rovnátka,N
20248,rovnátko,N
20249,rovník,N
20250,rovníkový,A
20251,rovnítko,N
20252,rovný,A
20253,rozbahněný,A
20254,rozbalení,N
20255,rozbalený,A
20256,rozbalování,N
20257,rozbalit,V
20258,rozbití,N
20259,rozbolavělý,A
20260,rozbor,N
20261,rozbourat,V
20262,rozbořený,A
20263,rozbořit,V
20264,rozbroj,N
20265,rozbujelý,A
20266,rozbušit,V
20267,rozbuška,N
20268,rozbíhající,A
20269,rozbíhat,V
20270,rozbíjení,N
20271,rozbíjet,V
20272,rozbít,V
20273,rozběh,N
20274,rozběhat,V
20275,rozběhnout,V
20276,rozběsnit,V
20277,rozbřesk,N
20278,rozcestník,N
20279,rozcestí,N
20280,rozchod,N
20281,rozchodit,V
20282,rozchodník,N
20283,rozchytat,V
20284,rozcházet,V
20285,rozcupovat,V
20286,rozcvičení,N
20287,rozcvičit,V
20288,rozcvička,N
20289,rozcvičovat,V
20290,rozcvičování,N
20291,rozdaný,A
20292,rozdat,V
20293,rozdmýchat,V
20294,rozdrcení,N
20295,rozdrnčet,V
20296,rozdrtit,V
20297,rozdupat,V
20298,rozdání,N
20299,rozdávaný,A
20300,rozdávat,V
20301,rozdávání,N
20302,rozdíl,N
20303,rozdílnost,N
20304,rozdílný,A
20305,rozdílový,A
20306,rozdýchat,V
20307,rozdýchávat,V
20308,rozdělaný,A
20309,rozdělat,V
20310,rozdělení,N
20311,rozdělit,V
20312,rozdělat,V
20313,rozdělovací,A
20314,rozdělovaný,A
20315,rozdělovat,V
20316,rozdělovač,N
20317,rozdělování,N
20318,rozdělávání,N
20319,rozebraný,A
20320,rozebrat,V
20321,rozebrání,N
20322,rozebírat,V
20323,rozebírání,N
20324,rozeběhnout,V
20325,rozechvělý,A
20326,rozechvění,N
20327,rozednít,V
20328,rozednívat,V
20329,rozednění,N
20330,rozehnat,V
20331,rozehnání,N
20332,rozehra,N
20333,rozehranost,N
20334,rozehraný,A
20335,rozehrání,N
20336,rozehrát,V
20337,rozehrávat,V
20338,rozehrávač,N
20339,rozehrávačka,N
20340,rozehrávka,N
20341,rozehrávání,N
20342,rozehřát,V
20343,rozehřátý,A
20344,rozehřívat,V
20345,rozejít,V
20346,rozemlít,V
20347,rozemletý,A
20348,rozený,A
20349,rozepisovat,V
20350,rozepsat,V
20351,rozepře,N
20352,rozervaný,A
20353,rozervat,V
20354,rozesetý,A
20355,rozeskakování,N
20356,rozeslat,V
20357,rozeslání,N
20358,rozesmutnit,V
20359,rozesmát,V
20360,rozesmívat,V
20361,rozespalý,A
20362,rozestavení,N
20363,rozestavit,V
20364,rozestavění,N
20365,rozestavěný,A
20366,rozestavět,V
20367,rozestoupit,V
20368,rozestup,N
20369,rozesílat,V
20370,rozesílání,N
20371,rozeta,N
20372,rozetřený,A
20373,rozetřít,V
20374,rozevlátý,A
20375,rozevřený,A
20376,rozevřít,V
20377,rozezlený,A
20378,rozezlít,V
20379,rozeznat,V
20380,rozeznání,N
20381,rozeznávání,N
20382,rozeznívat,V
20383,rozeznět,V
20384,rozečtený,A
20385,rozfoukat,V
20386,rozhazovat,V
20387,rozhazování,N
20388,rozhlas,N
20389,rozhlašovat,V
20390,rozhled,N
20391,rozhledna,N
20392,rozhledový,A
20393,rozhlásit,V
20394,rozhlédnout,V
20395,rozhlédnutí,N
20396,rozhodce,N
20397,rozhodit,V
20398,rozhodnost,N
20399,rozhodnout,V
20400,rozhodnutí,N
20401,rozhodnutý,A
20402,rozhodovací,A
20403,rozhodovat,V
20404,rozhodování,N
20405,rozhodující,A
20406,rozhodčí,A
20407,rozhoupaný,A
20408,rozhoupat,V
20409,rozhovor,N
20410,rozhovořit,V
20411,rozhozený,A
20412,rozhořet,V
20413,rozhořčení,N
20414,rozhořčeně,D
20415,rozhořčený,A
20416,rozhořčovat,V
20417,rozhraní,N
20418,rozhrnout,V
20419,rozhádaný,A
20420,rozhádat,V
20421,rozházený,A
20422,rozházet,V
20423,rozhýbat,V
20424,rozhýbání,N
20425,rozhýbávat,V
20426,rozinka,N
20427,rozjasnit,V
20428,rozjasňovač,N
20429,rozjasňující,A
20430,rozjednat,V
20431,rozjet,V
20432,rozjetí,N
20433,rozjezd,N
20434,rozjezdit,V
20435,rozjezdový,A
20436,rozježděný,A
20437,rozjitřený,A
20438,rozjásat,V
20439,rozjímat,V
20440,rozjímání,N
20441,rozjíždějící,A
20442,rozjíždění,N
20443,rozjíždět,V
20444,rozjížďka,N
20445,rozkaz,N
20446,rozkazovat,V
20447,rozkašlat,V
20448,rozklad,N
20449,rozkladový,A
20450,rozklepaný,A
20451,rozklepat,V
20452,rozkládací,A
20453,rozkládající,A
20454,rozkládat,V
20455,rozklíčovat,V
20456,rozklížený,A
20457,rozklížit,V
20458,rozkol,N
20459,rozkolísanost,N
20460,rozkolísaný,A
20461,rozkoukávat,V
20462,rozkoukat,V
20463,rozkoš,N
20464,rozkošný,A
20465,rozkrojený,A
20466,rozkrojit,V
20467,rozkrok,N
20468,rozkročený,A
20469,rozkročit,V
20470,rozkrytí,N
20471,rozkrádat,V
20472,rozkrádání,N
20473,rozkrájet,V
20474,rozkrást,V
20475,rozkrývat,V
20476,rozkrývání,N
20477,rozkvetlý,A
20478,rozkvést,V
20479,rozkvět,N
20480,rozkázat,V
20481,rozkřiknout,V
20482,rozkřičet,V
20483,rozladit,V
20484,rozladění,N
20485,rozlehlý,A
20486,rozlehnout,V
20487,rozlepit,V
20488,rozlet,N
20489,rozletět,V
20490,rozležet,V
20491,rozlití,N
20492,rozlitý,A
20493,rozliv,N
20494,rozličný,A
20495,rozlišení,N
20496,rozlišený,A
20497,rozlišit,V
20498,rozlišitelný,A
20499,rozlišovat,V
20500,rozlišování,N
20501,rozloha,N
20502,rozlomení,N
20503,rozlomit,V
20504,rozlosovat,V
20505,rozlousknout,V
20506,rozloučit,V
20507,rozložení,N
20508,rozložený,A
20509,rozložit,V
20510,rozložitý,A
20511,rozluka,N
20512,rozlučka,N
20513,rozlučkový,A
20514,rozluštit,V
20515,rozluštění,N
20516,rozlámat,V
20517,rozléhat,V
20518,rozlétnout,V
20519,rozlícený,A
20520,rozlít,V
20521,rozmach,N
20522,rozmanitost,N
20523,rozmanitý,A
20524,rozmar,N
20525,rozmarný,A
20526,rozmarýna,N
20527,rozmarýnový,A
20528,rozmazat,V
20529,rozmazlený,A
20530,rozmazlit,V
20531,rozmazlovat,V
20532,rozmazlování,N
20533,rozmazávat,V
20534,rozmačkat,V
20535,rozmařilost,N
20536,rozmezí,N
20537,rozmisťování,N
20538,rozmixovaný,A
20539,rozmixovat,V
20540,rozmlouvat,V
20541,rozmluva,N
20542,rozmluvit,V
20543,rozmlátit,V
20544,rozmnožení,N
20545,rozmnožit,V
20546,rozmnožovací,A
20547,rozmnožovat,V
20548,rozmnožování,N
20549,rozmoci,V
20550,rozmoklý,A
20551,rozmontovat,V
20552,rozmrazit,V
20553,rozmrazování,N
20554,rozmrzele,D
20555,rozmrzelý,A
20556,rozmražený,A
20557,rozmrznout,V
20558,rozmysl,N
20559,rozmyslet,V
20560,rozmyslit,V
20561,rozmyšlení,N
20562,rozmyšlený,A
20563,rozmáchnout,V
20564,rozmáhající,A
20565,rozmáhat,V
20566,rozmáznout,V
20567,rozmíchaný,A
20568,rozmíchat,V
20569,rozmístit,V
20570,rozmístění,N
20571,rozmístěný,A
20572,rozmíška,N
20573,rozmýšlení,N
20574,rozmýšlet,V
20575,rozmělnění,N
20576,rozmělnit,V
20577,rozmělňovat,V
20578,rozměnit,V
20579,rozměnění,N
20580,rozměr,N
20581,rozměrný,A
20582,rozměrový,A
20583,rozměrově,D
20584,roznášení,N
20585,roznášet,V
20586,roznést,V
20587,roznětka,N
20588,rozohnit,V
20589,rozostřený,A
20590,rozostřit,V
20591,rozpad,N
20592,rozpadající,A
20593,rozpadat,V
20594,rozpaky,N
20595,rozparek,N
20596,rozparádit,V
20597,rozpačitý,A
20598,rozpačitě,D
20599,rozpažit,V
20600,rozpis,N
20601,rozpitvat,V
20602,rozpitvávat,V
20603,rozplakat,V
20604,rozplavba,N
20605,rozplést,V
20606,rozplétání,N
20607,rozplétat,V
20608,rozpohybovat,V
20609,rozpolcenost,N
20610,rozpolcený,A
20611,rozpoltit,V
20612,rozpor,N
20613,rozporný,A
20614,rozporovat,V
20615,rozporuplnost,N
20616,rozporuplný,A
20617,rozporuplně,D
20618,rozpoutaný,A
20619,rozpoutat,V
20620,rozpoutání,N
20621,rozpouštědlo,N
20622,rozpouštění,N
20623,rozpouštět,V
20624,rozpovídat,V
20625,rozpoznat,V
20626,rozpoznatelný,A
20627,rozpoznání,N
20628,rozpoznávací,A
20629,rozpoznávání,N
20630,rozpočet,N
20631,rozpočítat,V
20632,rozpočtovaný,A
20633,rozpočtový,A
20634,rozpočtově,D
20635,rozpracovanost,N
20636,rozpracovaný,A
20637,rozpracovat,V
20638,rozpracování,N
20639,rozpraskaný,A
20640,rozprava,N
20641,rozprašovač,N
20642,rozprodej,N
20643,rozprodat,V
20644,rozprodávat,V
20645,rozprostřený,A
20646,rozproudit,V
20647,rozprávět,V
20648,rozptyl,N
20649,rozptylovat,V
20650,rozptylový,A
20651,rozptýlit,V
20652,rozpumpovat,V
20653,rozpustile,D
20654,rozpustilý,A
20655,rozpustit,V
20656,rozpustný,A
20657,rozpuštění,N
20658,rozpálený,A
20659,rozpálit,V
20660,rozpárat,V
20661,rozpáraný,A
20662,rozpínající,A
20663,rozpínavost,N
20664,rozpínavý,A
20665,rozpínání,N
20666,rozepnout,V
20667,rozpětí,N
20668,rozrazit,V
20669,rozruch,N
20670,rozrušení,N
20671,rozrušený,A
20672,rozrušit,N
20673,rozrytý,A
20674,rozrážet,V
20675,rozrůstat,V
20676,rozrůstání,N
20677,rozsah,N
20678,rozsekaný,A
20679,rozsekat,V
20680,rozseknout,V
20681,rozsocha,N
20682,rozstřel,N
20683,rozsudek,N
20684,rozsvícení,N
20685,rozsvícený,A
20686,rozsvítit,V
20687,rozsvěcení,N
20688,rozsvěcovat,V
20689,rozsvěcování,N
20690,rozsypat,V
20691,rozsáhle,D
20692,rozsáhlost,N
20693,rozsáhlý,A
20694,rozsévat,V
20695,rozsít,V
20696,roztahovat,V
20697,roztavený,A
20698,roztavit,V
20699,roztažení,N
20700,roztažený,A
20701,rozteklý,A
20702,rozteč,N
20703,roztlačit,V
20704,roztleskat,V
20705,roztodivný,A
20706,roztok,N
20707,roztomilý,A
20708,roztoč,N
20709,roztočit,V
20710,roztrhaný,A
20711,roztrhat,V
20712,roztrhnout,V
20713,roztrhání,N
20714,roztroušený,A
20715,roztrpčit,V
20716,roztržení,N
20717,roztržený,A
20718,roztržitost,N
20719,roztržitý,A
20720,roztržka,N
20721,roztáhnout,V
20722,roztát,V
20723,roztávat,V
20724,roztéci,V
20725,roztékat,V
20726,roztírat,V
20727,roztěkaný,A
20728,roztřepený,A
20729,roztřídit,V
20730,roztřídění,N
20731,roztříštěnost,N
20732,roztříštěný,A
20733,roztříštit,V
20734,rozum,N
20735,rozumný,A
20736,rozumně,D
20737,rozumový,A
20738,rozumět,V
20739,rozvaděč,N
20740,rozvaha,N
20741,rozvalený,A
20742,rozvalina,N
20743,rozvalit,V
20744,rozvařený,A
20745,rozvařit,V
20746,rozverný,A
20747,rozveselit,V
20748,rozvinout,V
20749,rozvinutí,N
20750,rozvinutý,A
20751,rozvitý,A
20752,rozvleklý,A
20753,rozvláčný,A
20754,rozvod,N
20755,rozvodna,N
20756,rozvodnit,V
20757,rozvodný,A
20758,rozvodovost,N
20759,rozvodový,A
20760,rozvodí,N
20761,rozvoj,N
20762,rozvojový,A
20763,rozvolnit,V
20764,rozvolnění,N
20765,rozvor,N
20766,rozvracení,N
20767,rozvracet,N
20768,rozvrat,N
20769,rozvrh,N
20770,rozvrstvení,N
20771,rozvrstvit,V
20772,rozvrzaný,A
20773,rozvrácený,A
20774,rozvrátit,V
20775,rozvržený,A
20776,rozvádět,V
20777,rozválet,V
20778,rozvázat,V
20779,rozvázání,N
20780,rozvázaný,A
20781,rozvážet,V
20782,rozvážit,V
20783,rozvážka,N
20784,rozvážkový,A
20785,rozvážnost,N
20786,rozvážný,A
20787,rozvážně,D
20788,rozvést,V
20789,rozvíjející,A
20790,rozvíjení,N
20791,rozvíjet,V
20792,rozvířit,V
20793,rozvědka,N
20794,rozvědčík,N
20795,rozvětvit,V
20796,rozvětvení,N
20797,rozvětvený,A
20798,rozvěsit,V
20799,rozvěšený,A
20800,rozzlobený,A
20801,rozzlobeně,D
20802,rozzlobit,V
20803,rozzuřený,A
20804,rozzuřit,V
20805,rozzářený,A
20806,rozzářit,V
20807,rozárium,N
20808,rozčarovaný,A
20809,rozčarovat,V
20810,rozčarování,N
20811,rozčepýřený,A
20812,rozčepýřit,V
20813,rozčilení,N
20814,rozčilený,A
20815,rozčileně,D
20816,rozčilovat,V
20817,rozčilování,N
20818,rozčlenění,N
20819,rozčleněný,A
20820,rozčlenit,V
20821,rozčílený,A
20822,rozčílit,V
20823,rozředit,V
20824,rozřezaný,A
20825,rozřezat,V
20826,rozřezávat,V
20827,rozřešení,N
20828,rozřešit,V
20829,rozříznout,V
20830,rozšiřovací,A
20831,rozšiřovat,V
20832,rozšiřování,N
20833,rozšoupnout,V
20834,rozštípat,V
20835,rozštípnout,V
20836,rozštěp,N
20837,rozštěpení,N
20838,rozštěpit,V
20839,rozšíření,N
20840,rozšířit,V
20841,rozžhavený,A
20842,rozžhavit,V
20843,roční,A
20844,ročník,N
20845,ročně,D
20846,rošt,N
20847,roštěnec,N
20848,rošáda,N
20849,rošťák,N
20850,rožeň,N
20851,rtuťovitý,A
20852,rtuťový,A
20853,rtěnka,N
20854,rubl,N
20855,rubový,A
20856,rubrika,N
20857,rubáš,N
20858,rubín,N
20859,rubínový,A
20860,ruda,N
20861,rudní,A
20862,rudný,A
20863,rudý,A
20864,ruina,N
20865,ruinovat,V
20866,ruka,N
20867,rukavice,N
20868,rukavička,N
20869,rukodělný,A
20870,rukojeť,N
20871,rukojmí,N
20872,rukola,N
20873,rukopis,N
20874,rukopisný,A
20875,ruksak,N
20876,rukáv,N
20877,rula,N
20878,ruleta,N
20879,rulička,N
20880,rumba,N
20881,rumiště,N
20882,rumový,A
20883,rumpál,N
20884,ruměnec,N
20885,runa,N
20886,runda,N
20887,rupie,N
20888,rupnout,V
20889,rutina,N
20890,rutinér,N
20891,ručit,V
20892,ručitel,N
20893,ručka,N
20894,ruční,A
20895,ručník,N
20896,rušit,V
20897,rušivě,D
20898,rušivý,A
20899,rušička,N
20900,rušno,D
20901,rušný,A
20902,rušně,D
20903,rušící,A
20904,rvačka,N
20905,rvát,V
20906,rváč,N
20907,ryba,N
20908,rybaření,N
20909,rybina,N
20910,rybička,N
20911,rybka,N
20912,rybniční,A
20913,rybník,N
20914,rybníkář,N
20915,rybníček,N
20916,rybolov,N
20917,rybolovný,A
20918,rybárna,N
20919,rybář,N
20920,rybářství,N
20921,rybí,A
20922,rybíz,N
20923,rybízový,A
20924,rychle,D
20925,rychlení,N
20926,rychlobruslař,N
20927,rychlobruslařka,N
20928,rychlobruslařský,A
20929,rychlobruslení,N
20930,rychlodráha,N
20931,rychlokurz,N
20932,rychlokvaška,N
20933,rychloměr,N
20934,rychlost,N
20935,rychlostní,A
20936,rychlovarný,A
20937,rychlovka,N
20938,rychlovlak,N
20939,rychlík,N
20940,rychlíkový,A
20941,rychlý,A
20942,rychta,N
20943,rychtář,N
20944,rychtářka,N
20945,rynek,N
20946,rynk,N
20947,rypadlo,N
20948,ryska,N
20949,rysí,A
20950,rytec,N
20951,rytina,N
20952,rytmicky,D
20953,rytmický,A
20954,rytmika,N
20955,rytmus,N
20956,rytí,N
20957,rytíř,N
20958,rytířský,A
20959,ryze,D
20960,ryzec,N
20961,ryzost,N
20962,ryzák,N
20963,ryzí,A
20964,ryčný,A
20965,ryšavý,A
20966,rádce,N
20967,rádio,N
20968,rádiový,A
20969,rádium,N
20970,rádlo,N
20971,rádoby,D
20972,ráfek,N
20973,rákos,N
20974,rákoska,N
20975,rákosník,N
20976,rákosový,A
20977,rákosí,N
20978,rámcově,D
20979,rámec,N
20980,rámeček,N
20981,rámovaný,A
20982,rámový,A
20983,rána,N
20984,ráno,D
20985,rázem,D
20986,ráznost,N
20987,rázný,A
20988,rázně,D
20989,rázovat,V
20990,rázový,A
20991,rébus,N
20992,rétor,N
20993,réva,N
20994,révový,A
20995,róba,N
20996,rýha,N
20997,rýhovaný,A
20998,rýma,N
20999,rýmovaný,A
21000,rýmovat,V
21001,rýpat,V
21002,rýpnout,V
21003,rýpnutí,N
21004,rýsovací,A
21005,rýsovat,V
21006,rýsující,A
21007,rýže,N
21008,rýžovar,N
21009,rýžoviště,N
21010,rýžování,N
21011,rýžovat,V
21012,rýžový,A
21013,rčení,N
21014,růst,N
21015,různit,V
21016,různobarevný,A
21017,různorodost,N
21018,různorodý,A
21019,různý,A
21020,růže,N
21021,růženec,N
21022,růžencový,A
21023,růžek,N
21024,růženín,N
21025,růžička,N
21026,růžičkový,A
21027,růžovka,N
21028,růžový,A
21029,sabotovat,V
21030,sabotáž,N
21031,sabotér,N
21032,sacharid,N
21033,sací,A
21034,sada,N
21035,sadař,N
21036,sadba,N
21037,sadbový,A
21038,safari,N
21039,safír,N
21040,safírový,A
21041,sahat,V
21042,sako,N
21043,sakristie,N
21044,sakrální,A
21045,sakura,N
21046,saké,N
21047,salaš,N
21048,saldo,N
21049,salon,N
21050,salonek,N
21051,salto,N
21052,salva,N
21053,salám,N
21054,salámový,A
21055,salát,N
21056,salátový,A
21057,salón,N
21058,salónek,N
21059,salónní,A
21060,samaritán,N
21061,samba,N
21062,samec,N
21063,samet,N
21064,sametový,A
21065,sameček,N
21066,samice,N
21067,samizdat,N
21068,samizdatový,A
21069,samička,N
21070,samo,D
21071,samohláska,N
21072,samolepka,N
21073,samomluva,N
21074,samoobsluha,N
21075,samoobslužný,A
21076,samoopalovací,A
21077,samopal,N
21078,samoplátce,N
21079,samorost,N
21080,samosběr,N
21081,samospráva,N
21082,samosprávný,A
21083,samospád,N
21084,samostatnost,N
21085,samostatný,A
21086,samostatně,D
21087,samota,N
21088,samotka,N
21089,samotář,N
21090,samouk,N
21091,samovar,N
21092,samovolný,A
21093,samovyšetření,N
21094,samovznícení,N
21095,samozřejmost,N
21096,samozřejmě,T
21097,samozřejmý,A
21098,samoúčelný,A
21099,samočisticí,A
21100,samoživitel,N
21101,samoživitelka,N
21102,samuraj,N
21103,samý,P
21104,samčí,A
21105,sanace,N
21106,sanatorium,N
21107,sanační,A
21108,sandál,N
21109,sandálek,N
21110,sanita,N
21111,sanitace,N
21112,sanitka,N
21113,sanitní,A
21114,sanitární,A
21115,sanitář,N
21116,saniťák,N
21117,sankce,N
21118,sankcionovat,V
21119,sankční,A
21120,sanovat,V
21121,sanskrt,N
21122,santon,N
21123,saně,N
21124,saponát,N
21125,saranče,N
21126,sardel,N
21127,sardinka,N
21128,sarin,N
21129,sarkasmus,N
21130,sarkasticky,D
21131,sarkofág,N
21132,sasanka,N
21133,satan,N
21134,satanismus,N
21135,satanista,N
21136,satelit,N
21137,satelitní,A
21138,satira,N
21139,satirik,N
21140,satisfakce,N
21141,saturace,N
21142,saturejka,N
21143,saturn,N
21144,satén,N
21145,saténový,A
21146,sauna,N
21147,saunování,N
21148,saunový,A
21149,savana,N
21150,savec,N
21151,savčí,A
21152,saxofon,N
21153,saze,N
21154,sazebník,N
21155,sazenice,N
21156,sazenička,N
21157,sazeč,N
21158,sbalit,V
21159,sbližovat,V
21160,sbližování,N
21161,sblížení,N
21162,sblížit,V
21163,sbohem,T
21164,sbor,N
21165,sborista,N
21166,sboristka,N
21167,sbormistr,N
21168,sbormistryně,N
21169,sborník,N
21170,sborovna,N
21171,sborový,A
21172,sborově,D
21173,sbíječka,N
21174,sbírající,A
21175,sbíraný,A
21176,sbírat,V
21177,sbírka,N
21178,sbírkový,A
21179,sbírání,N
21180,sběr,N
21181,sběrací,A
21182,sběratel,N
21183,sběratelka,N
21184,sběratelský,A
21185,sběratelství,N
21186,sběrač,N
21187,sběračka,N
21188,sběrna,N
21189,sběrnice,N
21190,sběrný,A
21191,scedit,V
21192,scelit,V
21193,scenerie,N
21194,scenárista,N
21195,scenáristický,A
21196,scenáristika,N
21197,scenérie,N
21198,scestný,A
21199,schnout,V
21200,schnutí,N
21201,schod,N
21202,schodek,N
21203,schodiště,N
21204,schodkový,A
21205,schodnice,N
21206,schody,N
21207,schopnost,N
21208,schopný,A
21209,schoulený,A
21210,schoulit,V
21211,schovanec,N
21212,schovanka,N
21213,schovaný,A
21214,schovat,V
21215,schovávat,V
21216,schránka,N
21217,schvalovací,A
21218,schvalovaný,A
21219,schvalovat,V
21220,schvalování,N
21221,schválení,N
21222,schválený,A
21223,schválit,V
21224,schválně,D
21225,schytat,V
21226,schytávat,V
21227,scházející,A
21228,scházet,V
21229,schéma,N
21230,schůdek,N
21231,schůdky,N
21232,schůdnost,N
21233,schůdný,A
21234,schůze,N
21235,schůzka,N
21236,schůzovat,V
21237,scéna,N
21238,scénograf,N
21239,scénografický,A
21240,scénografie,N
21241,scénografka,N
21242,scénárista,N
21243,scénáristka,N
21244,scénář,N
21245,sdruženář,N
21246,sdružení,N
21247,sdružit,V
21248,sdružovat,V
21249,sdružování,N
21250,sdružující,A
21251,sdílení,N
21252,sdílet,V
21253,sdílný,A
21254,sdělení,N
21255,sdělený,A
21256,sdělit,V
21257,sdělitelný,A
21258,sdělovat,V
21259,sdělování,N
21260,seance,N
21261,sebechvála,N
21262,sebedůvěra,N
21263,sebehodnocení,N
21264,sebeironický,A
21265,sebeironie,N
21266,sebejistota,N
21267,sebejistý,A
21268,sebejistě,D
21269,sebeklam,N
21270,sebekontrola,N
21271,sebekriticky,D
21272,sebekritický,A
21273,sebekázeň,N
21274,sebelepší,A
21275,sebeláska,N
21276,sebelépe,D
21277,sebelítost,N
21278,sebemenší,A
21279,sebeobrana,N
21280,sebeobranný,A
21281,sebeobsluha,N
21282,sebeobětování,N
21283,sebeovládání,N
21284,sebepoznání,N
21285,sebepoškozování,N
21286,sebeprezentace,N
21287,seberealizace,N
21288,sebereflexe,N
21289,sebestřednost,N
21290,sebeurčení,N
21291,sebeuspokojení,N
21292,sebeuvědomění,N
21293,sebevrah,N
21294,sebevražda,N
21295,sebevražedný,A
21296,sebevyjádření,N
21297,sebevzdělávání,N
21298,sebevíc,D
21299,sebevědomý,A
21300,sebevědomě,D
21301,sebevětší,A
21302,sebezničení,N
21303,sebezničující,A
21304,sebeúcta,N
21305,sebranka,N
21306,sebraný,A
21307,sebrat,V
21308,seběhnout,V
21309,secese,N
21310,sedací,A
21311,sedadlo,N
21312,sedan,N
21313,sedat,V
21314,sedativum,N
21315,sedačka,N
21316,sedačkový,A
21317,sediment,N
21318,sedlina,N
21319,sedlo,N
21320,sedlový,A
21321,sedlář,N
21322,sedma,N
21323,sedmikráska,N
21324,sedmička,N
21325,sedmák,N
21326,sedák,N
21327,sedání,N
21328,sedátko,N
21329,sedávat,V
21330,sedící,A
21331,sedět,V
21332,segment,N
21333,segmentace,N
21334,segregace,N
21335,sehnat,V
21336,sehnutý,A
21337,sehnání,N
21338,sehranost,N
21339,sehraný,A
21340,sehrání,N
21341,sehrávat,V
21342,seismický,A
21343,seizmolog,N
21344,sejmout,V
21345,sejmutí,N
21346,sejít,V
21347,sekací,A
21348,sekaná,N
21349,sekat,V
21350,sekačka,N
21351,sekce,N
21352,sekera,N
21353,sekrece,N
21354,sekret,N
21355,sekretariát,N
21356,sekretář,N
21357,sekretářka,N
21358,sekt,N
21359,sekta,N
21360,sektor,N
21361,sektorový,A
21362,sektář,N
21363,sektářský,A
21364,sekulární,A
21365,sekunda,N
21366,sekundovat,V
21367,sekundový,A
21368,sekundární,A
21369,sekundárně,D
21370,sekvence,N
21371,sekvenční,A
21372,sekyra,N
21373,sekyrka,N
21374,sekání,N
21375,sekáč,N
21376,sekáček,N
21377,sekční,A
21378,sele,N
21379,selekce,N
21380,selektivní,A
21381,selektivně,D
21382,selekční,A
21383,selen,N
21384,selhat,V
21385,selhání,N
21386,selhávající,A
21387,selhávat,V
21388,selhávání,N
21389,selka,N
21390,selský,A
21391,selátko,N
21392,semafor,N
21393,semenný,A
21394,semeno,N
21395,semenáček,N
21396,semeník,N
21397,semestr,N
21398,semestrální,A
21399,semifinalista,N
21400,semifinalistka,N
21401,semifinále,N
21402,seminární,A
21403,seminář,N
21404,semiš,N
21405,semišový,A
21406,semknout,V
21407,semknutý,A
21408,semlít,V
21409,semínko,N
21410,sendvič,N
21411,senior,N
21412,seniorka,N
21413,seniorský,A
21414,seno,N
21415,senoseč,N
21416,senovážný,A
21417,sentence,N
21418,sentiment,N
21419,sentimentálně,D
21420,sentimentální,A
21421,senzace,N
21422,senzační,A
21423,senzačně,D
21424,senzitivita,N
21425,senzitivní,A
21426,senzor,N
21427,senzorický,A
21428,senzorový,A
21429,senát,N
21430,senátní,A
21431,senátor,N
21432,senátorka,N
21433,senátorský,A
21434,senáž,N
21435,senážní,A
21436,seník,N
21437,separace,N
21438,separatismus,N
21439,separatista,N
21440,separatistický,A
21441,separační,A
21442,separovaný,A
21443,separovat,V
21444,separátní,A
21445,separátně,D
21446,separátor,N
21447,sepisovat,V
21448,sepisování,N
21449,sepjatý,A
21450,sepnout,V
21451,sepnutý,A
21452,sepraný,A
21453,sepsaný,A
21454,sepsat,V
21455,sepsání,N
21456,septik,N
21457,sepětí,N
21458,serenáda,N
21459,seriál,N
21460,seriálový,A
21461,serióznost,N
21462,seriózní,A
21463,seriózně,D
21464,serpentina,N
21465,servat,V
21466,server,N
21467,serverový,A
21468,servis,N
21469,servisní,A
21470,servírka,N
21471,servírovací,A
21472,servírovaný,A
21473,servírovat,V
21474,servírování,N
21475,seržant,N
21476,sesadit,V
21477,sesazení,N
21478,sesazený,A
21479,sesbírat,V
21480,seschlý,A
21481,sesednout,V
21482,seskok,N
21483,seskupení,N
21484,seskupit,V
21485,seskupovat,V
21486,seslat,V
21487,sesout,V
21488,sestava,N
21489,sestavení,N
21490,sestavit,V
21491,sestavovaný,A
21492,sestavovat,V
21493,sestavování,N
21494,sesterna,N
21495,sesterský,A
21496,sestoupit,V
21497,sestra,N
21498,sestrojení,N
21499,sestrojený,A
21500,sestrojit,V
21501,sestup,N
21502,sestupný,A
21503,sestupový,A
21504,sestupující,A
21505,sestávající,A
21506,sestávat,V
21507,sestěhovat,V
21508,sestěhování,N
21509,sestřelení,N
21510,sestřelit,V
21511,sestřenice,N
21512,sestřenka,N
21513,sestřih,N
21514,sestřin,A
21515,sestřička,N
21516,sestříhat,V
21517,sesunout,V
21518,sesuv,N
21519,setina,N
21520,setinka,N
21521,setkat,V
21522,setkání,N
21523,setkávat,V
21524,setkávání,N
21525,setmít,V
21526,setmělý,A
21527,setmění,N
21528,setrvale,D
21529,setrvalý,A
21530,setrvačnost,N
21531,setrvačník,N
21532,setrvat,V
21533,setrvání,N
21534,setrvávání,N
21535,setrvávat,V
21536,setí,N
21537,setřít,V
21538,sever,N
21539,severní,A
21540,severovýchod,N
21541,severozápad,N
21542,severský,A
21543,severák,N
21544,seveřan,N
21545,sevření,N
21546,sevřený,A
21547,sevřít,V
21548,sexualita,N
21549,sexuolog,N
21550,sezam,N
21551,sezamový,A
21552,sezení,N
21553,seznam,N
21554,seznamka,N
21555,seznamovací,A
21556,seznamovat,V
21557,seznamování,N
21558,seznámit,V
21559,sezvat,V
21560,sezóna,N
21561,sezónní,A
21562,sezónně,D
21563,sečení,N
21564,sečný,A
21565,sečtení,N
21566,sečtělý,A
21567,sečíst,V
21568,seřadit,V
21569,seřazení,N
21570,seřazený,A
21571,seřezat,V
21572,seřizovat,V
21573,seřizovač,N
21574,seřizování,N
21575,seřídit,V
21576,seřízení,N
21577,seříznout,V
21578,sešit,N
21579,sešitek,N
21580,seškrtat,V
21581,sešlost,N
21582,sešrotovat,V
21583,sešrotování,N
21584,sešrotovat,V
21585,sešívaný,A
21586,sešít,V
21587,sešívat,V
21588,sežehnout,V
21589,sežrat,V
21590,sežrání,N
21591,sfinga,N
21592,sféra,N
21593,sférický,A
21594,sgrafito,N
21595,sgrafitový,A
21596,shazování,N
21597,shazovat,V
21598,shledat,V
21599,shledání,N
21600,shledávat,V
21601,shluk,N
21602,shluknout,V
21603,shlukovat,V
21604,shlédnout,V
21605,shlédnutí,N
21606,shlížet,V
21607,shnilý,A
21608,shnít,V
21609,shodit,V
21610,shodnout,V
21611,shodovat,V
21612,shon,N
21613,shora,D
21614,shovívavost,N
21615,shovívavý,A
21616,shození,N
21617,shořelý,A
21618,shořet,V
21619,shrabat,V
21620,shrbený,A
21621,shrnout,V
21622,shrnovač,N
21623,shrnující,A
21624,shrnutí,N
21625,shrnutý,A
21626,shromaždiště,N
21627,shromažďovací,A
21628,shromažďovat,V
21629,shromažďování,N
21630,shromáždit,V
21631,shromáždění,N
21632,shromážděný,A
21633,shánět,V
21634,sháňka,N
21635,sifon,N
21636,signalizační,A
21637,signalizovat,V
21638,signifikantní,A
21639,signifikantně,D
21640,signum,N
21641,signál,N
21642,signální,A
21643,signálový,A
21644,silice,N
21645,silikon,N
21646,silnice,N
21647,silniční,A
21648,silný,A
21649,silně,D
21650,silo,N
21651,silon,N
21652,silonka,N
21653,silonky,N
21654,silonový,A
21655,silový,A
21656,silueta,N
21657,silvestr,N
21658,silák,N
21659,siláž,N
21660,silážní,A
21661,silážování,N
21662,simulace,N
21663,simulant,N
21664,simulační,A
21665,simulovat,V
21666,simulování,N
21667,simultánní,A
21668,simultánně,D
21669,simulující,A
21670,simulátor,N
21671,singularita,N
21672,sinice,N
21673,sinolog,N
21674,sinus,N
21675,sinusoida,N
21676,sirka,N
21677,sirkárna,N
21678,sirný,A
21679,sirotek,N
21680,sirotčinec,N
21681,sirovodík,N
21682,sirup,N
21683,siréna,N
21684,sitcom,N
21685,situace,N
21686,situační,A
21687,situovat,V
21688,siřičitan,N
21689,siřičitý,A
21690,sjednaný,A
21691,sjednat,V
21692,sjednocení,N
21693,sjednocený,A
21694,sjednocovat,V
21695,sjednocování,N
21696,sjednocující,A
21697,sjednotit,V
21698,sjednání,N
21699,sjednávat,V
21700,sjet,V
21701,sjetí,N
21702,sjetý,A
21703,sjezd,N
21704,sjezdař,N
21705,sjezdařka,N
21706,sjezdařský,A
21707,sjezdovka,N
21708,sjezdový,A
21709,sjízdnost,N
21710,sjízdný,A
21711,sjíždět,V
21712,skafandr,N
21713,skalisko,N
21714,skalka,N
21715,skalnička,N
21716,skalp,N
21717,skalpel,N
21718,skalpovat,V
21719,skamarádit,V
21720,skandovaný,A
21721,skandování,N
21722,skandovat,N
21723,skandující,A
21724,skandál,N
21725,skandální,A
21726,skanzen,N
21727,skarabeus,N
21728,skartace,N
21729,skartovat,V
21730,skaut,N
21731,skauting,N
21732,skautka,N
21733,skautský,A
21734,skelet,N
21735,skeleton,N
21736,sken,N
21737,skener,N
21738,skepse,N
21739,skepticismus,N
21740,skepticky,D
21741,skeptický,A
21742,skeptik,N
21743,skiareál,N
21744,skibob,N
21745,skibus,N
21746,skica,N
21747,skicář,N
21748,skif,N
21749,skifař,N
21750,skifařka,N
21751,skipark,N
21752,skipas,N
21753,sklad,N
21754,skladatel,N
21755,skladatelka,N
21756,skladatelský,A
21757,skladištní,A
21758,skladiště,N
21759,skladník,N
21760,skladný,A
21761,skladovací,A
21762,skladování,N
21763,skladovat,V
21764,skladový,A
21765,sklapnout,V
21766,sklenice,N
21767,sklenička,N
21768,sklenka,N
21769,sklenář,N
21770,skleník,N
21771,skleníkový,A
21772,skleněnka,N
21773,skleněný,A
21774,sklep,N
21775,sklepení,N
21776,sklepmistr,N
21777,sklepnout,V
21778,sklepní,A
21779,sklesle,D
21780,sklidit,V
21781,sklizený,A
21782,sklizeň,N
21783,skličující,A
21784,sklo,N
21785,sklon,N
21786,sklonek,N
21787,sklopení,N
21788,sklopený,A
21789,sklopit,V
21790,sklopný,A
21791,skloubení,N
21792,skloubit,V
21793,sklouznout,V
21794,sklouzávat,V
21795,sklovina,N
21796,skloňovaný,A
21797,skloňovat,V
21798,skloňování,N
21799,skluz,N
21800,skluzavka,N
21801,skluznice,N
21802,skládací,A
21803,skládanka,N
21804,skládat,V
21805,skládačka,N
21806,skládka,N
21807,skládkování,N
21808,skládkový,A
21809,skládání,N
21810,sklánět,V
21811,sklápěcí,A
21812,sklápění,N
21813,sklárna,N
21814,sklátit,V
21815,sklář,N
21816,sklářství,N
21817,sklípek,N
21818,sklípkan,N
21819,sklízecí,A
21820,sklízení,N
21821,sklízený,A
21822,sklízet,V
21823,sklízeč,N
21824,sklíčko,N
21825,skoba,N
21826,skok,N
21827,skokan,N
21828,skokanka,N
21829,skokanský,A
21830,skokový,A
21831,skolit,V
21832,skomírající,A
21833,skomírat,V
21834,skonat,V
21835,skoncovat,V
21836,skončení,N
21837,skončený,A
21838,skončit,V
21839,skopičina,N
21840,skopové,N
21841,skopový,A
21842,skosit,V
21843,skot,N
21844,skotačení,N
21845,skotačit,V
21846,skoupit,V
21847,skoupý,A
21848,skořice,N
21849,skořicový,A
21850,skrblík,N
21851,skript,N
21852,skromnost,N
21853,skromný,A
21854,skromně,D
21855,skrumáž,N
21856,skrupule,N
21857,skruž,N
21858,skryt,N
21859,skrytí,N
21860,skrytě,D
21861,skrytý,A
21862,skrz,R
21863,skráň,N
21864,skrýt,V
21865,skrývající,A
21866,skrývat,V
21867,skrývka,N
21868,skrývání,N
21869,skrýš,N
21870,skrčený,A
21871,skrčit,V
21872,skuhrat,V
21873,skulina,N
21874,skulinka,N
21875,skulptura,N
21876,skunk,N
21877,skupenství,N
21878,skupina,N
21879,skupinka,N
21880,skupovat,V
21881,skupování,N
21882,skus,N
21883,skutek,N
21884,skutečnost,N
21885,skutečně,D
21886,skutečný,A
21887,skutkový,A
21888,skutálet,V
21889,skvadra,N
21890,skvost,N
21891,skvostný,A
21892,skvrna,N
21893,skvrnitost,N
21894,skvrnitý,A
21895,skvěle,D
21896,skvělý,A
21897,skácení,N
21898,skácet,V
21899,skákací,A
21900,skákající,A
21901,skákat,V
21902,skákání,N
21903,skála,N
21904,skálopevný,A
21905,skálopevně,D
21906,skóre,N
21907,skórování,N
21908,skórovat,V
21909,skútr,N
21910,skřek,N
21911,skřet,N
21912,skřipec,N
21913,skřivan,N
21914,skřivánek,N
21915,skřípnout,V
21916,skřípot,N
21917,skřípání,N
21918,skřípění,N
21919,skřítek,N
21920,skříň,N
21921,skříňka,N
21922,slabika,N
21923,slabikář,N
21924,slabina,N
21925,slaboch,N
21926,slabost,N
21927,slaboučký,A
21928,slabozraký,A
21929,slabý,A
21930,slad,N
21931,sladařský,A
21932,sladce,D
21933,sladidlo,N
21934,sladit,V
21935,sladkokyselý,A
21936,sladkost,N
21937,sladkovodní,A
21938,sladký,A
21939,sladovna,N
21940,sladovnický,A
21941,sladovnictví,N
21942,sladění,N
21943,sladěný,A
21944,slalom,N
21945,slalomový,A
21946,slalomář,N
21947,slalomářka,N
21948,slalomářský,A
21949,slamník,N
21950,slamák,N
21951,slaměnka,N
21952,slaměný,A
21953,slaneček,N
21954,slang,N
21955,slangový,A
21956,slap,N
21957,slast,N
21958,slatina,N
21959,slavení,N
21960,slavice,N
21961,slavit,V
21962,slavnost,N
21963,slavnostní,A
21964,slavnostně,D
21965,slavný,A
21966,slavík,N
21967,slavíček,N
21968,slaďování,N
21969,slaňování,N
21970,slať,N
21971,sled,N
21972,sledovací,A
21973,sledovanost,N
21974,sledovaný,A
21975,sledovat,V
21976,sledování,N
21977,sledující,A
21978,slehnout,V
21979,slepec,N
21980,slepecký,A
21981,slepenec,N
21982,slepení,N
21983,slepený,A
21984,slepice,N
21985,slepit,V
21986,slepota,N
21987,slepovat,V
21988,slepý,A
21989,slet,N
21990,sletový,A
21991,sletět,V
21992,sleva,N
21993,slevit,V
21994,slevovat,V
21995,slevový,A
21996,slezina,N
21997,slečna,N
21998,sleď,N
21999,slib,N
22000,slibný,A
22001,slibně,D
22002,slibovaný,A
22003,slibovat,V
22004,slibující,A
22005,slimák,N
22006,slina,N
22007,slinivka,N
22008,slintat,V
22009,slintavka,N
22010,slipy,N
22011,slisovaný,A
22012,slisovat,V
22013,slitek,N
22014,slitina,N
22015,slitování,N
22016,slivovice,N
22017,slivoň,N
22018,sliz,N
22019,slizký,A
22020,sliznice,N
22021,slizniční,A
22022,sličný,A
22023,slogan,N
22024,sloha,N
22025,sloj,N
22026,sloka,N
22027,slon,N
22028,slonice,N
22029,sloninec,N
22030,slonovina,N
22031,sloní,A
22032,slosovat,V
22033,slosování,N
22034,slot,N
22035,slota,N
22036,sloup,N
22037,sloupec,N
22038,sloupek,N
22039,sloupkař,N
22040,sloupový,A
22041,sloučenina,N
22042,sloučený,A
22043,sloučit,V
22044,sloužit,V
22045,sloužící,A
22046,slovesnost,N
22047,slovesný,A
22048,sloveso,N
22049,slovní,A
22050,slovník,N
22051,slovníček,N
22052,slovně,D
22053,slovo,N
22054,slovosled,N
22055,slovutný,A
22056,slovíčko,N
22057,složenina,N
22058,složenka,N
22059,složení,N
22060,složený,A
22061,složit,V
22062,složitost,N
22063,složitý,A
22064,složiště,N
22065,složka,N
22066,sluch,N
22067,sluchadlo,N
22068,sluchový,A
22069,sluchově,D
22070,sluchátko,N
22071,sluchátkový,A
22072,sluha,N
22073,sluj,N
22074,sluka,N
22075,slum,N
22076,slunce,N
22077,slunečnice,N
22078,slunečno,D
22079,slunečník,N
22080,slunko,N
22081,slunný,A
22082,slunovrat,N
22083,sluníčko,N
22084,slupka,N
22085,slučitelnost,N
22086,slučitelný,A
22087,slušet,V
22088,slušivý,A
22089,slušný,A
22090,slušně,D
22091,služba,N
22092,služebna,N
22093,služebnice,N
22094,služebnictvo,N
22095,služebnost,N
22096,služebná,N
22097,služební,A
22098,služebník,N
22099,služebně,D
22100,služka,N
22101,slyšení,N
22102,slyšet,V
22103,slyšitelně,D
22104,slyšitelný,A
22105,slyšící,A
22106,slza,N
22107,slzení,N
22108,slzet,V
22109,slzička,N
22110,slzný,A
22111,slzotvorný,A
22112,slábnout,V
22113,sládek,N
22114,sláma,N
22115,slánka,N
22116,slátanina,N
22117,slátaný,A
22118,slávka,N
22119,slétat,V
22120,slévat,V
22121,slévač,N
22122,slévárenský,A
22123,slévárenství,N
22124,slévárna,N
22125,sléz,N
22126,slézt,V
22127,slíbený,A
22128,slíbit,V
22129,slídil,N
22130,slídit,V
22131,slípka,N
22132,slít,V
22133,slíva,N
22134,slíznout,V
22135,slýchat,V
22136,slůně,N
22137,smajlík,N
22138,smalt,N
22139,smaragd,N
22140,smazat,V
22141,smazaný,A
22142,smazání,N
22143,smazávat,V
22144,smaženice,N
22145,smažený,A
22146,smaženice,N
22147,smažit,V
22148,smetana,N
22149,smetanka,N
22150,smetiště,N
22151,smeták,N
22152,smetáček,N
22153,smetí,N
22154,smeč,N
22155,smečař,N
22156,smečařka,N
22157,smečka,N
22158,smečovat,V
22159,smilovat,V
22160,smilování,N
22161,smilstvo,N
22162,smirkový,A
22163,smiřovat,V
22164,smlouva,N
22165,smlouvat,V
22166,smlouvání,N
22167,smlsnout,V
22168,smluvený,A
22169,smluvní,A
22170,smluvně,D
22171,smog,N
22172,smola,N
22173,smolný,A
22174,smolně,D
22175,smontovaný,A
22176,smontovat,V
22177,smotaný,A
22178,smotat,V
22179,smočit,V
22180,smrad,N
22181,smrdutý,A
22182,smrdět,V
22183,smrk,N
22184,smrkat,V
22185,smrkový,A
22186,smrkání,N
22187,smrt,N
22188,smrtelnost,N
22189,smrtelník,N
22190,smrtelně,D
22191,smrtka,N
22192,smrtonosný,A
22193,smrákat,V
22194,smrček,N
22195,smrčina,N
22196,smršť,N
22197,smršťování,N
22198,smrštit,V
22199,smrťák,N
22200,smrž,N
22201,smutek,N
22202,smuteční,A
22203,smutnit,V
22204,smutno,D
22205,smutný,A
22206,smutně,D
22207,smyk,N
22208,smykový,A
22209,smysl,N
22210,smyslný,A
22211,smyslně,D
22212,smyslový,A
22213,smysluplnost,N
22214,smysluplně,D
22215,smysluplný,A
22216,smyčcový,A
22217,smyčec,N
22218,smyčka,N
22219,smyšlenka,N
22220,smyšlený,A
22221,smát,V
22222,smáznout,V
22223,smáčet,V
22224,smést,V
22225,smíchaný,A
22226,smíchat,V
22227,smích,N
22228,smíchy,D
22229,smíchání,N
22230,smír,N
22231,smírný,A
22232,smírně,D
22233,smírčí,A
22234,smítko,N
22235,smířený,A
22236,smířit,V
22237,smířlivost,N
22238,smířlivě,D
22239,smířlivý,A
22240,smíšek,N
22241,smývat,V
22242,smýšlející,A
22243,smýšlení,N
22244,smýšlet,V
22245,smějící,A
22246,směle,D
22247,smělost,N
22248,smělý,A
22249,směna,N
22250,směnit,V
22251,směnitelnost,N
22252,směnka,N
22253,směnný,A
22254,směnový,A
22255,směnárna,N
22256,směnárník,N
22257,směr,N
22258,směrnice,N
22259,směrovací,A
22260,směrovaný,A
22261,směrovat,V
22262,směrovač,N
22263,směrovka,N
22264,směrování,N
22265,směrový,A
22266,směs,N
22267,směsice,N
22268,směska,N
22269,směsný,A
22270,smět,V
22271,směřovaný,A
22272,směřovat,V
22273,směšnost,N
22274,směšný,A
22275,směšně,D
22276,směšovat,V
22277,snacha,N
22278,snadno,D
22279,snadnost,N
22280,snadný,A
22281,snaha,N
22282,snažení,N
22283,snažit,V
22284,snaživý,A
22285,snažící,A
22286,snesitelný,A
22287,snesitelně,D
22288,sniper,N
22289,snivý,A
22290,snižovat,V
22291,snižující,A
22292,snob,N
22293,snobský,A
22294,snoubenec,N
22295,snoubenka,N
22296,snowboard,N
22297,snowboarding,N
22298,snowpark,N
22299,snubní,A
22300,snář,N
22301,snášející,A
22302,snášenlivost,N
22303,snášení,N
22304,snášet,V
22305,snést,V
22306,snící,A
22307,snídaně,N
22308,snídaňový,A
22309,snídat,V
22310,sníh,N
22311,snílek,N
22312,snímající,A
22313,snímaný,A
22314,snímat,V
22315,snímatelný,A
22316,snímač,N
22317,snímek,N
22318,snímkování,N
22319,snímání,N
22320,sníst,V
22321,snít,V
22322,snítka,N
22323,snížení,N
22324,snížený,A
22325,snížit,V
22326,snědený,A
22327,sněhový,A
22328,sněhově,D
22329,sněhulák,N
22330,sněm,N
22331,sněmovna,N
22332,sněmovní,A
22333,sněť,N
22334,sněženka,N
22335,sněžení,N
22336,sněžit,V
22337,sněžný,A
22338,snůška,N
22339,sobec,N
22340,sobeckost,N
22341,sobecky,D
22342,sobecký,A
22343,sobota,N
22344,sobí,A
22345,soběstačnost,N
22346,soběstačný,A
22347,socha,N
22348,sochař,N
22349,sochařina,N
22350,sochařka,N
22351,sochařský,A
22352,sochařství,N
22353,socialismus,N
22354,socialisticky,D
22355,socialistický,A
22356,socializace,N
22357,sociolog,N
22358,sociologický,A
22359,sociologie,N
22360,socioložka,N
22361,sociálka,N
22362,sociální,A
22363,sociálně,D
22364,soda,N
22365,sodovka,N
22366,sodík,N
22367,sodíkový,A
22368,sofa,N
22369,sofistikovaný,A
22370,softbal,N
22371,softbalista,N
22372,software,N
22373,softwarový,A
22374,softwarově,D
22375,sojka,N
22376,sojový,A
22377,sokol,N
22378,sokolka,N
22379,sokolnictví,N
22380,sokolník,N
22381,sokolík,N
22382,sokyně,N
22383,solení,N
22384,solidarita,N
22385,solidní,A
22386,solidně,D
22387,solidárně,D
22388,solidární,A
22389,solit,V
22390,solnice,N
22391,solnička,N
22392,solventnost,N
22393,solventní,A
22394,solárium,N
22395,solárko,N
22396,solární,A
22397,somatický,A
22398,someliér,N
22399,sonar,N
22400,sonda,N
22401,sondáž,N
22402,sonet,N
22403,song,N
22404,sono,N
22405,sonáta,N
22406,sopka,N
22407,soprán,N
22408,sopránový,A
22409,sorbent,N
22410,sorbet,N
22411,sotva,D
22412,souboj,N
22413,soubor,N
22414,souborný,A
22415,souborový,A
22416,souběh,N
22417,souběžný,A
22418,soucit,N
22419,soucitný,A
22420,soucítit,V
22421,soucítění,N
22422,soud,N
22423,soudce,N
22424,soudcovský,A
22425,soudit,V
22426,soudkyně,N
22427,soudnictví,N
22428,soudnička,N
22429,soudnost,N
22430,soudní,A
22431,soudruh,N
22432,soudružka,N
22433,soudružský,A
22434,soudržnost,N
22435,soudržný,A
22436,souhlas,N
22437,souhlasit,V
22438,souhlasný,A
22439,souhlasící,A
22440,souhláska,N
22441,souhra,N
22442,souhrn,N
22443,souhrnně,D
22444,souhrnný,A
22445,souhvězdí,N
22446,soukat,V
22447,soukeník,N
22448,soukmenovec,N
22449,soukolí,N
22450,soukromník,N
22451,soukromí,N
22452,soukromý,A
22453,soulad,N
22454,soumrak,N
22455,souměrný,A
22456,souostroví,N
22457,soupeř,N
22458,soupeření,N
22459,soupeřit,V
22460,soupeřka,N
22461,soupeřící,A
22462,soupis,N
22463,soupiska,N
22464,souprava,N
22465,sourozenec,N
22466,sourozenecký,A
22467,soused,N
22468,sousedka,N
22469,sousedit,V
22470,sousední,A
22471,sousedovic,A
22472,sousedský,A
22473,sousedství,N
22474,sousedící,A
22475,sousloví,N
22476,sousoší,N
22477,soustava,N
22478,soustavný,A
22479,soustavně,D
22480,sousto,N
22481,soustrast,N
22482,soustrojí,N
22483,soustruh,N
22484,soustředit,V
22485,soustředný,A
22486,soustředěnost,N
22487,soustředění,N
22488,soustředěný,A
22489,soustředěně,D
22490,soustřeďovat,V
22491,soutok,N
22492,soutěž,N
22493,soutěžení,N
22494,soutěživost,N
22495,soutěživý,A
22496,soutěžní,A
22497,soutěžící,A
22498,související,A
22499,souviset,V
22500,souvislost,N
22501,souvislý,A
22502,souvrství,N
22503,souvztažnost,N
22504,souvětí,N
22505,souzení,N
22506,souzený,A
22507,souznít,V
22508,souznění,N
22509,souzvuk,N
22510,současnost,N
22511,současník,N
22512,současně,D
22513,současný,A
22514,součet,N
22515,součást,N
22516,součástka,N
22517,souřadnice,N
22518,souřadnicový,A
22519,soužit,V
22520,soužití,N
22521,sova,N
22522,sovička,N
22523,soví,A
22524,soška,N
22525,spací,A
22526,spadající,A
22527,spadaný,A
22528,spadat,V
22529,spadený,A
22530,spadnout,V
22531,spadnutí,N
22532,spaliny,N
22533,spalničky,N
22534,spalovací,A
22535,spalovaný,A
22536,spalovat,V
22537,spalovač,N
22538,spalovna,N
22539,spalování,N
22540,spalující,A
22541,spam,N
22542,spaní,N
22543,spartakiáda,N
22544,spasení,N
22545,spasený,A
22546,spasit,N
22547,spasitel,N
22548,spatření,N
22549,spatřený,A
22550,spatřit,V
22551,spatřovat,V
22552,spavý,A
22553,spařený,A
22554,specialista,N
22555,specialistka,N
22556,specialita,N
22557,specialitka,N
22558,specializace,N
22559,specializační,A
22560,specializovaný,A
22561,specializovat,V
22562,specifický,A
22563,specifikace,N
22564,specifikovaný,A
22565,specifikovat,V
22566,specifikum,N
22567,speciál,N
22568,speciální,A
22569,speciálně,D
22570,spedice,N
22571,speditér,N
22572,spediční,A
22573,spektakulární,A
22574,spektrometr,N
22575,spektrum,N
22576,spektrální,A
22577,spektákl,N
22578,spekulace,N
22579,spekulant,N
22580,spekulativní,A
22581,spekulativně,D
22582,spekulovat,V
22583,speleolog,N
22584,speleologický,A
22585,spiklenec,N
22586,spiklenecký,A
22587,spiknutí,N
22588,spilka,N
22589,spinkat,V
22590,spinální,A
22591,spiritismus,N
22592,spiritistický,A
22593,spirituál,N
22594,spirituální,A
22595,spirála,N
22596,spirální,A
22597,spirálovitý,A
22598,spirálový,A
22599,spis,N
22600,spisek,N
22601,spisovatel,N
22602,spisovatelka,N
22603,spisovatelský,A
22604,spisovný,A
22605,spisovně,D
22606,spisový,A
22607,spižírna,N
22608,splacení,N
22609,splacený,A
22610,splachovat,V
22611,splachování,N
22612,splasknout,V
22613,splasknutí,N
22614,splatit,V
22615,splatnost,N
22616,splav,N
22617,splavnost,N
22618,splavný,A
22619,splavnění,N
22620,spletenec,N
22621,spletený,A
22622,spleť,N
22623,splnit,V
22624,splnění,N
22625,splněný,A
22626,splouvání,N
22627,splutí,N
22628,splynout,V
22629,splácení,N
22630,splácený,A
22631,splácet,V
22632,spláchnutí,N
22633,splátka,N
22634,splátkový,A
22635,splávek,N
22636,splést,V
22637,splín,N
22638,splývat,V
22639,splývání,N
22640,splňovat,V
22641,splňující,A
22642,spodina,N
22643,spodky,N
22644,spodnička,N
22645,spodní,A
22646,spodně,D
22647,spoj,N
22648,spojař,N
22649,spojenec,N
22650,spojenectví,N
22651,spojenka,N
22652,spojení,N
22653,spojený,A
22654,spojit,V
22655,spojitelný,A
22656,spojitost,N
22657,spojitý,A
22658,spojivka,N
22659,spojka,N
22660,spojkový,A
22661,spojnice,N
22662,spojovaný,A
22663,spojovat,V
22664,spojovatelka,N
22665,spojování,N
22666,spojový,A
22667,spojující,A
22668,spokojenost,N
22669,spokojený,A
22670,spokojeně,D
22671,spokojit,V
22672,spoleh,N
22673,spolehlivý,A
22674,spolehlivě,D
22675,spolehnout,V
22676,spolehnutí,N
22677,spolek,N
22678,společensky,D
22679,společenský,A
22680,společenstvo,N
22681,společenství,N
22682,společnice,N
22683,společnost,N
22684,společník,N
22685,společný,A
22686,spolkový,A
22687,spolu,D
22688,spoluautor,N
22689,spoluautorka,N
22690,spolubojovník,N
22691,spolubydlení,N
22692,spolubydlící,N
22693,spolucestující,N
22694,spoluhráč,N
22695,spoluhráčka,N
22696,spolujezdec,N
22697,spolujezdkyně,N
22698,spolujízda,N
22699,spolumajitel,N
22700,spolumajitelka,N
22701,spoluobčan,N
22702,spolupachatel,N
22703,spolupachatelství,N
22704,spolupodílet,V
22705,spolupořadatel,N
22706,spolupořádající,A
22707,spolupořádat,V
22708,spolupracovat,V
22709,spolupracovnice,N
22710,spolupracovník,N
22711,spolupracující,A
22712,spolupráce,N
22713,spolupředseda,N
22714,spolustraník,N
22715,spolutvůrce,N
22716,spoluviník,N
22717,spoluvlastnictví,N
22718,spoluvlastník,N
22719,spoluvězeň,N
22720,spoluzakladatel,N
22721,spoluzakladatelka,N
22722,spoluzodpovědnost,N
22723,spoluúčast,N
22724,spoluúčinkovat,V
22725,spolužačka,N
22726,spolužití,N
22727,spolužák,N
22728,spoléhat,V
22729,spoléhání,N
22730,spona,N
22731,sponka,N
22732,spontaneita,N
22733,spontánnost,N
22734,spontánně,D
22735,spontánní,A
22736,sponzor,N
22737,sponzorovaný,A
22738,sponzorovat,V
22739,sponzorování,N
22740,sponzorsky,D
22741,sponzorský,A
22742,sponzorství,N
22743,spor,N
22744,sporadický,A
22745,sport,N
22746,sportovat,V
22747,sportovec,N
22748,sportoviště,N
22749,sportovkyně,N
22750,sportovně,D
22751,sportující,A
22752,sporák,N
22753,sporý,A
22754,spot,N
22755,spotřeba,N
22756,spotřebitel,N
22757,spotřebitelský,A
22758,spotřebič,N
22759,spotřebovaný,A
22760,spotřebovat,V
22761,spotřebovávat,V
22762,spousta,N
22763,spoutat,V
22764,spoutaný,A
22765,spouštěcí,A
22766,spouštění,N
22767,spouštěný,A
22768,spouštět,V
22769,spouštěč,N
22770,spoušť,N
22771,spočetný,A
22772,spočinout,V
22773,spočinutí,N
22774,spočítaný,A
22775,spočítat,V
22776,spočívající,A
22777,spočívat,V
22778,spoření,N
22779,spořicí,A
22780,spořit,V
22781,spořitelna,N
22782,spořitelní,A
22783,spořivost,N
22784,spořivý,A
22785,spořič,N
22786,spořádaný,A
22787,spořádaně,D
22788,spořádat,V
22789,spořící,A
22790,spratek,N
22791,spravedlnost,N
22792,spravedlivý,A
22793,spravený,A
22794,spravit,V
22795,spravovat,V
22796,spravující,A
22797,sprcha,N
22798,sprchnout,V
22799,sprchovat,V
22800,sprchování,N
22801,sprchový,A
22802,sprej,N
22803,sprejerství,N
22804,sprejování,N
22805,sprint,N
22806,sprinter,N
22807,sprinterka,N
22808,sprintovat,V
22809,sprintový,A
22810,spropitné,N
22811,sprostota,N
22812,sprostý,A
22813,správa,N
22814,správcovský,A
22815,správce,N
22816,správně,D
22817,sprška,N
22818,spuštěný,A
22819,spáchaný,A
22820,spáchat,V
22821,spáchání,N
22822,spád,N
22823,spádovost,N
22824,spála,N
22825,spálenina,N
22826,spáleniště,N
22827,spálení,N
22828,spálený,A
22829,spálit,V
22830,spánek,N
22831,spánkový,A
22832,spár,N
22833,spára,N
22834,spárovací,A
22835,spárovat,V
22836,spárování,N
22837,spása,N
22838,spásání,N
22839,spát,V
22840,spáč,N
22841,spářit,V
22842,spíchnout,V
22843,spící,A
22844,spílání,N
22845,spínací,A
22846,spínat,V
22847,spínač,N
22848,spínání,N
22849,spíš,T
22850,spíše,D
22851,spíž,N
22852,spóra,N
22853,spěch,N
22854,spěchající,A
22855,spěchat,V
22856,spět,V
22857,spěšně,D
22858,spěšný,A
22859,spřežení,N
22860,spřádat,V
22861,spřátelený,A
22862,spřátelit,V
22863,spřízněnost,N
22864,spříznění,N
22865,spřízněný,A
22866,srab,N
22867,sranda,N
22868,srandista,N
22869,sraz,N
22870,srazit,V
22871,sraženina,N
22872,srdcař,N
22873,srdce,N
22874,srdcervoucí,A
22875,srdcový,A
22876,srdečnost,N
22877,srdeční,A
22878,srdečný,A
22879,srdečně,D
22880,srdíčko,N
22881,srdíčkový,A
22882,srdčitý,A
22883,srkat,V
22884,srna,N
22885,srnec,N
22886,srnka,N
22887,srnče,N
22888,srnčí,A
22889,srocení,N
22890,srocovat,V
22891,srolovaný,A
22892,srolovat,V
22893,srostlý,A
22894,srovnaný,A
22895,srovnat,V
22896,srovnatelnost,N
22897,srovnatelný,A
22898,srovnání,N
22899,srovnávací,A
22900,srovnávající,A
22901,srovnávaný,A
22902,srovnávat,V
22903,srovnávač,N
22904,srovnávání,N
22905,srozumitelnost,N
22906,srozumitelný,A
22907,srozumitelně,D
22908,srpek,N
22909,srpen,N
22910,srst,N
22911,srub,N
22912,sráz,N
22913,srážení,N
22914,srážet,V
22915,srážka,N
22916,srážkově,D
22917,srážkový,A
22918,srážlivost,N
22919,sršet,V
22920,sršeň,N
22921,sršní,A
22922,srůst,N
22923,srůst,V
22924,srůstat,V
22925,stabilizace,N
22926,stabilizační,A
22927,stabilizovaný,A
22928,stabilizovat,V
22929,stabilizátor,N
22930,stabilní,A
22931,stabilně,D
22932,stacionární,A
22933,stacionář,N
22934,stadion,N
22935,stadium,N
22936,stadión,N
22937,stagnace,N
22938,stagnovat,V
22939,stagnující,A
22940,stah,N
22941,stahovací,A
22942,stahovaný,A
22943,stahovat,V
22944,stahující,A
22945,staletý,A
22946,stan,N
22947,standard,N
22948,standarda,N
22949,standardizace,N
22950,standardizovaný,A
22951,standardizovat,V
22952,standardka,N
22953,standardní,A
22954,standardně,D
22955,standarta,N
22956,standartní,A
22957,stanice,N
22958,staniol,N
22959,staniční,A
22960,stanný,A
22961,stanovat,V
22962,stanovení,N
22963,stanovisko,N
22964,stanoviště,N
22965,stanovit,V
22966,stanovování,N
22967,stanovující,A
22968,stanování,N
22969,stanový,A
22970,starající,A
22971,starat,V
22972,staroba,N
22973,starobinec,N
22974,starobní,A
22975,starobylý,A
22976,starodávný,A
22977,staromódní,A
22978,staroměstský,A
22979,staronový,A
22980,starost,N
22981,starosta,N
22982,starostenský,A
22983,starostka,N
22984,starostlivost,N
22985,starostlivý,A
22986,starostlivě,D
22987,starostovat,V
22988,starostovský,A
22989,starostová,N
22990,starostování,N
22991,starosvětský,A
22992,starousedlík,N
22993,staroušek,N
22994,starověk,N
22995,starověký,A
22996,starožitnictví,N
22997,starožitnost,N
22998,starožitný,A
22999,start,N
23000,startovací,A
23001,startovat,V
23002,startovné,N
23003,startovní,A
23004,startování,N
23005,startující,A
23006,startér,N
23007,stará,N
23008,starý,N
23009,statek,N
23010,statečnost,N
23011,statečně,D
23012,statečný,A
23013,staticky,D
23014,statik,N
23015,statika,N
23016,statista,N
23017,statisticky,D
23018,statistický,A
23019,statistik,N
23020,statistika,N
23021,stativ,N
23022,statkový,A
23023,statkář,N
23024,statkářka,N
23025,statný,A
23026,stator,N
23027,statut,N
23028,statutární,A
23029,stav,N
23030,stavař,N
23031,stavařina,N
23032,stavba,N
23033,stavbař,N
23034,stavbyvedoucí,N
23035,stavebnice,N
23036,stavebnictví,N
23037,stavebnina,N
23038,stavební,A
23039,stavebník,N
23040,stavebně,D
23041,staveniště,N
23042,stavení,N
23043,stavidlo,N
23044,stavitel,N
23045,stavitelský,A
23046,stavitelství,N
23047,stavový,A
23048,stavění,N
23049,stavěný,A
23050,stavět,V
23051,stařec,N
23052,stařecký,A
23053,stařena,N
23054,stařenka,N
23055,stařeček,N
23056,stařík,N
23057,stať,N
23058,stažení,N
23059,steak,N
23060,stehenní,A
23061,stehlík,N
23062,stehno,N
23063,stehýnko,N
23064,stejnojmenný,A
23065,stejnokroj,N
23066,stejnoměrný,A
23067,stejnoměrně,D
23068,stejnosměrný,A
23069,stejný,A
23070,stejně,T
23071,stelivo,N
23072,step,N
23073,stepař,N
23074,stepní,A
23075,stepovat,V
23076,stereo,A
23077,stereotyp,N
23078,stereotypně,D
23079,stereotypní,A
23080,sterilita,N
23081,sterilizace,N
23082,sterilizovaný,A
23083,sterilní,A
23084,sterilovat,V
23085,steroid,N
23086,stesk,N
23087,stevard,N
23088,stevardka,N
23089,stezka,N
23090,stigma,N
23091,stihomam,N
23092,stimul,N
23093,stimulace,N
23094,stimulant,N
23095,stimulovat,V
23096,stimulující,A
23097,stimulátor,N
23098,stinný,A
23099,stipendijní,A
23100,stipendista,N
23101,stipendium,N
23102,stisk,N
23103,stisknout,V
23104,stisknutí,N
23105,stisknutý,A
23106,stlačení,N
23107,stlačený,A
23108,stlačit,V
23109,stlačovat,V
23110,stlačování,N
23111,stmelení,N
23112,stmelit,V
23113,stmívání,N
23114,stmívat,V
23115,stodola,N
23116,stoh,N
23117,stoický,A
23118,stoik,N
23119,stoj,N
23120,stojací,A
23121,stojan,N
23122,stojanový,A
23123,stojatý,A
23124,stojka,N
23125,stoják,N
23126,stojánek,N
23127,stoka,N
23128,stokoruna,N
23129,stolař,N
23130,stolařina,N
23131,stolařský,A
23132,stolec,N
23133,století,N
23134,stoleček,N
23135,stolice,N
23136,stolička,N
23137,stolní,A
23138,stolovat,V
23139,stolovník,N
23140,stolování,N
23141,stolový,A
23142,stomatolog,N
23143,stomatologický,A
23144,stomatologie,N
23145,stonat,V
23146,stonek,N
23147,stonožka,N
23148,stop,N
23149,stopa,N
23150,stopař,N
23151,stoper,N
23152,stopka,N
23153,stopovat,V
23154,stopový,A
23155,stopáž,N
23156,storno,N
23157,stornovat,V
23158,stoupací,A
23159,stoupající,A
23160,stoupat,V
23161,stoupačka,N
23162,stoupenec,N
23163,stoupnout,V
23164,stoupání,N
23165,stovka,N
23166,stočit,V
23167,stočné,N
23168,stožár,N
23169,strach,N
23170,strachy,D
23171,straka,N
23172,strakatý,A
23173,strana,N
23174,stranický,A
23175,stranit,V
23176,stranou,D
23177,stranový,A
23178,straník,N
23179,strast,N
23180,strastiplný,A
23181,strategický,A
23182,strategie,N
23183,stratosféra,N
23184,stratég,N
23185,strava,N
23186,stravenka,N
23187,stravitelnost,N
23188,stravitelný,A
23189,stravné,N
23190,stravovací,A
23191,stravovat,V
23192,stravovna,N
23193,stravování,N
23194,strašení,N
23195,strašidelný,A
23196,strašidelně,D
23197,strašidlo,N
23198,strašidýlko,N
23199,strašit,V
23200,strašlivý,A
23201,strašlivě,D
23202,strašný,A
23203,strašně,D
23204,strašpytel,N
23205,strašák,N
23206,strefit,V
23207,strefovat,V
23208,strejda,N
23209,stres,N
23210,stresor,N
23211,stresovaný,A
23212,stresovat,V
23213,stresující,A
23214,strečink,N
23215,strečový,A
23216,strhaný,A
23217,strhat,V
23218,strhnout,V
23219,strhávání,N
23220,strie,N
23221,striktní,A
23222,striktně,D
23223,striptér,N
23224,striptýz,N
23225,striptýzový,A
23226,strkanice,N
23227,strkat,V
23228,strkání,N
23229,strmý,A
23230,strmě,D
23231,strniště,N
23232,strnout,V
23233,strnule,D
23234,strnulost,N
23235,strnulý,A
23236,strohost,N
23237,strohý,A
23238,stroj,N
23239,strojař,N
23240,strojařina,N
23241,strojařský,A
23242,strojek,N
23243,strojený,A
23244,strojní,A
23245,strojník,N
23246,strojně,D
23247,strojový,A
23248,strojvůdce,N
23249,strojírenský,A
23250,strojírenství,N
23251,strojírna,N
23252,strom,N
23253,stromek,N
23254,stromeček,N
23255,stromovka,N
23256,stromoví,N
23257,stromořadí,N
23258,strop,N
23259,stropní,A
23260,strouhaný,A
23261,strouhat,V
23262,strouhání,N
23263,stroužek,N
23264,strpení,N
23265,struk,N
23266,struktura,N
23267,strukturalismus,N
23268,strukturní,A
23269,strukturovaný,A
23270,strukturálně,D
23271,strukturální,A
23272,struna,N
23273,strunka,N
23274,strunový,A
23275,strup,N
23276,struska,N
23277,stručnost,N
23278,stručně,D
23279,stručný,A
23280,stružka,N
23281,strádající,A
23282,strádat,V
23283,stránka,N
23284,stránkový,A
23285,strávení,N
23286,strávený,A
23287,strávit,V
23288,strávník,N
23289,stráň,N
23290,stráž,N
23291,strážce,N
23292,strážkyně,N
23293,strážnice,N
23294,strážník,N
23295,strážný,A
23296,strážný,N
23297,strýc,N
23298,strýček,N
23299,strčení,N
23300,strčit,V
23301,strůjce,N
23302,strž,N
23303,stržení,N
23304,stržený,A
23305,stud,N
23306,student,N
23307,studentka,N
23308,studentský,A
23309,studentstvo,N
23310,studený,A
23311,studie,N
23312,studiový,A
23313,studium,N
23314,studit,V
23315,studna,N
23316,studnice,N
23317,studně,N
23318,studovna,N
23319,studovat,V
23320,studování,N
23321,studující,A
23322,studánka,N
23323,stuha,N
23324,stupačka,N
23325,stupeň,N
23326,stupidita,N
23327,stupidní,A
23328,stupnice,N
23329,stupínek,N
23330,stupňovaný,A
23331,stupňovat,V
23332,stupňovitost,N
23333,stupňovitý,A
23334,stupňování,N
23335,stupňový,A
23336,stupňující,A
23337,stužka,N
23338,stvoření,N
23339,stvořený,A
23340,stvořit,V
23341,stvořitel,N
23342,stvrdit,V
23343,stvrzenka,N
23344,stvrzení,N
23345,stvůra,N
23346,stydlivě,D
23347,stydlivý,A
23348,stydět,V
23349,styl,N
23350,styling,N
23351,stylista,N
23352,stylisticky,D
23353,stylistika,N
23354,stylistka,N
23355,stylizace,N
23356,styčný,A
23357,stádečko,N
23358,stádium,N
23359,stádo,N
23360,stáj,N
23361,stájový,A
23362,stálezelený,A
23363,stálice,N
23364,stálý,A
23365,stánek,N
23366,stánkový,A
23367,stání,N
23368,stárek,N
23369,stárka,N
23370,stárnoucí,A
23371,stárnout,V
23372,stárnutí,N
23373,stát,N
23374,státeček,N
23375,státnice,N
23376,státnost,N
23377,státní,A
23378,státník,N
23379,stávající,A
23380,stávka,N
23381,stávkovat,V
23382,stávkující,A
23383,stáčet,V
23384,stáčírna,N
23385,stáří,N
23386,stáž,N
23387,stážista,N
23388,stážistka,N
23389,stéblo,N
23390,stéci,V
23391,stékající,A
23392,stékat,V
23393,stélka,N
23394,sténání,N
23395,sténat,V
23396,stíhací,A
23397,stíhat,V
23398,stíhač,N
23399,stíhačka,N
23400,stíhání,N
23401,stínadlo,N
23402,stín,N
23403,stínicí,A
23404,stínidlo,N
23405,stínit,V
23406,stínohra,N
23407,stínovat,V
23408,stínování,N
23409,stínítko,N
23410,stírací,A
23411,stírat,V
23412,stírání,N
23413,stísněnost,N
23414,stísněný,A
23415,stížený,A
23416,stížit,V
23417,stížnost,N
23418,stýkat,V
23419,stýskat,V
23420,stěhovací,A
23421,stěhovat,V
23422,stěhovavý,A
23423,stěhovák,N
23424,stěhování,N
23425,stěna,N
23426,stěnový,A
23427,stěr,N
23428,stěrač,N
23429,stěrka,N
23430,stěžeň,N
23431,stěžovat,V
23432,stěžovatel,N
23433,stěžující,A
23434,stěží,D
23435,střadatel,N
23436,střapec,N
23437,střecha,N
23438,střed,N
23439,středa,N
23440,středisko,N
23441,střední,A
23442,středník,N
23443,střednědobý,A
23444,středobod,N
23445,středový,A
23446,středověk,N
23447,středozemí,N
23448,středoškolačka,N
23449,středoškolský,A
23450,středoškolák,N
23451,střela,N
23452,střelba,N
23453,střelec,N
23454,střelecký,A
23455,střelectví,N
23456,střelený,A
23457,střelit,V
23458,střelivo,N
23459,střelka,N
23460,střelkyně,N
23461,střelmistr,N
23462,střelnice,N
23463,střelný,A
23464,střemhlav,D
23465,střemhlavý,A
23466,střenka,N
23467,střep,N
23468,střepina,N
23469,střet,N
23470,střetnutí,N
23471,střetávat,V
23472,střevlík,N
23473,střevní,A
23474,střevo,N
23475,střevíc,N
23476,střevíček,N
23477,střešní,A
23478,střežený,A
23479,střežit,V
23480,střežící,A
23481,střih,N
23482,střihač,N
23483,střihnout,V
23484,střihový,A
23485,střik,N
23486,střižený,A
23487,stříbro,N
23488,stříbrný,A
23489,stříbřitý,A
23490,stříbřitě,D
23491,střída,N
23492,střídající,A
23493,střídaný,A
23494,střídat,V
23495,střídavý,A
23496,střídačka,N
23497,střídmost,N
23498,střídmě,D
23499,střídmý,A
23500,stříhat,V
23501,stříhání,N
23502,stříkací,A
23503,stříkající,A
23504,stříkačka,N
23505,stříkat,V
23506,stříkání,N
23507,střílející,A
23508,střílení,N
23509,střílečka,N
23510,střílet,V
23511,střílna,N
23512,střípek,N
23513,střívko,N
23514,střízlivost,N
23515,střízlivý,A
23516,střízlík,N
23517,stůl,N
23518,subjekt,N
23519,subjektivní,A
23520,subjektivně,D
23521,subkultura,N
23522,substance,N
23523,substantivum,N
23524,substituce,N
23525,substrát,N
23526,subsystém,N
23527,subtilní,A
23528,subtropický,A
23529,subtropy,N
23530,subvence,N
23531,sucho,N
23532,suchost,N
23533,suchozemský,A
23534,suchý,A
23535,sudety,N
23536,sudetský,A
23537,sudička,N
23538,sudokopytník,N
23539,sudoku,N
23540,sudový,A
23541,sudý,A
23542,sugesce,N
23543,sugestivní,A
23544,sugestivně,D
23545,sukničkář,N
23546,sukno,N
23547,sukně,N
23548,sukulent,N
23549,sukulentní,A
23550,sukénka,N
23551,sulfát,N
23552,sultán,N
23553,suma,D
23554,sumec,N
23555,sumář,N
23556,sundat,V
23557,sundání,N
23558,sunout,V
23559,superlativ,N
23560,superpočítač,N
23561,supervizor,N
23562,surf,N
23563,surfař,N
23564,surfovat,V
23565,surfování,N
23566,surikata,N
23567,surovec,N
23568,surovina,N
23569,surovinový,A
23570,surovost,N
23571,surový,A
23572,surrealista,N
23573,surrealistický,A
23574,sushi,N
23575,suspendovat,V
23576,suspenze,N
23577,suterén,N
23578,suterénní,A
23579,sutina,N
23580,suvenýr,N
23581,suverenita,N
23582,suverén,N
23583,suverénka,N
23584,sušenka,N
23585,sušený,A
23586,sušicí,A
23587,sušina,N
23588,sušit,V
23589,sušička,N
23590,sušák,N
23591,sušárna,N
23592,suťový,A
23593,sužovaný,A
23594,sužovat,V
23595,svah,N
23596,svahový,A
23597,sval,N
23598,svalit,V
23599,svalnatý,A
23600,svalovat,V
23601,svalovec,N
23602,svalový,A
23603,svalstvo,N
23604,svar,N
23605,svarový,A
23606,svatba,N
23607,svatební,A
23608,svatebčan,N
23609,svatokrádež,N
23610,svatostánek,N
23611,svatoušek,N
23612,svatyně,N
23613,svatá,N
23614,svatý,A
23615,svaz,N
23616,svazek,N
23617,svazeček,N
23618,svazovat,V
23619,svazující,A
23620,svazácký,A
23621,svazák,N
23622,svačina,N
23623,svačinka,N
23624,svačit,V
23625,svařit,V
23626,svařovací,A
23627,svařovaný,A
23628,svařovna,N
23629,svařování,N
23630,svařák,N
23631,svažitý,A
23632,svažující,A
23633,svedení,N
23634,svetr,N
23635,svetřík,N
23636,svinovací,A
23637,svinutý,A
23638,svislý,A
23639,svit,N
23640,svita,N
23641,svitek,N
23642,sviští,A
23643,svištící,A
23644,svištět,V
23645,svišť,N
23646,svižný,A
23647,svižně,D
23648,svlažit,V
23649,svléci,V
23650,svlékat,V
23651,svlékání,N
23652,svoboda,N
23653,svobodník,N
23654,svobodný,A
23655,svobodárna,N
23656,svod,N
23657,svodidlo,N
23658,svodka,N
23659,svolaný,A
23660,svolat,V
23661,svolavatel,N
23662,svolení,N
23663,svolit,V
23664,svolný,A
23665,svolání,N
23666,svolávání,N
23667,svolávat,V
23668,svor,N
23669,svorka,N
23670,svornost,N
23671,svorník,N
23672,svoz,N
23673,svozový,A
23674,svrab,N
23675,svrbět,V
23676,svrchník,N
23677,svrchně,D
23678,svrchovanost,N
23679,svrchovaně,D
23680,svrchovaný,A
23681,svrchu,D
23682,svrhnout,V
23683,svršek,N
23684,svršky,N
23685,svržení,N
23686,svržený,A
23687,svádění,N
23688,svádět,V
23689,svár,N
23690,svátek,N
23691,sváteční,A
23692,svátost,N
23693,svázaný,A
23694,svázat,V
23695,svázání,N
23696,svářecí,A
23697,sváření,N
23698,svářet,V
23699,svářeč,N
23700,svářečka,N
23701,svářečský,A
23702,svážení,N
23703,svážet,V
23704,svébytný,A
23705,svéhlavý,A
23706,svépomoc,N
23707,svépomocný,A
23708,svéprávnost,N
23709,svéprávný,A
23710,svéráz,N
23711,svérázný,A
23712,svérázně,D
23713,svévole,N
23714,svévolný,A
23715,svézt,V
23716,svíce,N
23717,svícen,N
23718,svícení,N
23719,svíjet,V
23720,svírající,A
23721,svírat,V
23722,svíravý,A
23723,svítidlo,N
23724,svítilna,N
23725,svítiplyn,N
23726,svítit,V
23727,svítivost,N
23728,svítivý,A
23729,svítivě,D
23730,svítící,A
23731,svízel,N
23732,svíčka,N
23733,svíčková,N
23734,svěcení,N
23735,svěcený,A
23736,svědecký,A
23737,svědek,N
23738,svědit,V
23739,svědivý,A
23740,svědkyně,N
23741,svědomitý,A
23742,svědomitě,D
23743,svědomí,N
23744,svědčit,V
23745,svědčící,A
23746,svědění,N
23747,svěrací,A
23748,svěrák,N
23749,svět,N
23750,světec,N
23751,světelně,D
23752,světelný,A
23753,světice,N
23754,světlice,N
23755,světlo,N
23756,světlomet,N
23757,světlonoš,N
23758,světluška,N
23759,světlík,N
23760,světlý,A
23761,světnice,N
23762,světnička,N
23763,světoborný,A
23764,světoběžník,N
23765,světovost,N
23766,světový,A
23767,světoznámý,A
23768,světský,A
23769,světácký,A
23770,světák,N
23771,světélko,N
23772,světélkující,A
23773,světýlko,N
23774,svěřenec,N
23775,svěřenka,N
23776,svěřenkyně,N
23777,svěření,N
23778,svěřit,V
23779,svěřovat,V
23780,svěšený,A
23781,svěžest,N
23782,svěží,A
23783,svůdce,N
23784,svůdnost,N
23785,svůdník,N
23786,svůdný,A
23787,svůdně,D
23788,svůj,P
23789,swing,N
23790,sycený,A
23791,sychravo,N
23792,sychravý,A
23793,syknout,V
23794,symbióza,N
23795,symbol,N
23796,symbolicky,D
23797,symbolický,A
23798,symbolismus,N
23799,symbolizovaný,A
23800,symbolizovat,V
23801,symbolizující,A
23802,symetricky,D
23803,symetrický,A
23804,symetrie,N
23805,symfonický,A
23806,symfonie,N
23807,symfonik,N
23808,sympaticky,D
23809,sympatický,A
23810,sympatizant,N
23811,sympatizovat,V
23812,sympatizující,A
23813,sympozium,N
23814,symptom,N
23815,symptomatický,A
23816,synagoga,N
23817,synapse,N
23818,synchronizace,N
23819,synchronizovaný,A
23820,synchronizovat,V
23821,synchronní,A
23822,syndikovaný,A
23823,syndikát,N
23824,syndrom,N
23825,synek,N
23826,synergický,A
23827,synergie,N
23828,synonymum,N
23829,syntetický,A
23830,syntezátor,N
23831,syntéza,N
23832,sypací,A
23833,sypaný,A
23834,sypat,V
23835,sypač,N
23836,sypký,A
23837,sypání,N
23838,syreček,N
23839,syrovost,N
23840,syrový,A
23841,syrově,D
23842,sysel,N
23843,systematicky,D
23844,systolický,A
23845,systém,N
23846,systémový,A
23847,systémově,D
23848,sytit,V
23849,sytost,N
23850,sytý,A
23851,syčení,N
23852,syčet,V
23853,syčák,N
23854,sádka,N
23855,sádlo,N
23856,sádra,N
23857,sádrokartón,N
23858,sága,N
23859,sáhnout,V
23860,sálat,V
23861,sálavý,A
23862,sálek,N
23863,sálový,A
23864,sálání,N
23865,sání,N
23866,sázející,A
23867,sázenka,N
23868,sázení,N
23869,sázený,A
23870,sázet,V
23871,sázka,N
23872,sázkař,N
23873,sázkařský,A
23874,sázkový,A
23875,sáček,N
23876,sáčko,N
23877,sáňkař,N
23878,sáňkařský,A
23879,sáňkování,N
23880,sáňky,N
23881,ségra,N
23882,sémantický,A
23883,sémantika,N
23884,sépie,N
23885,série,N
23886,sériový,A
23887,sériově,D
23888,sérum,N
23889,sídlištní,A
23890,sídliště,N
23891,sídlo,N
23892,sídlit,V
23893,sígr,N
23894,síla,N
23895,sílit,V
23896,sílící,A
23897,síra,N
23898,síran,N
23899,sírový,A
23900,sítnice,N
23901,síto,N
23902,sítotisk,N
23903,síťka,N
23904,síťovaný,A
23905,síťovina,N
23906,síťovka,N
23907,síťový,A
23908,sója,N
23909,sójový,A
23910,sólista,N
23911,sólistka,N
23912,sólo,N
23913,sólokapr,N
23914,sólový,A
23915,sólově,D
23916,sýkora,N
23917,sýkorka,N
23918,sýpka,N
23919,sýrový,A
23920,sýrárna,N
23921,sýček,N
23922,sčítací,A
23923,sčítat,V
23924,sčítač,N
23925,sčítání,N
23926,sňatek,N
23927,sňatkový,A
23928,sžívat,V
23929,tablet,N
23930,tableta,N
23931,tabletka,N
23932,tabletový,A
23933,tablo,N
23934,tabu,N
23935,tabule,N
23936,tabulka,N
23937,tabulkový,A
23938,tabulkově,D
23939,tabulový,A
23940,tabák,N
23941,tachograf,N
23942,tachometr,N
23943,tady,D
23944,tahací,A
23945,tahanice,N
23946,tahat,V
23947,tahač,N
23948,tahoun,N
23949,tahounka,N
23950,tahový,A
23951,tahák,N
23952,tahání,N
23953,tajemnice,N
23954,tajemno,N
23955,tajemnost,N
23956,tajemník,N
23957,tajemný,A
23958,tajemství,N
23959,tajený,A
23960,tajfun,N
23961,tajga,N
23962,tajit,V
23963,tajnost,N
23964,tajná,N
23965,tajný,A
23966,tající,A
23967,takt,N
23968,takticky,D
23969,taktický,A
23970,taktika,N
23971,taktizovat,V
23972,taktizování,N
23973,taktní,A
23974,taktně,D
23975,taktovka,N
23976,talent,N
23977,talentovaný,A
23978,talentový,A
23979,talisman,N
23980,talmud,N
23981,talár,N
23982,talíř,N
23983,talířek,N
23984,talířový,A
23985,tamarín,N
23986,tambor,N
23987,tamburína,N
23988,tamní,A
23989,tampon,N
23990,tancovat,V
23991,tancovačka,N
23992,tancování,N
23993,tandem,N
23994,tandemový,A
23995,tanec,N
23996,taneček,N
23997,tanečnice,N
23998,taneční,N
23999,tanečník,N
24000,tanečně,D
24001,tango,N
24002,tank,N
24003,tanker,N
24004,tankista,N
24005,tankodrom,N
24006,tankovací,A
24007,tankovat,V
24008,tankování,N
24009,tankový,A
24010,tantiéma,N
24011,tančení,N
24012,tančit,V
24013,tančící,A
24014,tančírna,N
24015,tapeta,N
24016,tapiserie,N
24017,tarantule,N
24018,taras,N
24019,tarif,N
24020,tarot,N
24021,tarotový,A
24022,tartan,N
24023,tasemnice,N
24024,tatami,N
24025,tatarka,N
24026,tatarák,N
24027,tatranka,N
24028,tatík,N
24029,tatínek,N
24030,tatíček,N
24031,tavenina,N
24032,tavení,N
24033,tavený,A
24034,tavicí,A
24035,tavit,V
24036,tavný,A
24037,tazatel,N
24038,taška,N
24039,taškařice,N
24040,taštička,N
24041,tažení,N
24042,tažný,A
24043,tchoř,N
24044,tchyně,N
24045,tchán,N
24046,technicky,D
24047,technický,A
24048,technik,N
24049,technika,N
24050,technička,N
24051,techno,N
24052,technolog,N
24053,techbologie,N
24054,technopark,N
24055,technoparty,N
24056,tehdejší,A
24057,tektonický,A
24058,tekutina,N
24059,tekutý,A
24060,tele,N
24061,telecí,N
24062,telefon,N
24063,telefonicky,D
24064,telefonování,N
24065,telefonovat,V
24066,telefonát,N
24067,telegraf,N
24068,telegrafní,A
24069,telegram,N
24070,telekomunikace,N
24071,telekomunikační,A
24072,telenovela,N
24073,telepatie,N
24074,teleskop,N
24075,teleskopický,A
24076,teletník,N
24077,televize,N
24078,televizor,N
24079,telátko,N
24080,tematicky,D
24081,tematický,A
24082,tematika,N
24083,temeno,N
24084,temno,N
24085,temnota,N
24086,temný,A
24087,tempera,N
24088,temperament,N
24089,temperamentní,A
24090,temperovaný,A
24091,temperování,N
24092,temperový,A
24093,templář,N
24094,tempo,N
24095,tendence,N
24096,tendenční,A
24097,tendenčně,D
24098,tendr,N
24099,tenis,N
24100,teniska,N
24101,tenisový,A
24102,tenisově,D
24103,tenista,N
24104,tenistka,N
24105,tenisák,N
24106,tenkrát,D
24107,tenký,A
24108,tenor,N
24109,tenorista,N
24110,tenorový,A
24111,tenoučký,A
24112,tenze,N
24113,teolog,N
24114,teologický,A
24115,teologie,N
24116,teoreticky,D
24117,teoretický,A
24118,teoretik,N
24119,teoretička,N
24120,teorie,N
24121,tepající,A
24122,tepaný,A
24123,tepat,V
24124,tepelný,A
24125,tepelně,D
24126,tepenný,A
24127,teplo,N
24128,teplokrevník,N
24129,teplokrevný,A
24130,teploměr,N
24131,teplota,N
24132,teplotní,A
24133,teplotně,D
24134,teplákový,A
24135,tepláky,N
24136,teplárenský,A
24137,teplárenství,N
24138,teplárna,N
24139,teplý,A
24140,tepna,N
24141,tepový,A
24142,terapeut,N
24143,terapeutka,N
24144,terapie,N
24145,terarijní,A
24146,terarium,N
24147,terasa,N
24148,teritorialita,N
24149,teritorium,N
24150,teritoriální,A
24151,teriér,N
24152,terminologie,N
24153,terminál,N
24154,terminální,A
24155,terminátor,N
24156,termodynamika,N
24157,termokamera,N
24158,termoregulace,N
24159,termoregulační,A
24160,termoska,N
24161,termostat,N
24162,termovize,N
24163,termální,A
24164,termín,N
24165,termínový,A
24166,termínově,D
24167,terno,N
24168,teror,N
24169,terorista,N
24170,teráska,N
24171,terén,N
24172,terénní,A
24173,terč,N
24174,terčík,N
24175,tesaný,A
24176,tesat,V
24177,tesař,N
24178,tesařský,A
24179,tesařík,N
24180,tesknit,V
24181,teskně,D
24182,test,N
24183,testament,N
24184,tester,N
24185,testosteron,N
24186,testovací,A
24187,testovaný,A
24188,testovat,V
24189,testování,N
24190,testový,A
24191,testující,A
24192,teta,N
24193,tetanus,N
24194,tetelit,V
24195,tetička,N
24196,tetovací,A
24197,tetovat,V
24198,tetování,N
24199,tetřev,N
24200,text,N
24201,textil,N
24202,textilie,N
24203,textilka,N
24204,textovka,N
24205,textový,A
24206,textově,D
24207,textura,N
24208,teze,N
24209,tečka,N
24210,tečkovaný,A
24211,tečovaný,A
24212,tečovat,V
24213,ticho,N
24214,tichost,N
24215,tichounce,D
24216,tichounký,A
24217,tichý,A
24218,tikající,A
24219,tikat,V
24220,tiket,N
24221,tinktura,N
24222,tipař,N
24223,tipec,N
24224,tipovací,A
24225,tipovaný,A
24226,tipovat,V
24227,tipování,N
24228,tipující,A
24229,tipér,N
24230,tiráda,N
24231,tiráž,N
24232,tisk,N
24233,tiskací,A
24234,tiskař,N
24235,tiskařský,A
24236,tisknout,V
24237,tiskopis,N
24238,tiskovina,N
24239,tiskovka,N
24240,tisíc,N
24241,tisícina,N
24242,titan,N
24243,titanový,A
24244,titul,N
24245,titulek,N
24246,titulka,N
24247,titulní,A
24248,titulovat,V
24249,titulární,A
24250,titěrný,A
24251,tiše,D
24252,tišit,V
24253,tištění,N
24254,tištěný,A
24255,tišící,A
24256,tkadlec,N
24257,tkadlena,N
24258,tkalcovna,N
24259,tkalcovský,A
24260,tkanina,N
24261,tkanička,N
24262,tkaní,N
24263,tklivý,A
24264,tknout,V
24265,tkvět,V
24266,tkáň,N
24267,tkáňový,A
24268,tkát,V
24269,tlach,N
24270,tlachat,V
24271,tlachání,N
24272,tlak,N
24273,tlakový,A
24274,tlama,N
24275,tlampač,N
24276,tlapa,N
24277,tlapka,N
24278,tlačenice,N
24279,tlačenka,N
24280,tlačení,N
24281,tlačený,A
24282,tlačit,V
24283,tlačítko,N
24284,tlačítkový,A
24285,tlející,A
24286,tleskat,V
24287,tleskání,N
24288,tlesknout,V
24289,tlesknutí,N
24290,tloustnout,V
24291,tloustnutí,N
24292,tloušťka,N
24293,tlukot,N
24294,tlumení,N
24295,tlumicí,A
24296,tlumit,V
24297,tlumič,N
24298,tlumočení,N
24299,tlumočit,V
24300,tlumočnice,N
24301,tlumočnický,A
24302,tlumočník,N
24303,tlumící,A
24304,tlupa,N
24305,tlustokožec,N
24306,tlustý,A
24307,tlučený,A
24308,tmavnout,V
24309,tmavý,A
24310,tmel,N
24311,tnout,V
24312,toaleta,N
24313,toaletní,A
24314,toast,N
24315,tobogan,N
24316,tobolka,N
24317,tofu,N
24318,tolar,N
24319,tolerance,N
24320,tolerantní,A
24321,toleranční,A
24322,tolerovaný,A
24323,tolerovat,V
24324,tolerování,N
24325,tolik,C
24326,tolikrát,C
24327,tombola,N
24328,tomograf,N
24329,toner,N
24330,tonik,N
24331,tonikum,N
24332,tonoucí,A
24333,tonout,V
24334,tonus,N
24335,tonutí,N
24336,topeniště,N
24337,topenář,N
24338,topenářský,A
24339,topení,N
24340,topidlo,N
24341,topinambur,N
24342,topinka,N
24343,topinkovač,N
24344,topit,V
24345,topivo,N
24346,topič,N
24347,topmodelka,N
24348,topný,A
24349,topografie,N
24350,topol,N
24351,topologie,N
24352,toporný,A
24353,topící,A
24354,topůrko,N
24355,torna,N
24356,tornádo,N
24357,torpédo,N
24358,tortila,N
24359,torzní,A
24360,torzo,N
24361,totalita,N
24362,totalitarismus,N
24363,totalitární,A
24364,totem,N
24365,totožnost,N
24366,totožný,A
24367,totální,A
24368,totálně,D
24369,touha,N
24370,toulat,V
24371,toulavý,A
24372,toust,N
24373,toustovač,N
24374,toužebně,D
24375,toužit,V
24376,toužící,A
24377,tovaryš,N
24378,tovaryšstvo,N
24379,továrna,N
24380,továrnička,N
24381,tovární,A
24382,továrník,N
24383,toxicita,N
24384,toxikologický,A
24385,toxikologie,N
24386,toxin,N
24387,toxoplazmóza,N
24388,točení,N
24389,točený,A
24390,točit,V
24391,točitý,A
24392,točna,N
24393,točící,A
24394,trable,N
24395,tradice,N
24396,tradiční,A
24397,tradičně,D
24398,tradovaný,A
24399,tradovat,V
24400,trafika,N
24401,trafikant,N
24402,trafikantka,N
24403,trafostanice,N
24404,tragicky,D
24405,tragický,A
24406,tragikomedie,N
24407,tragikomický,A
24408,tragédie,N
24409,trailer,N
24410,trajekt,N
24411,trajektorie,N
24412,trakař,N
24413,trakce,N
24414,trakt,N
24415,traktor,N
24416,traktorista,N
24417,traktoriáda,N
24418,traktorový,A
24419,traktát,N
24420,traktůrek,N
24421,tramp,N
24422,tramping,N
24423,trampolína,N
24424,trampota,N
24425,trampoty,N
24426,tramvaj,N
24427,tramvajenka,N
24428,tramvajový,A
24429,trans,N
24430,transakce,N
24431,transakční,A
24432,transcendence,N
24433,transcendentní,A
24434,transformace,N
24435,transformovaný,A
24436,transformovat,V
24437,transformující,A
24438,transformátor,N
24439,transfuze,N
24440,transfuzní,A
24441,transfúze,N
24442,transfúzní,A
24443,transkripce,N
24444,transparent,N
24445,transparentnost,N
24446,transparentní,A
24447,transparentně,D
24448,transplantace,N
24449,transplantační,A
24450,transplantovaný,A
24451,transport,N
24452,transportní,A
24453,transportér,N
24454,transportovat,V
24455,tranzistor,N
24456,tranzistorový,A
24457,tranzit,N
24458,tranzitní,A
24459,trapas,N
24460,trapnost,N
24461,trapně,D
24462,trapný,A
24463,trapéz,N
24464,trapézový,A
24465,trasa,N
24466,trasování,N
24467,tratit,V
24468,tratoliště,N
24469,trauma,N
24470,traverza,N
24471,travina,N
24472,travič,N
24473,travnatý,A
24474,travní,A
24475,tračník,N
24476,trať,N
24477,trdelník,N
24478,trefa,N
24479,trefený,A
24480,trefit,V
24481,trefný,A
24482,trefovat,V
24483,trek,N
24484,trekový,A
24485,trenažér,N
24486,trenky,N
24487,trenér,N
24488,trenérka,N
24489,trenérství,N
24490,trenýrky,N
24491,trenčkot,N
24492,trepka,N
24493,treska,N
24494,trest,N
24495,trestanec,N
24496,trestanecký,A
24497,trestaný,A
24498,trestat,V
24499,trestnice,N
24500,trestnost,N
24501,trestný,A
24502,trestání,N
24503,trezor,N
24504,trezorek,N
24505,trezorový,A
24506,trhací,A
24507,trhaný,A
24508,trhat,V
24509,trhavina,N
24510,trhavý,A
24511,trhlina,N
24512,trhlinka,N
24513,trhnout,V
24514,trhový,A
24515,trhák,N
24516,trhání,N
24517,triangl,N
24518,triatlon,N
24519,triatlonista,N
24520,triatlonový,A
24521,tribuna,N
24522,tribunál,N
24523,trik,N
24524,triko,N
24525,trikot,N
24526,trikový,A
24527,trimestr,N
24528,trio,N
24529,trip,N
24530,triptych,N
24531,triumf,N
24532,triumfální,A
24533,triáda,N
24534,tričko,N
24535,trnka,N
24536,trnkový,A
24537,trnový,A
24538,trocha,N
24539,trofej,N
24540,trofejní,A
24541,trojboj,N
24542,trojbojař,N
24543,trojice,N
24544,trojka,N
24545,trojkolka,N
24546,trojkombinace,N
24547,trojlístek,N
24548,trojobal,N
24549,trojsklo,N
24550,trojskok,N
24551,trojskokan,N
24552,trojzubec,N
24553,trojúhelník,N
24554,trojče,N
24555,trolej,N
24556,trolejbus,N
24557,trolejový,A
24558,trombocyt,N
24559,trombon,N
24560,trombonista,N
24561,trombus,N
24562,trombóza,N
24563,trop,D
24564,tropy,N
24565,trosečník,N
24566,troska,N
24567,trosky,N
24568,trouba,N
24569,troubit,V
24570,troud,N
24571,troufalost,N
24572,troufalý,A
24573,trousit,V
24574,troška,N
24575,troškař,N
24576,trošku,D
24577,trpasličí,A
24578,trpaslík,N
24579,trpce,D
24580,trpkost,N
24581,trpký,A
24582,trpný,A
24583,trpně,D
24584,trpící,A
24585,trpělivost,N
24586,trpělivý,A
24587,trpělivě,D
24588,trpěný,A
24589,trpět,V
24590,trubač,N
24591,trubec,N
24592,trubice,N
24593,trubička,N
24594,trubka,N
24595,trubkový,A
24596,truc,N
24597,truchlení,N
24598,truchlit,V
24599,truchlící,A
24600,trucovat,V
24601,truhla,N
24602,truhlařina,N
24603,truhlice,N
24604,truhlička,N
24605,truhlárna,N
24606,truhlář,N
24607,truhlářský,A
24608,truhlářství,N
24609,truhlík,N
24610,trumf,N
24611,trumfový,A
24612,trumpeta,N
24613,trumpetista,N
24614,trup,N
24615,trus,N
24616,trvající,A
24617,trvalka,N
24618,trvalkový,A
24619,trvalost,N
24620,trvalý,A
24621,trvanlivost,N
24622,trvanlivý,A
24623,trvat,V
24624,trvání,N
24625,trychtýř,N
24626,trysk,N
24627,tryska,N
24628,tryskající,A
24629,tryskat,V
24630,tryskový,A
24631,tryskáč,N
24632,trám,N
24633,trámek,N
24634,trámový,A
24635,trápení,N
24636,trápit,V
24637,trápící,A
24638,tráva,N
24639,trávení,N
24640,trávený,A
24641,trávicí,A
24642,trávit,V
24643,trávník,N
24644,tréma,N
24645,trénink,N
24646,tréninkový,A
24647,trénovanost,N
24648,trénovaný,A
24649,trénovat,V
24650,trénování,N
24651,trénující,A
24652,trýzeň,N
24653,trýznit,V
24654,trýznitel,N
24655,trýznivý,A
24656,trýznění,N
24657,trčet,V
24658,trčící,A
24659,trůn,N
24660,tržba,N
24661,tržnice,N
24662,tržní,A
24663,tržný,A
24664,tržně,D
24665,tsunami,N
24666,tuberkulóza,N
24667,tubus,N
24668,tucet,N
24669,tuctový,A
24670,tuhnutí,N
24671,tuhnout,V
24672,tuhost,N
24673,tuhý,A
24674,tukan,N
24675,tulení,A
24676,tuleň,N
24677,tulipán,N
24678,tulit,V
24679,tulák,N
24680,tumor,N
24681,tuna,N
24682,tunel,N
24683,tunelovat,V
24684,tunelový,A
24685,tunelář,N
24686,tunika,N
24687,tunový,A
24688,tupost,N
24689,tupý,A
24690,tupě,D
24691,turban,N
24692,turbulence,N
24693,turbína,N
24694,turismus,N
24695,turista,N
24696,turisticky,D
24697,turistický,A
24698,turistika,N
24699,turistka,N
24700,turnaj,N
24701,turnajový,A
24702,turniket,N
24703,turnus,N
24704,turné,N
24705,tutlat,V
24706,tutor,N
24707,tutovka,N
24708,tuze,D
24709,tuzemec,N
24710,tuzemsko,N
24711,tučnost,N
24712,tučný,A
24713,tučňák,N
24714,tuňák,N
24715,tuňákový,A
24716,tušení,N
24717,tušený,A
24718,tušit,V
24719,tušový,A
24720,tušící,A
24721,tužba,N
24722,tužidlo,N
24723,tužit,V
24724,tužka,N
24725,tužkový,A
24726,tvar,N
24727,tvaroh,N
24728,tvarohový,A
24729,tvarosloví,N
24730,tvarovací,A
24731,tvarovat,V
24732,tvarovka,N
24733,tvarování,N
24734,tvarový,A
24735,tvarově,D
24736,tvarůžek,N
24737,tvarůžkový,A
24738,tvor,N
24739,tvoreček,N
24740,tvořený,A
24741,tvořit,V
24742,tvořivost,N
24743,tvořivý,A
24744,tvořivě,D
24745,tvořítko,N
24746,tvrdit,V
24747,tvrdohlavost,N
24748,tvrdohlavý,A
24749,tvrdost,N
24750,tvrdící,A
24751,tvrdě,D
24752,tvrdý,A
24753,tvrz,N
24754,tvrzení,N
24755,tvrzený,A
24756,tvrďák,N
24757,tvárnice,N
24758,tvárný,A
24759,tvář,N
24760,tvářenka,N
24761,tváření,N
24762,tvářit,V
24763,tvářička,N
24764,tvářnost,N
24765,tvářící,A
24766,tvídový,A
24767,tvůrce,N
24768,tvůrkyně,N
24769,tyfus,N
24770,tygr,N
24771,tygrovaný,A
24772,tygří,A
24773,tygřík,N
24774,tykadlo,N
24775,tykat,V
24776,tykev,N
24777,tykání,N
24778,tylový,A
24779,typicky,D
24780,typický,A
24781,typizovaný,A
24782,typograf,N
24783,typografický,A
24784,typografie,N
24785,typologicky,D
24786,typologie,N
24787,tyran,N
24788,tyranie,N
24789,tyranosaurus,N
24790,tyčinka,N
24791,tyčit,V
24792,tyčka,N
24793,tyčkař,N
24794,tyčkařský,A
24795,tyčící,A
24796,tábor,N
24797,tábornický,A
24798,táborník,N
24799,táborový,A
24800,táborák,N
24801,tábořiště,N
24802,tábořit,V
24803,tácek,N
24804,táhlo,N
24805,táhnoucí,A
24806,táhnout,V
24807,tápající,A
24808,tápat,V
24809,tápání,N
24810,táta,N
24811,tázaný,A
24812,tázat,V
24813,tázavý,A
24814,téma,N
24815,tématicky,D
24816,tématický,A
24817,tíha,N
24818,tíhnout,V
24819,tílko,N
24820,típnout,V
24821,tíseň,N
24822,tísnivý,A
24823,tísněný,A
24824,tížit,V
24825,tíživý,A
24826,tónina,N
24827,tónovací,A
24828,tónovaný,A
24829,tónovat,V
24830,tóra,N
24831,túje,N
24832,túra,N
24833,týden,N
24834,týdeník,N
24835,týlový,A
24836,týmový,A
24837,týpek,N
24838,týpí,N
24839,týraný,A
24840,týrat,V
24841,týrání,N
24842,těhotenský,A
24843,těhotenství,N
24844,těhotný,A
24845,tělesnost,N
24846,tělesně,D
24847,těleso,N
24848,tělnatý,A
24849,tělní,A
24850,tělo,N
24851,tělocvik,N
24852,tělocvikář,N
24853,tělocvična,N
24854,tělový,A
24855,tělovýchova,N
24856,tělovýchovný,A
24857,tělísko,N
24858,tělíčko,N
24859,těsno,D
24860,těsnopis,N
24861,těsnost,N
24862,těsnící,A
24863,těsný,A
24864,těsnění,N
24865,těsto,N
24866,těstovina,N
24867,těstovinový,A
24868,těstíčko,N
24869,tětiva,N
24870,těšení,N
24871,těšit,V
24872,těšitel,N
24873,těšící,A
24874,těžař,N
24875,těžba,N
24876,těžce,D
24877,těžební,A
24878,těžený,A
24879,těžit,V
24880,těžiště,N
24881,těžko,D
24882,těžkooděnec,N
24883,těžkopádnost,N
24884,těžkost,N
24885,těžkotonážní,A
24886,těžký,A
24887,těžní,A
24888,třapatka,N
24889,třaskavina,N
24890,třaskavý,A
24891,třeba,T
24892,třecí,A
24893,třenice,N
24894,tření,N
24895,třený,A
24896,třepat,V
24897,třes,N
24898,třesavka,N
24899,třesk,N
24900,třetihory,N
24901,třetina,C
24902,třetinka,N
24903,třetí,C
24904,třezalka,N
24905,třešeň,N
24906,třešinka,N
24907,třešnička,N
24908,třešně,N
24909,třeštit,V
24910,třeštění,N
24911,třešňový,A
24912,třeťák,N
24913,třpyt,N
24914,třpytit,V
24915,třpytivý,A
24916,třpytka,N
24917,třtina,N
24918,třáseň,N
24919,třást,V
24920,třídit,V
24921,třídící,A
24922,třídírna,N
24923,tříděný,A
24924,tříkolka,N
24925,tříkolový,A
24926,třímat,V
24927,třískat,V
24928,třísknout,V
24929,tříslo,N
24930,tříslovina,N
24931,třít,V
24932,tříštit,V
24933,tříštění,N
24934,tříšť,N
24935,tůně,N
24936,tůňka,N
24937,ubikace,N
24938,ubití,N
24939,ubitý,A
24940,ubližovat,V
24941,ubližování,N
24942,ublížený,A
24943,ublížit,V
24944,ubohý,A
24945,ubojovat,V
24946,ubožák,N
24947,ubrat,V
24948,ubrečený,A
24949,ubrousek,N
24950,ubrus,N
24951,ubytovací,A
24952,ubytovaný,A
24953,ubytovat,V
24954,ubytovatel,N
24955,ubytovna,N
24956,ubytování,N
24957,ubíhající,A
24958,ubíhat,V
24959,ubíjející,A
24960,ubíjet,V
24961,ubírat,V
24962,ubýt,V
24963,ubývat,V
24964,ubývání,N
24965,uběhat,V
24966,ucelený,A
24967,uceleně,D
24968,ucelit,V
24969,uchazeč,N
24970,uchazečka,N
24971,uchazečský,A
24972,uchlácholit,V
24973,ucho,N
24974,uchopení,N
24975,uchopit,V
24976,uchopitelný,A
24977,uchovat,V
24978,uchování,N
24979,uchovávaný,A
24980,uchovávat,V
24981,uchovávání,N
24982,uchránit,V
24983,uchráněný,A
24984,uchycení,N
24985,uchycený,A
24986,uchytit,V
24987,ucházející,A
24988,ucházet,V
24989,uchýlit,V
24990,ucpaný,A
24991,ucpání,N
24992,ucpat,V
24993,ucpávat,V
24994,ucpávka,N
24995,ucpávání,N
24996,uctivý,A
24997,uctivě,D
24998,uctít,V
24999,uctívaný,A
25000,uctívat,V
25001,uctívání,N
25002,udaný,A
25003,udavač,N
25004,udavačství,N
25005,udeřit,V
25006,udice,N
25007,udit,V
25008,udivený,A
25009,udivit,V
25010,udivovat,V
25011,udivující,A
25012,udobřit,V
25013,udolat,V
25014,udržení,N
25015,udržet,V
25016,udržitelnost,N
25017,udržitelný,A
25018,udržovací,A
25019,udržovaný,A
25020,udržovat,V
25021,udržování,N
25022,udržující,A
25023,udusaný,A
25024,udusit,V
25025,udušení,N
25026,udání,N
25027,udát,V
25028,udávání,N
25029,udílení,N
25030,udílet,V
25031,udírna,N
25032,udýchat,V
25033,udělaný,A
25034,udělat,V
25035,udělený,A
25036,udělit,V
25037,udělovat,V
25038,udělátko,N
25039,ufon,N
25040,uhasit,V
25041,uhašení,N
25042,uhašený,A
25043,uhel,N
25044,uhelna,N
25045,uhelnatý,A
25046,uhelný,A
25047,uhladit,V
25048,uhlazovat,V
25049,uhličitan,N
25050,uhličitý,A
25051,uhlobaron,N
25052,uhlovodík,N
25053,uhlový,A
25054,uhlí,N
25055,uhlídat,V
25056,uhlík,N
25057,uhlíkový,A
25058,uhlíř,N
25059,uhlířský,A
25060,uhnat,V
25061,uhnout,V
25062,uhnízdit,V
25063,uhodnout,V
25064,uhořet,V
25065,uhradit,V
25066,uhraný,A
25067,uhrazení,N
25068,uhrát,V
25069,uhynout,V
25070,uhynulý,A
25071,uhynutí,N
25072,uhádnout,V
25073,uhájení,N
25074,uhájit,V
25075,uhánět,V
25076,uháčkovat,V
25077,uhýbat,V
25078,ujasnit,V
25079,ujasněný,A
25080,ujasňovat,V
25081,ujec,N
25082,ujednat,V
25083,ujednání,N
25084,ujet,V
25085,ujetí,N
25086,uježděný,A
25087,ujistit,V
25088,ujištění,N
25089,ujišťování,N
25090,ujmout,V
25091,ujídat,V
25092,ujímat,V
25093,ukamenovat,V
25094,ukazatel,N
25095,ukazovat,V
25096,ukazování,N
25097,ukazováček,N
25098,ukazující,A
25099,uklidit,V
25100,uklidnit,V
25101,uklidnění,N
25102,uklidňující,A
25103,uklouznout,V
25104,uklouznutí,N
25105,ukládat,V
25106,ukládání,N
25107,uklízení,N
25108,uklízet,V
25109,uklízeč,N
25110,uklízečka,N
25111,ukojení,N
25112,ukojit,V
25113,ukolébat,V
25114,ukolébavka,N
25115,ukončení,N
25116,ukončit,V
25117,ukončovat,V
25118,ukončování,N
25119,ukopat,V
25120,ukotvení,N
25121,ukotvený,A
25122,ukotvit,V
25123,ukousnout,V
25124,ukočírovat,V
25125,ukořistit,V
25126,ukořistěný,A
25127,ukrajovat,V
25128,ukrojit,V
25129,ukroutit,V
25130,ukrutný,A
25131,ukrytí,N
25132,ukrytý,A
25133,ukrást,V
25134,ukrýt,V
25135,ukrývající,A
25136,ukrývat,V
25137,ukrývání,N
25138,ukulele,N
25139,ukvapeně,D
25140,ukvapený,A
25141,ukvapit,V
25142,ukázat,V
25143,ukázka,N
25144,ukázkový,A
25145,ukázkově,D
25146,ukáznit,V
25147,ukázněnost,N
25148,ukázněný,A
25149,ukřivdit,V
25150,ukřivděný,A
25151,ukřižovaný,A
25152,ukřižovat,V
25153,ukřižování,N
25154,ulehnout,V
25155,ulehnutí,N
25156,ulehčit,V
25157,ulehčovat,V
25158,ulepený,A
25159,ulevit,V
25160,ulevovat,V
25161,uleželý,A
25162,ulice,N
25163,ulita,N
25164,ulitý,A
25165,ulička,N
25166,uliční,A
25167,uličník,N
25168,ulomený,A
25169,ulomit,V
25170,uloupený,A
25171,uloupit,V
25172,uloupnout,V
25173,ulovení,N
25174,ulovený,A
25175,ulovit,V
25176,uložený,A
25177,uložit,V
25178,ultimátum,N
25179,ultrazvuk,N
25180,ulámaný,A
25181,uléhat,V
25182,ulétnout,V
25183,ulít,V
25184,umakart,N
25185,umakartový,A
25186,umanout,V
25187,umanutost,N
25188,umanutý,A
25189,umazat,V
25190,umazávat,V
25191,umačkat,V
25192,umisťovat,V
25193,umisťování,N
25194,umletý,A
25195,umlít,V
25196,umlčet,V
25197,umně,D
25198,umocnit,V
25199,umocněný,A
25200,umocňovat,V
25201,umouněný,A
25202,umoření,N
25203,umořit,V
25204,umožnit,V
25205,umožnění,N
25206,umožňovat,V
25207,umožňující,A
25208,umravnit,V
25209,umrlčí,A
25210,umrtvení,N
25211,umrtvit,V
25212,umrznout,V
25213,umrznutí,N
25214,umytí,N
25215,umytý,A
25216,umyvadlo,N
25217,umínit,V
25218,umíněný,A
25219,umírající,A
25220,umírat,V
25221,umírnit,V
25222,umírněnost,N
25223,umírněný,A
25224,umírání,N
25225,umíráček,N
25226,umístit,V
25227,umístěnka,N
25228,umístění,N
25229,umístěný,A
25230,umísťovat,V
25231,umísťování,N
25232,umývat,V
25233,umývání,N
25234,uměle,D
25235,umělec,N
25236,umělecky,D
25237,umělecký,A
25238,umělka,N
25239,umělkyně,N
25240,umělohmotný,A
25241,umělý,A
25242,umět,V
25243,uměřenost,N
25244,uměřený,A
25245,unavený,A
25246,unavit,N
25247,unavovat,V
25248,unesený,A
25249,unie,N
25250,uniforma,N
25251,uniformita,N
25252,uniformní,A
25253,unijní,A
25254,unikající,A
25255,unikat,V
25256,uniklý,A
25257,uniknout,V
25258,unikum,N
25259,unikát,N
25260,unikátní,A
25261,union,N
25262,unionista,N
25263,unisono,D
25264,universita,N
25265,universum,N
25266,univerzalita,N
25267,univerzita,N
25268,univerziáda,N
25269,univerzum,N
25270,univerzál,N
25271,univerzálka,N
25272,univerzálnost,N
25273,univerzální,A
25274,univerzálně,D
25275,unáhlený,A
25276,unáhleně,D
25277,unáhlit,V
25278,unášet,V
25279,unést,V
25280,upachtěný,A
25281,upadat,V
25282,upadnout,V
25283,upalovat,V
25284,update,N
25285,upevnění,N
25286,upevněný,A
25287,upevnit,V
25288,upevňovací,A
25289,upevňování,N
25290,upečení,N
25291,upgrade,N
25292,upjatý,A
25293,uplakaný,A
25294,uplatit,V
25295,uplatnit,V
25296,uplatnitelnost,N
25297,uplatnitelný,A
25298,uplatnění,N
25299,uplatňovat,V
25300,uplatňování,N
25301,uplavat,V
25302,upletený,A
25303,uplynout,V
25304,uplynutí,N
25305,uplácení,N
25306,uplácet,V
25307,upláchnout,V
25308,upnout,V
25309,upnutí,N
25310,upnutý,A
25311,upokojit,V
25312,upomínající,A
25313,upomínka,N
25314,upomínkový,A
25315,upotřebit,V
25316,upotřebitelný,A
25317,upoutat,V
25318,upoutání,N
25319,upoutávat,V
25320,upoutávka,N
25321,upovídaný,A
25322,upozadit,V
25323,upozornění,N
25324,upozorňovat,V
25325,upozorňování,N
25326,upozorňující,A
25327,upracovaný,A
25328,upravení,N
25329,upravit,V
25330,upravovaný,A
25331,upravovat,V
25332,upravování,N
25333,upravující,A
25334,uprchlický,A
25335,uprchlík,N
25336,uprchlý,A
25337,uprchnout,V
25338,uprosit,V
25339,uprostřed,R
25340,upsat,V
25341,upustit,V
25342,upuštění,N
25343,upálení,N
25344,upálený,A
25345,upálit,V
25346,upíjet,V
25347,upínací,A
25348,upínat,V
25349,upínač,N
25350,upínání,N
25351,upír,N
25352,upírský,A
25353,upřednostnit,V
25354,upřednostnění,N
25355,upřednostňování,N
25356,upřesnění,N
25357,upřesněný,A
25358,upřesnit,V
25359,upřesňovat,V
25360,upřesňující,A
25361,upřít,V
25362,uragán,N
25363,uran,N
25364,uranový,A
25365,uražený,A
25366,urbanizace,N
25367,urgence,N
25368,urgentní,A
25369,urna,N
25370,urnový,A
25371,urolog,N
25372,urologický,A
25373,urologie,N
25374,uronit,V
25375,urostlý,A
25376,urovnaný,A
25377,urovnat,V
25378,urovnávat,V
25379,urputnost,N
25380,urputný,A
25381,urvat,V
25382,urychlení,N
25383,urychlený,A
25384,urychlit,V
25385,urychlovat,V
25386,urychlovač,N
25387,urážející,A
25388,urážení,N
25389,urážet,V
25390,urážka,N
25391,urážlivý,A
25392,urážlivě,D
25393,určení,N
25394,určený,A
25395,určit,V
25396,určitý,A
25397,určitě,T
25398,určovací,A
25399,určovaný,A
25400,určovat,V
25401,určující,A
25402,usadit,V
25403,usazenina,N
25404,usazení,N
25405,usazovat,V
25406,usazování,N
25407,uschlý,A
25408,uschnout,V
25409,uschovaný,A
25410,uschovat,V
25411,uschovávat,V
25412,usedlost,N
25413,usedlý,A
25414,usednout,V
25415,usekaný,A
25416,useknout,V
25417,useknutý,A
25418,usilovat,V
25419,usilovně,D
25420,usilovný,A
25421,usilování,N
25422,uskladnit,V
25423,uskladňovat,V
25424,uskupení,N
25425,uskutečnit,V
25426,uskutečnění,N
25427,uskutečněný,A
25428,uskutečňovaný,A
25429,uskutečňovat,V
25430,uskutečňování,N
25431,uslyšet,V
25432,usmažený,A
25433,usmažit,V
25434,usmiřování,N
25435,usmiřovat,V
25436,usmířit,V
25437,usmrcení,N
25438,usmrcovat,V
25439,usmrtit,V
25440,usmyslit,V
25441,usmát,V
25442,usmívat,V
25443,usmíření,N
25444,usmířit,V
25445,usměrnit,V
25446,usměrňovaný,A
25447,usměrňovat,V
25448,usměrňování,N
25449,usměvavý,A
25450,usnadnit,V
25451,usnadňovat,V
25452,usnadňující,A
25453,usnesení,N
25454,usnout,V
25455,usnést,V
25456,uspokojení,N
25457,usoudit,V
25458,uspokojený,A
25459,uspokojit,V
25460,uspokojivý,A
25461,uspokojivě,D
25462,uspokojování,N
25463,uspokojující,A
25464,uspořit,V
25465,uspořádaný,A
25466,uspořádat,V
25467,uspořádání,N
25468,uspání,N
25469,uspávat,V
25470,uspávání,N
25471,uspíšit,V
25472,uspěchaný,A
25473,uspěchat,V
25474,uspět,V
25475,ustanovení,N
25476,ustanovený,A
25477,ustanovit,V
25478,ustaraný,A
25479,ustat,V
25480,ustavení,N
25481,ustavit,V
25482,ustavičný,A
25483,ustavičně,D
25484,ustavující,A
25485,ustlat,V
25486,ustoupit,V
25487,ustrojení,N
25488,ustrojit,V
25489,ustupovat,V
25490,ustájit,V
25491,ustálení,N
25492,ustálit,V
25493,ustání,N
25494,ustát,V
25495,ustávající,A
25496,ustávat,V
25497,ustřelit,V
25498,ustřihnout,V
25499,usuzovat,V
25500,usušení,N
25501,usvědčení,N
25502,usvědčit,V
25503,usvědčující,A
25504,usychat,V
25505,usínat,V
25506,usínání,N
25507,utahaný,A
25508,utahat,V
25509,utahovat,V
25510,utahování,N
25511,utajení,N
25512,utajený,A
25513,utajovaný,A
25514,utajovat,V
25515,utajování,N
25516,utažení,N
25517,utažený,A
25518,utichat,V
25519,utichnout,V
25520,utilita,N
25521,utilitární,A
25522,utiskovat,V
25523,utišení,N
25524,utišit,V
25525,utišující,A
25526,utkaný,A
25527,utkat,V
25528,utkvět,V
25529,utkání,N
25530,utkávat,V
25531,utlouci,V
25532,utlumení,N
25533,utlumit,V
25534,utlumovat,V
25535,utnout,V
25536,utonout,V
25537,utonulý,A
25538,utonutí,N
25539,utopenec,N
25540,utopení,N
25541,utopený,A
25542,utopie,N
25543,utopit,V
25544,utracení,N
25545,utracený,A
25546,utratit,V
25547,utrhnout,V
25548,utrousit,V
25549,utrpení,N
25550,utrpěný,A
25551,utrpět,V
25552,utrum,N
25553,utrácení,N
25554,utrácet,V
25555,utrápit,V
25556,utržení,N
25557,utržený,A
25558,utuchat,V
25559,utužení,N
25560,utužit,V
25561,utužovat,V
25562,utužování,N
25563,utvoření,N
25564,utvořený,A
25565,utvořit,V
25566,utváření,N
25567,utvářený,A
25568,utvářet,V
25569,utábořit,V
25570,utáhnout,V
25571,utápět,V
25572,utéci,V
25573,utíkající,A
25574,utíkat,V
25575,utírat,V
25576,utírání,N
25577,utýrat,V
25578,utěrka,N
25579,utěsnění,N
25580,utěsněný,A
25581,utěsnit,V
25582,utěšený,A
25583,utěšeně,D
25584,utěšit,V
25585,utřený,A
25586,utřídit,V
25587,utřít,V
25588,uvaděč,N
25589,uvaděčka,N
25590,uvalení,N
25591,uvalený,A
25592,uvazovat,V
25593,uvaření,N
25594,uvařit,V
25595,uvažovaný,A
25596,uvažovat,V
25597,uvažování,N
25598,uvedení,N
25599,uvedený,A
25600,uveřejnit,V
25601,uveřejnění,N
25602,uveřejněný,A
25603,uveřejňovat,V
25604,uvidět,V
25605,uvnitř,R
25606,uvolit,V
25607,uvolnit,V
25608,uvolněnost,N
25609,uvolnění,N
25610,uvolněně,D
25611,uvolněný,A
25612,uvolňovaný,A
25613,uvolňovat,V
25614,uvolňování,N
25615,uvolňující,A
25616,uvozovka,N
25617,uvrhnout,V
25618,uvádějící,A
25619,uvádění,N
25620,uváděný,A
25621,uvádět,V
25622,uvázaný,A
25623,uvázat,V
25624,uváznout,V
25625,uvážit,V
25626,uvážlivý,A
25627,uvážlivě,D
25628,uvést,V
25629,uvézt,V
25630,uvítací,A
25631,uvítat,V
25632,uvítání,N
25633,uvízlý,A
25634,uvíznout,V
25635,uvědomit,V
25636,uvědomovat,V
25637,uvědomování,N
25638,uvědoměle,D
25639,uvědomělý,A
25640,uvědomění,N
25641,uvěznění,N
25642,uvězněný,A
25643,uvěznit,V
25644,uvěřit,V
25645,uvěřitelný,A
25646,uzamykatelný,A
25647,uzamčení,N
25648,uzamčený,A
25649,uzardění,N
25650,uzavírací,A
25651,uzavírající,A
25652,uzavíraný,A
25653,uzavírat,V
25654,uzavírka,N
25655,uzavírání,N
25656,uzavřenost,N
25657,uzavření,N
25658,uzavřený,A
25659,uzdravení,N
25660,uzdravený,A
25661,uzdravit,V
25662,uzdravování,N
25663,uzdravující,A
25664,uzel,N
25665,uzemnit,V
25666,uzenina,N
25667,uzenář,N
25668,uzenářský,A
25669,uzenářství,N
25670,uzené,N
25671,uzení,N
25672,uzený,A
25673,uzlina,N
25674,uzlový,A
25675,uzlíček,N
25676,uzmout,V
25677,uznale,D
25678,uznalý,A
25679,uznat,V
25680,uznatelný,A
25681,uznání,N
25682,uznávat,V
25683,uznávání,N
25684,uzoufání,N
25685,uzoučký,A
25686,uzpůsobený,A
25687,uzpůsobit,V
25688,uzákonit,V
25689,uzákoněný,A
25690,uzávěr,N
25691,uzávěra,N
25692,uzávěrka,N
25693,učebna,N
25694,učebnice,N
25695,učební,A
25696,učedník,N
25697,učenec,N
25698,učení,N
25699,učesaný,A
25700,učesat,V
25701,učeň,N
25702,učiliště,N
25703,učinit,V
25704,učiněný,A
25705,učit,V
25706,učitel,N
25707,učitelka,N
25708,učitelský,A
25709,učitelství,N
25710,učivo,N
25711,učnice,N
25712,učíst,V
25713,učňovský,A
25714,uřezaný,A
25715,uřezat,V
25716,uříznout,V
25717,uříznutý,A
25718,ušatý,A
25719,ušetření,N
25720,ušetřený,A
25721,ušetřit,V
25722,ušití,N
25723,ušitý,A
25724,ušít,V
25725,ušklíbnout,V
25726,uškodit,V
25727,uškrcení,N
25728,uškrtit,V
25729,ušlapaný,A
25730,ušlapat,V
25731,ušlechtile,D
25732,ušlechtilost,N
25733,ušlechtilý,A
25734,ušlehaný,A
25735,ušlehat,V
25736,ušlápnutý,A
25737,ušní,A
25738,ušpinit,V
25739,ušpiněný,A
25740,uštknout,V
25741,uštknutí,N
25742,uštvaný,A
25743,uštvat,V
25744,uštědřit,V
25745,uštěpačný,A
25746,ušák,N
25747,užasnout,V
25748,užitek,N
25749,užitečnost,N
25750,užitečný,A
25751,užitkový,A
25752,užitný,A
25753,užití,N
25754,užitý,A
25755,uživatel,N
25756,uživatelka,N
25757,uživatelsky,D
25758,uživení,N
25759,uživit,V
25760,užovka,N
25761,užvaněný,A
25762,užírat,V
25763,užívací,A
25764,užívající,A
25765,užívaný,A
25766,užívat,V
25767,užívání,N
25768,vada,N
25769,vadit,V
25770,vadný,A
25771,vafle,N
25772,vagon,N
25773,vagón,N
25774,vaječný,A
25775,vajíčko,N
25776,vajíčkový,A
25777,vakcinace,N
25778,vakcína,N
25779,vakuum,N
25780,valach,N
25781,valcha,N
25782,valcíř,N
25783,vale,D
25784,valit,V
25785,valivý,A
25786,valník,N
25787,valorizace,N
25788,valorizovat,V
25789,valoun,N
25790,valuta,N
25791,valící,A
25792,valčík,N
25793,vampýr,N
25794,vana,N
25795,vandal,N
25796,vandalismus,N
25797,vandalství,N
25798,vandr,N
25799,vandrovat,V
25800,vandrování,N
25801,vandrák,N
25802,vanilka,N
25803,vanilkový,A
25804,vanička,N
25805,vanoucí,A
25806,vanout,V
25807,vanový,A
25808,varan,N
25809,varhanice,N
25810,varhaník,N
25811,varhany,N
25812,variabilita,N
25813,variabilní,A
25814,variace,N
25815,varianta,N
25816,variantní,A
25817,varieta,N
25818,varietní,A
25819,varieté,N
25820,varna,N
25821,varný,A
25822,varovat,V
25823,varovný,A
25824,varovně,D
25825,varování,N
25826,varující,A
25827,vata,N
25828,vatový,A
25829,vatra,N
25830,vavřín,N
25831,vavřínový,A
25832,vazal,N
25833,vazač,N
25834,vazba,N
25835,vazební,A
25836,vazebný,A
25837,vazebně,D
25838,vazelína,N
25839,vazivo,N
25840,vazník,N
25841,vazný,A
25842,vačice,N
25843,vačnatec,N
25844,vaření,N
25845,vařený,A
25846,vařečka,N
25847,vařit,V
25848,vařič,N
25849,vařící,A
25850,vchod,N
25851,vchodový,A
25852,vcítit,V
25853,vdaný,A
25854,vdavky,N
25855,vdech,N
25856,vdechnout,V
25857,vdechnutí,N
25858,vdechování,N
25859,vdolek,N
25860,vdoleček,N
25861,vdova,N
25862,vdovec,N
25863,vdovecký,A
25864,vdovský,A
25865,vdát,V
25866,vdávat,V
25867,vdávání,N
25868,vděk,N
25869,vděčnost,N
25870,vděčný,A
25871,vedený,A
25872,vedle,R
25873,vedlejší,A
25874,vedoucí,N
25875,vedro,N
25876,vegan,N
25877,vegetace,N
25878,vegetarián,N
25879,vegetariánství,N
25880,vegetativní,A
25881,vegetační,A
25882,vehemence,N
25883,vehementně,D
25884,vejce,N
25885,vejcovod,N
25886,vejminek,N
25887,vejít,V
25888,veka,N
25889,vektor,N
25890,vektorový,A
25891,velbloud,N
25892,velbloudí,A
25893,veleba,N
25894,velebit,V
25895,velebný,A
25896,veledílo,N
25897,veledůležitý,A
25898,velehory,N
25899,velekněz,N
25900,velení,N
25901,velet,V
25902,veletok,N
25903,veletoč,N
25904,veletrh,N
25905,veletržní,A
25906,velezrada,N
25907,veleúspěšný,A
25908,velice,D
25909,velikonoce,N
25910,velikost,N
25911,velikostní,A
25912,velikostně,D
25913,velikán,N
25914,velikánský,A
25915,veliký,A
25916,velitel,N
25917,velitelka,N
25918,velitelský,A
25919,velitelství,N
25920,veličina,N
25921,velkochov,N
25922,velkofilm,N
25923,velkoformátový,A
25924,velkokapacitní,A
25925,velkolepost,N
25926,velkolepý,A
25927,velkolepě,D
25928,velkoměsto,N
25929,velkoobchod,N
25930,velkoryse,D
25931,velkorysost,N
25932,velkorysý,A
25933,velmi,D
25934,velmistr,N
25935,velmoc,N
25936,velmož,N
25937,velociped,N
25938,velocipedista,N
25939,velodrom,N
25940,velryba,N
25941,velrybář,N
25942,velrybářský,A
25943,velrybí,A
25944,velvyslanec,N
25945,velvyslanecký,A
25946,velvyslanectví,N
25947,velvyslankyně,N
25948,velící,A
25949,velín,N
25950,vendeta,N
25951,venek,N
25952,venkov,N
25953,venkovan,N
25954,venkovní,A
25955,venkovský,A
25956,ventil,N
25957,ventilace,N
25958,ventilační,A
25959,ventilek,N
25960,ventilovat,V
25961,ventilový,A
25962,ventilátor,N
25963,venuše,N
25964,venčení,N
25965,venčit,V
25966,vepsaný,A
25967,vepsat,V
25968,vepř,N
25969,vepředu,D
25970,vepřové,N
25971,vepřový,A
25972,vepřík,N
25973,vepřín,N
25974,veranda,N
25975,verbování,N
25976,verbovat,V
25977,verbální,A
25978,verbálně,D
25979,verbíř,N
25980,verdikt,N
25981,verifikace,N
25982,verifikovat,V
25983,vernisáž,N
25984,vertikální,A
25985,vertikálně,D
25986,verva,N
25987,verze,N
25988,verš,N
25989,veršovaný,A
25990,veršovat,V
25991,veršík,N
25992,vesele,D
25993,veselice,N
25994,veselka,N
25995,veselo,D
25996,veselý,A
25997,veslař,N
25998,veslařka,N
25999,veslo,N
26000,veslovat,N
26001,veslování,N
26002,vesmír,N
26003,vesmírný,A
26004,vesnice,N
26005,vesnička,N
26006,vesta,N
26007,vestavba,N
26008,vestavěný,A
26009,vestavět,V
26010,vestibul,N
26011,vestička,N
26012,veta,D
26013,vetchý,A
26014,veterina,N
26015,veterinární,A
26016,veterinář,N
26017,veterinářka,N
26018,veterán,N
26019,veteránka,N
26020,veteránský,A
26021,veteš,N
26022,vetešnictví,N
26023,veto,N
26024,vetřít,V
26025,veverka,N
26026,vezoucí,A
26027,večer,D
26028,večerka,N
26029,večernice,N
26030,večerní,A
26031,večerníček,N
26032,večerníčkový,A
26033,večeře,N
26034,večírek,N
26035,veřejnost,N
26036,veřejný,A
26037,veřejně,D
26038,veškerý,P
26039,vhazovat,V
26040,vhazování,N
26041,vhled,N
26042,vhod,D
26043,vhodit,V
26044,vhodnost,N
26045,vhodně,D
26046,vhodný,A
26047,vhození,N
26048,vhánět,V
26049,viadukt,N
26050,vibrace,V
26051,vibrační,A
26052,vibrovat,V
26053,vibrující,A
26054,vicemistr,N
26055,vicepremiér,N
26056,vicepremiérka,N
26057,viceprezident,N
26058,viceprezidentka,N
26059,vichřice,N
26060,vida,I
26061,video,N
26062,videohovor,N
26063,videohra,N
26064,videokamera,N
26065,videokazeta,N
26066,videoklip,N
26067,videokonference,N
26068,videonahrávka,N
26069,videoprojekce,N
26070,videopřehrávač,N
26071,videopůjčovna,N
26072,videorozhodčí,N
26073,videosekvence,N
26074,videozáznam,N
26075,vidina,N
26076,viditelnost,N
26077,viditelný,A
26078,viditelně,D
26079,vidle,N
26080,vidlice,N
26081,vidlicový,A
26082,vidlička,N
26083,vidlák,N
26084,vidno,A
26085,vidoucí,A
26086,viděná,N
26087,vidění,N
26088,viděný,A
26089,vidět,V
26090,viklat,V
26091,vikomt,N
26092,vikář,N
26093,vikýř,N
26094,vila,N
26095,vilka,N
26096,vilový,A
26097,vina,N
26098,vinař,N
26099,vinařický,A
26100,vinařství,N
26101,vingl,N
26102,viniční,A
26103,vinice,N
26104,viničný,A
26105,vinit,V
26106,vinný,A
26107,vinobraní,N
26108,vinohrad,N
26109,vinotéka,N
26110,vinoucí,A
26111,vinout,V
26112,vinutí,N
26113,vinutý,A
26114,vinyl,N
26115,vinárna,N
26116,viník,N
26117,viněta,N
26118,viola,N
26119,violista,N
26120,violka,N
26121,violoncello,N
26122,virtuozita,N
26123,virtuální,A
26124,virtuóz,N
26125,virus,N
26126,visací,A
26127,visačka,N
26128,viset,V
26129,visutý,A
26130,visící,A
26131,vitalita,N
26132,vitamin,N
26133,vitamín,N
26134,vitráž,N
26135,vitrážový,A
26136,vitrína,N
26137,vitální,A
26138,vize,N
26139,vizionář,N
26140,vizionářský,A
26141,vizualita,N
26142,vizualizace,N
26143,vizuál,N
26144,vizáž,N
26145,vizážista,N
26146,vizážistka,N
26147,višeň,N
26148,višně,N
26149,višňový,A
26150,vjem,N
26151,vjezd,N
26152,vjezdový,A
26153,vjíždění,N
26154,vjíždět,V
26155,vklad,N
26156,vkladní,A
26157,vkleče,D
26158,vklouznout,V
26159,vkládací,A
26160,vkládat,V
26161,vkládání,N
26162,vklíněný,A
26163,vkročit,V
26164,vkrádat,V
26165,vkrást,V
26166,vkus,N
26167,vkusný,A
26168,vkusně,D
26169,vladař,N
26170,vladařský,A
26171,vladyka,N
26172,vlahý,A
26173,vlaječka,N
26174,vlajka,N
26175,vlajkonoš,N
26176,vlajkový,A
26177,vlající,A
26178,vlak,N
26179,vlakvedoucí,N
26180,vlas,N
26181,vlasec,N
26182,vlasovec,N
26183,vlasový,A
26184,vlast,N
26185,vlastenec,N
26186,vlastenecký,A
26187,vlastenectví,N
26188,vlastivěda,N
26189,vlastizrádce,N
26190,vlastnictví,N
26191,vlastnit,V
26192,vlastnoruční,A
26193,vlastnoručně,D
26194,vlastnost,N
26195,vlastní,A
26196,vlastník,N
26197,vlastně,T
26198,vlaštovka,N
26199,vlašák,N
26200,vlek,N
26201,vlekař,N
26202,vleklý,A
26203,vlekoucí,A
26204,vletět,V
26205,vlevo,D
26206,vlečka,N
26207,vlečný,A
26208,vleže,D
26209,vlhko,N
26210,vlhkost,N
26211,vlhký,A
26212,vlhčený,A
26213,vlkodlak,N
26214,vlna,N
26215,vlnit,V
26216,vlnka,N
26217,vlnobití,N
26218,vlnovka,N
26219,vlnový,A
26220,vlnící,A
26221,vlnění,N
26222,vlněný,A
26223,vloha,N
26224,vloni,D
26225,vloudit,V
26226,vloupačka,N
26227,vloupat,V
26228,vloupání,N
26229,vločka,N
26230,vložení,N
26231,vložený,A
26232,vložit,V
26233,vložka,N
26234,vláda,N
26235,vládce,N
26236,vládkyně,N
26237,vládnout,V
26238,vládní,A
26239,vláha,N
26240,vláhový,A
26241,vlákat,V
26242,vláknina,N
26243,vlákno,N
26244,vláknový,A
26245,vlásek,N
26246,vlásenka,N
26247,vlásečnice,N
26248,vlát,V
26249,vláček,N
26250,vláčet,V
26251,vláčný,A
26252,vlétnout,V
26253,vlévat,V
26254,vlézt,V
26255,vlídnost,N
26256,vlídný,A
26257,vlídně,D
26258,vlít,V
26259,vlče,N
26260,vlček,N
26261,vlčice,N
26262,vlčák,N
26263,vmíchat,V
26264,vměstnat,V
26265,vměšovat,V
26266,vměšování,N
26267,vnada,N
26268,vnadný,A
26269,vnady,N
26270,vniknout,V
26271,vniknutí,N
26272,vnikání,N
26273,vnitro,N
26274,vnitroblok,N
26275,vnitrozemí,N
26276,vnitřek,N
26277,vnitřnost,N
26278,vnitřní,A
26279,vniveč,D
26280,vnouče,N
26281,vnouček,N
26282,vnucený,A
26283,vnucovat,V
26284,vnuk,N
26285,vnuknutí,N
26286,vnuknout,V
26287,vnutit,V
26288,vnučka,N
26289,vnést,V
26290,vnímat,V
26291,vnímavost,N
26292,vnímavý,A
26293,vnímání,N
26294,vnějšek,N
26295,vnějškový,A
26296,vnější,A
26297,vodař,N
26298,vodicí,A
26299,vodit,V
26300,vodivý,A
26301,vodič,N
26302,vodička,N
26303,vodka,N
26304,vodnatý,A
26305,vodnář,N
26306,vodné,N
26307,vodní,A
26308,vodník,N
26309,vodojem,N
26310,vodoměr,N
26311,vodopád,N
26312,vodorovný,A
26313,vodotrysk,N
26314,vodotěsnost,N
26315,vodotěsný,A
26316,vodovod,N
26317,vodovodní,A
26318,vodováha,N
26319,vodočet,N
26320,vodácký,A
26321,vodáctví,N
26322,vodák,N
26323,vodárenský,A
26324,vodárenství,N
26325,vodárna,N
26326,vodící,A
26327,vodík,N
26328,vodíkový,A
26329,vodítko,N
26330,vodění,N
26331,vojenský,A
26332,vojenství,N
26333,vojevůdce,N
26334,vojna,N
26335,vojsko,N
26336,voják,N
26337,vojáček,N
26338,vojín,N
26339,vokalista,N
26340,vokalistka,N
26341,vokální,A
26342,vokálně,D
26343,volající,A
26344,volant,N
26345,volaný,A
26346,volat,V
26347,volatilita,N
26348,volavka,N
26349,volba,N
26350,volby,N
26351,volební,A
26352,volejbal,N
26353,volejbalista,N
26354,volejbalistka,N
26355,volejbalový,A
26356,volenka,N
26357,volený,A
26358,volit,V
26359,volitel,N
26360,volitelnost,N
26361,volitelný,A
26362,volitelně,D
26363,voliéra,N
26364,volič,N
26365,voličský,A
26366,voličstvo,N
26367,volno,N
26368,volnoběh,N
26369,volnost,N
26370,volnočasový,A
26371,volní,A
26372,volt,N
26373,volán,N
26374,volání,N
26375,vorař,N
26376,vorvaň,N
26377,voršilka,N
26378,vosa,N
26379,vosk,N
26380,voskovaný,A
26381,voskovat,V
26382,voskový,A
26383,vosí,A
26384,vousy,N
26385,vousáč,N
26386,vozataj,N
26387,vozatajský,A
26388,vozba,N
26389,vozembouch,N
26390,vozit,V
26391,vozka,N
26392,vozovka,N
26393,vozovna,N
26394,vozový,A
26395,vozík,N
26396,vozítko,N
26397,vozíček,N
26398,vozíčkář,N
26399,vozíčkářka,N
26400,voňavka,N
26401,voňavý,A
26402,voříšek,N
26403,vpadnout,V
26404,vpich,N
26405,vplouvat,V
26406,vpouštět,V
26407,vpravit,V
26408,vpravo,D
26409,vpravovat,V
26410,vpustit,V
26411,vpusť,N
26412,vpuštění,N
26413,vpád,N
26414,vpálit,V
26415,vpřed,D
26416,vrabec,N
26417,vrabčák,N
26418,vracející,A
26419,vracet,V
26420,vracívat,V
26421,vrah,N
26422,vrak,N
26423,vrakoviště,N
26424,vraník,N
26425,vraný,A
26426,vrata,N
26427,vratka,N
26428,vratný,A
26429,vratně,D
26430,vraštit,V
26431,vražda,N
26432,vraždit,V
26433,vražedkyně,N
26434,vražedný,A
26435,vražení,N
26436,vrba,N
26437,vrbový,A
26438,vrch,N
26439,vrchař,N
26440,vrchnost,N
26441,vrchní,A
26442,vrchol,N
26443,vrcholit,V
26444,vrcholně,D
26445,vrcholný,A
26446,vrcholící,A
26447,vrchovina,N
26448,vrhat,V
26449,vrhač,N
26450,vrhačka,N
26451,vrhnout,V
26452,vrhání,N
26453,vrostlý,A
26454,vroubek,N
26455,vroucí,A
26456,vrozený,A
26457,vrstevnice,N
26458,vrstevník,N
26459,vrstva,N
26460,vrstvený,A
26461,vrstvit,V
26462,vrstvička,N
26463,vrtací,A
26464,vrtat,V
26465,vrtačka,N
26466,vrtkavý,A
26467,vrtný,A
26468,vrtoch,N
26469,vrtošivý,A
26470,vrtule,N
26471,vrtulka,N
26472,vrtulník,N
26473,vrtulníkový,A
26474,vrtulový,A
26475,vrták,N
26476,vrtání,N
26477,vrub,N
26478,vryp,N
26479,vrzat,V
26480,vrznout,V
26481,vrzání,N
26482,vrácený,A
26483,vrána,N
26484,vráska,N
26485,vrásčitý,A
26486,vrátit,V
26487,vrátka,N
26488,vrátnice,N
26489,vrátná,N
26490,vrátný,N
26491,vrávorat,V
26492,vrýt,V
26493,vrčení,N
26494,vrčet,V
26495,vršek,N
26496,vršit,V
26497,vržený,A
26498,vsadit,V
26499,vsakovací,A
26500,vsakovat,V
26501,vsakování,N
26502,vstavač,N
26503,vstoupit,V
26504,vstup,N
26505,vstupné,N
26506,vstupní,A
26507,vstupný,A
26508,vstupovat,V
26509,vstát,V
26510,vstávat,V
26511,vstávání,N
26512,vstřebat,V
26513,vstřebatelný,A
26514,vstřebání,N
26515,vstřebávat,V
26516,vstřebávání,N
26517,vstřelení,N
26518,vstřelit,V
26519,vstřik,N
26520,vstřikovací,A
26521,vstřikovat,V
26522,vstřikovač,N
26523,vstříc,R
26524,vstřícnost,N
26525,vstřícně,D
26526,vstřícný,A
26527,vstříknout,V
26528,vsugerovat,V
26529,vsuvka,N
26530,vsypat,V
26531,vsáknout,V
26532,vsázet,V
26533,vtahovat,V
26534,vtažení,N
26535,vteřina,N
26536,vteřinka,N
26537,vteřinový,A
26538,vtip,N
26539,vtipkovat,V
26540,vtipkování,N
26541,vtipnost,N
26542,vtipný,A
26543,vtipně,D
26544,vtipálek,N
26545,vtisknout,V
26546,vtlačit,V
26547,vtok,N
26548,vtrhnout,V
26549,vtáhnout,V
26550,vtípek,N
26551,vtíravý,A
26552,vtíravě,D
26553,vtírat,V
26554,vtělení,N
26555,vtěsnat,V
26556,vulgarismus,N
26557,vulgarita,N
26558,vulgární,A
26559,vulkanický,A
26560,vulkán,N
26561,vybafnout,V
26562,vybalancovat,V
26563,vybalit,V
26564,vybalovat,V
26565,vybarvení,N
26566,vybarvit,V
26567,vybarvovat,V
26568,vybavenost,N
26569,vybavený,A
26570,vybavit,V
26571,vybavovat,V
26572,vybetonovat,V
26573,vybití,N
26574,vybitý,A
26575,vybičovat,V
26576,vybledlý,A
26577,vyblednout,V
26578,vybojovaný,A
26579,vybojovat,V
26580,vybouchnout,V
26581,vyboulený,A
26582,vybouraný,A
26583,vybourat,V
26584,vybourání,N
26585,vybočení,N
26586,vybraná,N
26587,vybraný,A
26588,vybrat,V
26589,vybrousit,V
26590,vybrání,N
26591,vybuchnout,V
26592,vybuchující,A
26593,vybudovaný,A
26594,vybudovat,V
26595,vybudování,N
26596,vybíhající,A
26597,vybíhat,V
26598,vybíjená,N
26599,vybíjení,N
26600,vybíjet,N
26601,vybíraný,A
26602,vybírat,V
26603,vybíravý,A
26604,vybírání,N
26605,vybít,V
26606,vybízející,A
26607,vybízet,V
26608,vyběhnout,V
26609,vyběhnutí,N
26610,vyběhnutý,A
26611,vybělit,V
26612,vybřednout,V
26613,vycestovat,V
26614,vycestování,N
26615,vychladit,V
26616,vychladnutí,N
26617,vychladnout,V
26618,vychlazený,A
26619,vychovat,V
26620,vychovatel,N
26621,vychovatelka,N
26622,vychování,N
26623,vychovávat,V
26624,vychutnat,V
26625,vychutnávat,V
26626,vychvalovat,V
26627,vychvalovaný,A
26628,vychválit,V
26629,vychytaný,A
26630,vychytat,V
26631,vychytralý,A
26632,vychytávat,V
26633,vychytávka,N
26634,vycházející,A
26635,vycházení,N
26636,vycházet,V
26637,vycházka,N
26638,vycházkový,A
26639,vychýlení,N
26640,vychýlený,A
26641,vychýlit,V
26642,vycouvat,V
26643,vycpaný,A
26644,vycpat,V
26645,vycvičit,V
26646,vycvičený,A
26647,vydaný,A
26648,vydat,V
26649,vydatný,A
26650,vydavatel,N
26651,vydavatelka,N
26652,vydavatelský,A
26653,vydavatelství,N
26654,vydařený,A
26655,vydařit,V
26656,vydechnout,V
26657,vydechnutí,N
26658,vydechovat,V
26659,vydedukovat,V
26660,vydezinfikovat,V
26661,vydláždit,V
26662,vydláždění,N
26663,vydlážděný,A
26664,vydobytý,A
26665,vydolovat,V
26666,vydovádět,V
26667,vydra,N
26668,vydrancovat,V
26669,vydražit,V
26670,vydrhnout,V
26671,vydržení,N
26672,vydržet,V
26673,vydržovat,V
26674,vydupat,V
26675,vydání,N
26676,vydávací,A
26677,vydávající,A
26678,vydávat,V
26679,vydávání,N
26680,vydíraný,A
26681,vydírat,V
26682,vydíratelný,A
26683,vydírání,N
26684,vydýchaný,A
26685,vydýchat,V
26686,vydýchávat,V
26687,vydědit,V
26688,vyděděnec,N
26689,vydědění,N
26690,vydělaný,A
26691,vydělat,V
26692,vydělávající,A
26693,vydělávat,V
26694,vydělávání,N
26695,vyděsit,V
26696,vyděšený,A
26697,vyděšeně,D
26698,vydřít,V
26699,vyfocený,A
26700,vyfotit,V
26701,vyfotografovaný,A
26702,vyfotografovat,V
26703,vyfoukat,V
26704,vyfouknout,V
26705,vyfouknutý,A
26706,vyfrézovaný,A
26707,vyfrézovat,V
26708,vygenerovaný,A
26709,vygenerovat,V
26710,vyhaslý,A
26711,vyhasnout,V
26712,vyhasínat,V
26713,vyhazov,N
26714,vyhazovat,V
26715,vyhazování,N
26716,vyhecovat,V
26717,vyhlazení,N
26718,vyhlazovací,A
26719,vyhlazování,N
26720,vyhlazující,A
26721,vyhlašovat,V
26722,vyhlašovatel,N
26723,vyhlašování,N
26724,vyhledávací,A
26725,vyhledávat,V
26726,vyhledávač,N
26727,vyhledávání,N
26728,vyhloubený,A
26729,vyhládlý,A
26730,vyhlásit,V
26731,vyhlášení,N
26732,vyhláška,N
26733,vyhlédnout,V
26734,vyhlédnutý,A
26735,vyhlídka,N
26736,vyhlídkový,A
26737,vyhlížející,A
26738,vyhlížet,V
26739,vyhnanec,N
26740,vyhnanství,N
26741,vyhnat,V
26742,vyhnutí,N
26743,vyhnání,N
26744,vyhodit,V
26745,vyhodnocení,N
26746,vyhodnocovací,A
26747,vyhodnocování,N
26748,vyhodnotit,V
26749,vyhotovení,N
26750,vyhotovený,A
26751,vyhotovit,V
26752,vyhotovovat,V
26753,vyhovět,V
26754,vyhovovat,V
26755,vyhovující,A
26756,vyhození,N
26757,vyhořelý,A
26758,vyhoření,N
26759,vyhořet,V
26760,vyhrabat,V
26761,vyhradit,V
26762,vyhranit,V
26763,vyhraný,A
26764,vyhraněný,A
26765,vyhraněně,D
26766,vyhrazený,A
26767,vyhrknout,V
26768,vyhrnutý,A
26769,vyhrnout,V
26770,vyhrocení,N
26771,vyhrocovat,V
26772,vyhrotit,V
26773,vyhrožovat,V
26774,vyhrát,V
26775,vyhrávat,V
26776,vyhrávání,N
26777,vyhrůžka,N
26778,vyhubení,N
26779,vyhubit,V
26780,vyhynulý,A
26781,vyhynout,V
26782,vyhánět,V
26783,vyházet,V
26784,vyhýbací,A
26785,vyhýbavě,D
26786,vyhýbat,V
26787,vyhřezlý,A
26788,vyhřívaný,A
26789,vyhřívat,V
26790,vyhřívání,N
26791,vyjadřovat,V
26792,vyjadřování,N
26793,vyjasnit,V
26794,vyjasnění,N
26795,vyjasněný,A
26796,vyjednat,V
26797,vyjednavač,N
26798,vyjednávací,A
26799,vyjednávat,V
26800,vyjednávač,N
26801,vyjednávání,N
26802,vyjet,V
26803,vyjetý,A
26804,vyjevit,V
26805,vyježděný,A
26806,vyjma,R
26807,vyjmenovaný,A
26808,vyjmenovat,V
26809,vyjmenovávat,V
26810,vyjmout,V
26811,vyjmutí,N
26812,vyjádření,N
26813,vyjádřený,A
26814,vyjádřit,V
26815,vyjímat,V
26816,vyjímatelný,A
26817,vyjít,V
26818,vyjíždějící,A
26819,vyjíždění,N
26820,vyjíždět,V
26821,vyjížďka,N
26822,vykat,V
26823,vykazovat,V
26824,vykazování,N
26825,vykazující,A
26826,vykašlat,V
26827,vykašlávání,N
26828,vykašlávat,V
26829,vykladač,N
26830,vyklenutý,A
26831,vyklonit,V
26832,vyklopit,V
26833,vykloubený,A
26834,vykloubit,V
26835,vyklouznout,V
26836,vyklubat,V
26837,vykládaný,A
26838,vykládat,V
26839,vykládka,N
26840,vykládání,N
26841,vyklápět,V
26842,vyklidit,V
26843,vyklízet,V
26844,vykoledovat,V
26845,vykolejení,N
26846,vykolejený,A
26847,vykolejit,V
26848,vykompenzovat,V
26849,vykonat,V
26850,vykonatelnost,N
26851,vykonatelný,A
26852,vykonavatel,N
26853,vykonstruovaný,A
26854,vykonstruovat,V
26855,vykonání,N
26856,vykonávaný,A
26857,vykonávat,V
26858,vykonávání,N
26859,vykopaný,A
26860,vykopat,V
26861,vykopnout,V
26862,vykopání,N
26863,vykouknout,V
26864,vykoupat,V
26865,vykoupaný,A
26866,vykoupený,A
26867,vykoupení,N
26868,vykoupit,V
26869,vykouzlit,V
26870,vykořeněný,A
26871,vykořisťovat,V
26872,vykořisťování,N
26873,vykradení,N
26874,vykradený,N
26875,vykračovat,V
26876,vykrajovat,V
26877,vykreslení,N
26878,vykreslený,A
26879,vykrmit,V
26880,vykrmovat,V
26881,vykrojit,V
26882,vykroutit,V
26883,vykroužit,V
26884,vykročení,N
26885,vykročit,V
26886,vykrvácení,N
26887,vykrvácet,V
26888,vykrádat,V
26889,vykrádání,N
26890,vykrájet,V
26891,vykrást,V
26892,vykrýt,V
26893,vykuchat,V
26894,vykuchaný,A
26895,vykuk,N
26896,vykukovat,V
26897,vykukující,A
26898,vykulit,V
26899,vykupovat,V
26900,vykupování,N
26901,vykutálený,A
26902,vykvést,V
26903,vykvétat,V
26904,vykynout,V
26905,vykynutý,A
26906,vykácení,N
26907,vykácený,A
26908,vykácet,V
26909,vykání,N
26910,vykázaný,A
26911,vykázat,V
26912,vykázání,N
26913,vykřesat,V
26914,vykřiknout,V
26915,vykřikovat,V
26916,vykřičet,V
26917,vykřičník,N
26918,vyladit,V
26919,vyladění,N
26920,vyladěný,A
26921,vylekat,V
26922,vylekaný,A
26923,vylepení,N
26924,vylepený,A
26925,vylepit,V
26926,vylepování,N
26927,vylepšení,N
26928,vylepšit,V
26929,vylepšovat,V
26930,vyletět,V
26931,vylidněný,A
26932,vylidňovat,V
26933,vylidňování,N
26934,vylisovaný,A
26935,vylisovat,V
26936,vylodit,V
26937,vylodění,N
26938,vylomení,N
26939,vylomený,A
26940,vylomit,V
26941,vylosovat,V
26942,vylosování,N
26943,vyloudit,V
26944,vyloupaný,A
26945,vyloupat,V
26946,vyloupení,N
26947,vyloupený,A
26948,vyloupit,V
26949,vyloupnout,V
26950,vyloučit,V
26951,vylovit,V
26952,vylovený,A
26953,vyložení,N
26954,vyloženě,D
26955,vyložit,V
26956,vyluxovat,V
26957,vyluzovat,V
26958,vylučovací,A
26959,vylučovat,V
26960,vylučující,A
26961,vyluštit,V
26962,vyluštění,N
26963,vylákat,V
26964,vylákání,N
26965,vylétnout,V
26966,vylévat,V
26967,vylézat,V
26968,vylézt,V
26969,vyléčení,N
26970,vyléčený,A
26971,vyléčit,V
26972,vylíhnout,V
26973,vylíhnutí,N
26974,vylíhnutý,A
26975,vylít,V
26976,vylíčení,N
26977,vylíčit,V
26978,vymahatelnost,N
26979,vymahatelný,A
26980,vymahač,N
26981,vymalovaný,A
26982,vymalovat,V
26983,vymalování,N
26984,vymazaný,A
26985,vymazat,V
26986,vymazání,N
26987,vymazávat,V
26988,vymačkat,V
26989,vymetat,V
26990,vymetený,A
26991,vymetání,N
26992,vymezení,N
26993,vymezit,V
26994,vymezující,A
26995,vymizení,N
26996,vymizet,V
26997,vymknout,V
26998,vymknutý,A
26999,vymletý,A
27000,vymlátit,V
27001,vymlít,V
27002,vymoci,V
27003,vymodelovat,V
27004,vymontovat,V
27005,vymoženost,N
27006,vymožení,N
27007,vymrznout,V
27008,vymykající,A
27009,vymykat,V
27010,vymyslet,V
27011,vymyslit,V
27012,vymáhaný,A
27013,vymáhat,V
27014,vymáhání,N
27015,vymámit,V
27016,vymáčknout,V
27017,vymíchat,V
27018,vymínit,V
27019,vymírající,A
27020,vymírat,V
27021,vymírání,N
27022,vymítač,N
27023,vymítání,N
27024,vymýcení,N
27025,vymýt,V
27026,vymýtit,V
27027,vymývat,V
27028,vymývání,N
27029,vymýšlení,N
27030,vymýšlet,V
27031,vyměnit,V
27032,vyměnitelný,A
27033,vyměněný,A
27034,vyměňovat,V
27035,vyměření,N
27036,vyměřený,A
27037,vyměřovací,A
27038,vyměřit,V
27039,vyměřovat,V
27040,vyměřování,N
27041,vyměšování,N
27042,vymření,N
27043,vymřít,V
27044,vynadat,V
27045,vynadívat,V
27046,vynahradit,V
27047,vynahrazovat,V
27048,vynakládaný,A
27049,vynakládat,V
27050,vynakládání,N
27051,vynaložit,V
27052,vynalézavost,N
27053,vynalézavý,A
27054,vynalézavě,D
27055,vynalézt,V
27056,vynalézat,V
27057,vyndat,V
27058,vyndávat,V
27059,vynechat,V
27060,vynechávat,V
27061,vynervovat,V
27062,vynervovaný,A
27063,vynesení,N
27064,vynesený,A
27065,vynikající,A
27066,vynikat,V
27067,vynosit,V
27068,vynucovat,V
27069,vynucování,N
27070,vynutit,V
27071,vynález,N
27072,vynálezce,N
27073,vynásobit,V
27074,vynášení,N
27075,vynášet,V
27076,vynést,V
27077,vynětí,N
27078,vyobrazení,N
27079,vyobrazený,A
27080,vyobrazit,V
27081,vyostření,N
27082,vyostřený,A
27083,vyostřit,V
27084,vypadající,A
27085,vypadat,V
27086,vypadnout,V
27087,vypadnutí,N
27088,vypadávat,V
27089,vypadávání,N
27090,vypalovací,A
27091,vypalovaný,A
27092,vypalovat,V
27093,vypalovačka,N
27094,vypalování,N
27095,vypařit,V
27096,vypařovat,V
27097,vypeckovaný,A
27098,vypichovat,V
27099,vypilovat,V
27100,vypiplaný,A
27101,vypiplat,V
27102,vypisovaný,A
27103,vypisovat,V
27104,vypisování,N
27105,vypití,N
27106,vyplacení,N
27107,vyplacený,A
27108,vyplatit,V
27109,vyplavat,V
27110,vyplavení,N
27111,vyplavený,A
27112,vyplavit,V
27113,vyplavovat,V
27114,vyplavování,N
27115,vyplazený,A
27116,vyplašený,A
27117,vyplašit,V
27118,vyplivnout,V
27119,vyplnit,V
27120,vyplnění,N
27121,vyplněný,A
27122,vyplout,V
27123,vyplutí,N
27124,vyplynout,V
27125,vyplácení,N
27126,vypláchnout,V
27127,vyplýtvat,V
27128,vyplývající,A
27129,vyplývat,V
27130,vyplňovat,V
27131,vyplňování,N
27132,vypnout,V
27133,vypnutí,N
27134,vypnutý,A
27135,vypomoci,V
27136,vypomáhat,V
27137,vyposlechnout,V
27138,vypotit,V
27139,vypouklý,A
27140,vypouštěcí,A
27141,vypouštění,N
27142,vypouštěný,A
27143,vypouštět,V
27144,vypovídací,A
27145,vypovídající,A
27146,vypovídat,V
27147,vypovědět,V
27148,vypovězení,N
27149,vypozorovat,V
27150,vypočitatelný,A
27151,vypočtený,A
27152,vypočíst,V
27153,vypočítaný,A
27154,vypočítat,V
27155,vypočítavost,N
27156,vypočítavý,A
27157,vypořádat,V
27158,vypořádávat,V
27159,vypracovat,V
27160,vypracování,N
27161,vypracovávat,V
27162,vyprahlý,A
27163,vyprat,V
27164,vypravení,N
27165,vypravený,A
27166,vypravit,V
27167,vypravování,N
27168,vypravěč,N
27169,vypravěčka,N
27170,vyprazdňovat,V
27171,vyprchat,V
27172,vyprodaný,A
27173,vyprodat,V
27174,vyprodukovaný,A
27175,vyprodukovat,V
27176,vyprodání,N
27177,vyprostit,V
27178,vyprovodit,V
27179,vyprovokovaný,A
27180,vyprovokovat,V
27181,vyprovázet,V
27182,vyproštění,N
27183,vyprošťovací,A
27184,vyprošťování,N
27185,vyprání,N
27186,vypráskat,V
27187,vyprávěcí,A
27188,vyprávějící,A
27189,vyprávěnka,N
27190,vyprávění,N
27191,vyprávěný,A
27192,vyprávět,V
27193,vyprázdnit,V
27194,vyprázdnění,N
27195,vyprázdněný,A
27196,vyprášit,V
27197,vypršení,N
27198,vypršet,V
27199,vypsat,V
27200,vypsání,N
27201,vyptat,V
27202,vyptávat,V
27203,vyptávání,N
27204,vypudit,V
27205,vypuknutí,N
27206,vypustit,V
27207,vypuzení,N
27208,vypuštěný,A
27209,vypálení,N
27210,vypálený,A
27211,vypálit,V
27212,vypátrat,V
27213,vypátrání,N
27214,vypáčení,N
27215,vypáčený,A
27216,vypáčit,V
27217,vypíchnout,V
27218,vypínací,A
27219,vypínat,V
27220,vypínač,N
27221,vypínání,N
27222,vypískat,V
27223,vypít,V
27224,vypěnit,V
27225,vypěstovaný,A
27226,vypěstovat,V
27227,vypěstování,N
27228,vypětí,N
27229,vypůjčit,V
27230,vypůjčovat,V
27231,vyrazit,V
27232,vyražený,A
27233,vyrobení,N
27234,vyrobený,A
27235,vyrobit,V
27236,vyrojit,V
27237,vyrovnanost,N
27238,vyrovnaný,A
27239,vyrovnaně,D
27240,vyrovnat,V
27241,vyrovnání,N
27242,vyrovnávací,A
27243,vyrovnávající,A
27244,vyrozumění,N
27245,vyrozumět,V
27246,vyrušit,V
27247,vyrušený,A
27248,vyrytý,A
27249,vyrábějící,A
27250,vyrábění,N
27251,vyrábět,V
27252,vyrážečka,N
27253,vyrážka,N
27254,vyrýt,V
27255,vyrývat,V
27256,vyrůst,V
27257,vyrůstající,A
27258,vyrůstat,V
27259,vysadit,V
27260,vysavač,N
27261,vysazení,N
27262,vysazený,A
27263,vysazovat,V
27264,vysazování,N
27265,vysbírat,V
27266,vyschnout,V
27267,vyschnutí,N
27268,vysedět,V
27269,vysekaný,A
27270,vysekat,V
27271,vysekávat,V
27272,vysilující,A
27273,vyskakovat,V
27274,vyskočit,V
27275,vyskytnout,V
27276,vyskytovat,V
27277,vyslanec,N
27278,vyslankyně,N
27279,vyslaný,A
27280,vyslat,V
27281,vyslechnout,V
27282,vyslechnutí,N
27283,vyslechnutý,A
27284,vysledovat,V
27285,vysloužilec,N
27286,vysloužilý,A
27287,vysloužit,V
27288,vyslovení,N
27289,vyslovený,A
27290,vysloveně,D
27291,vyslovit,V
27292,vyslovitelný,A
27293,vyslovovat,V
27294,vyslání,N
27295,vyslýchaný,A
27296,vyslýchat,V
27297,vysmát,V
27298,vysmívaný,A
27299,vysmívat,V
27300,vysoce,D
27301,vysoko,D
27302,vysokoškolačka,N
27303,vysokoškolsky,D
27304,vysokoškolák,N
27305,vysoký,A
27306,vysoukat,V
27307,vysoutěžit,V
27308,vysouvací,A
27309,vysouvat,V
27310,vysoušení,N
27311,vysoušet,V
27312,vysoušeč,N
27313,vyspat,V
27314,vyspravit,V
27315,vysprávka,N
27316,vyspělost,N
27317,vyspělý,A
27318,vyspět,V
27319,vystavení,N
27320,vystavený,A
27321,vystavit,V
27322,vystavovaný,A
27323,vystavovat,V
27324,vystavovatel,N
27325,vystavování,N
27326,vystavující,A
27327,vystavění,N
27328,vystavět,V
27329,vystačit,V
27330,vystihnout,V
27331,vystihovat,V
27332,vystlaný,A
27333,vystlat,V
27334,vystoupení,N
27335,vystoupit,V
27336,vystouplý,A
27337,vystrašený,A
27338,vystrašit,V
27339,vystresovaný,A
27340,vystresovat,V
27341,vystrkovat,V
27342,vystrnadit,V
27343,vystrojený,A
27344,vystrojit,V
27345,vystrčený,A
27346,vystrčit,V
27347,vystudovaný,A
27348,vystudovat,V
27349,vystupňovaný,A
27350,vystát,V
27351,vystěhovaný,A
27352,vystěhovat,V
27353,vystěhování,N
27354,vystřelený,A
27355,vystřelit,V
27356,vystřihnout,V
27357,vystřihovat,V
27358,vystřihovánka,N
27359,vystřižený,A
27360,vystřídat,V
27361,vystřídání,N
27362,vystříhaný,A
27363,vystříkat,V
27364,vystřílet,V
27365,vysunout,V
27366,vysušení,N
27367,vysušit,V
27368,vysušovat,V
27369,vysušování,N
27370,vysvléknout,V
27371,vysvobodit,V
27372,vysvobození,N
27373,vysvěcení,N
27374,vysvěcený,A
27375,vysvědčení,N
27376,vysvětit,V
27377,vysvětlená,N
27378,vysvětlení,N
27379,vysvětlit,V
27380,vysvětlivka,N
27381,vysvětlovat,V
27382,vysvětlující,A
27383,vysychat,V
27384,vysychání,N
27385,vysypat,V
27386,vysypání,N
27387,vysypávat,V
27388,vysávání,N
27389,vysázení,N
27390,vysázený,A
27391,vysázet,V
27392,vysévat,V
27393,vysídlení,N
27394,vysídlit,V
27395,vysílací,A
27396,vysílající,A
27397,vysílat,V
27398,vysílatel,N
27399,vysílač,N
27400,vysílačka,N
27401,vysílení,N
27402,vysílený,A
27403,vysílit,V
27404,vytahaný,A
27405,vytahat,V
27406,vytahovat,V
27407,vytahování,N
27408,vytanout,V
27409,vytančit,V
27410,vytažení,N
27411,vytažený,A
27412,vytesaný,A
27413,vytesat,V
27414,vytetovaný,A
27415,vytetovat,V
27416,vytipovat,V
27417,vytipování,N
27418,vytipovávat,V
27419,vytisknout,V
27420,vytištění,N
27421,vytištěný,A
27422,vytlačení,N
27423,vytlačený,A
27424,vytlačit,V
27425,vytlačovat,V
27426,vytlačování,N
27427,vytlouci,V
27428,vytloukat,V
27429,vytlučený,A
27430,vytopení,N
27431,vytopený,A
27432,vytopit,V
27433,vytoužený,A
27434,vytočení,N
27435,vytočený,A
27436,vytočit,V
27437,vytratit,V
27438,vytrestat,V
27439,vytrhaný,A
27440,vytrhat,V
27441,vytrhnout,V
27442,vytrhávat,V
27443,vytrhávání,N
27444,vytrpět,V
27445,vytrvale,D
27446,vytrvalec,N
27447,vytrvalecký,A
27448,vytrvalkyně,N
27449,vytrvalost,N
27450,vytrvalý,A
27451,vytrvat,V
27452,vytrysknout,V
27453,vytrácet,V
27454,vytržení,N
27455,vytušit,V
27456,vytvarovat,V
27457,vytvoření,N
27458,vytvořený,A
27459,vytvořit,V
27460,vytvářející,A
27461,vytváření,N
27462,vytvářený,A
27463,vytvářet,V
27464,vytypovaný,A
27465,vytypovat,V
27466,vytyčení,N
27467,vytyčený,A
27468,vytyčit,V
27469,vytyčovat,V
27470,vytáhlý,A
27471,vytáhnout,V
27472,vytápěný,A
27473,vytápět,V
27474,vytáčení,N
27475,vytáčený,A
27476,vytáčet,V
27477,vytáčka,N
27478,vytékající,A
27479,vytékat,V
27480,vytí,N
27481,vytírat,V
27482,vytírání,N
27483,vytíženost,N
27484,vytížený,A
27485,vytížit,V
27486,vytýkat,V
27487,vytěsnit,V
27488,vytěsnění,N
27489,vytěsňovat,V
27490,vytěžení,N
27491,vytěžený,A
27492,vytěžit,V
27493,vytěžovaný,A
27494,vytěžovat,V
27495,vytěžování,N
27496,vytříbenost,N
27497,vytříděný,A
27498,vytřídit,V
27499,vytřískat,V
27500,vytřít,V
27501,vyučení,N
27502,vyučený,A
27503,vyučit,V
27504,vyučovaný,A
27505,vyučovat,V
27506,vyučování,N
27507,využitelnost,N
27508,využitelný,A
27509,využití,N
27510,využitý,A
27511,využít,V
27512,využívající,A
27513,využívaný,A
27514,využívat,V
27515,využívání,N
27516,vyvalit,V
27517,vyvanout,V
27518,vyvarovat,V
27519,vyvařit,V
27520,vyvažovací,A
27521,vyvažovat,V
27522,vyvažování,N
27523,vyvenčit,V
27524,vyvezení,N
27525,vyvezený,A
27526,vyvinout,V
27527,vyvinutí,N
27528,vyvinutý,A
27529,vyvléknout,V
27530,vyvodit,V
27531,vyvolat,V
27532,vyvolená,N
27533,vyvolený,N
27534,vyvolit,V
27535,vyvolání,N
27536,vyvolávací,A
27537,vyvolávaný,A
27538,vyvolávat,V
27539,vyvolávač,N
27540,vyvolávání,N
27541,vyvození,N
27542,vyvozovat,V
27543,vyvracet,V
27544,vyvratitelný,A
27545,vyvrhel,N
27546,vyvrtaný,A
27547,vyvrtat,V
27548,vyvrátit,V
27549,vyvržený,A
27550,vyvstat,V
27551,vyvádění,N
27552,vyvádět,V
27553,vyválčit,V
27554,vyváznout,V
27555,vyvázání,N
27556,vyvářet,V
27557,vyváženost,N
27558,vyvážený,A
27559,vyváženě,D
27560,vyvážet,V
27561,vyvážit,V
27562,vyvést,V
27563,vyvézt,V
27564,vyvýšenina,N
27565,vyvýšený,A
27566,vyvěsit,V
27567,vyvětrat,V
27568,vyvěšení,N
27569,vyvěšený,A
27570,vyvěšovat,V
27571,vyzařovaný,A
27572,vyzařovat,V
27573,vyzařování,N
27574,vyzbrojení,N
27575,vyzbrojený,A
27576,vyzbrojit,V
27577,vyzbrojovat,V
27578,vyzbrojování,N
27579,vyzdobený,A
27580,vyzdobit,V
27581,vyzdvihnout,V
27582,vyzdvihovat,V
27583,vyzdvižení,N
27584,vyzdít,V
27585,vyzdívka,N
27586,vyzděný,A
27587,vyzkoušení,N
27588,vyzkoušený,A
27589,vyzkoušet,V
27590,vyznamenat,V
27591,vyznamenání,N
27592,vyznamenávat,V
27593,vyznat,V
27594,vyznavač,N
27595,vyznavačka,N
27596,vyznačený,A
27597,vyznačit,V
27598,vyznačovat,V
27599,vyznačující,A
27600,vyznání,N
27601,vyznávat,V
27602,vyznívat,V
27603,vyznění,N
27604,vyzout,V
27605,vyzradit,V
27606,vyzrazení,N
27607,vyzrálost,N
27608,vyzrálý,A
27609,vyzrát,V
27610,vyztužený,A
27611,vyztužit,V
27612,vyzvednout,V
27613,vyzvednutí,N
27614,vyzvednutý,A
27615,vyzvedávat,V
27616,vyzvedávání,N
27617,vyzváněcí,A
27618,vyzvánění,N
27619,vyzvánět,V
27620,vyzvědač,N
27621,vyzyvatel,N
27622,vyzývající,A
27623,vyzývat,V
27624,vyzývavý,A
27625,vyzývavě,D
27626,vyústit,V
27627,vyústění,N
27628,vyúsťovat,V
27629,vyúčtování,N
27630,vyúčtovat,V
27631,vyčarovat,V
27632,vyčerpanost,N
27633,vyčerpaný,A
27634,vyčerpaně,D
27635,vyčerpat,V
27636,vyčerpání,N
27637,vyčerpávající,A
27638,vyčerpávat,V
27639,vyčesat,V
27640,vyčinit,V
27641,vyčistit,V
27642,vyčištěný,A
27643,vyčkat,V
27644,vyčkávací,A
27645,vyčkávat,V
27646,vyčkávání,N
27647,vyčlenit,V
27648,vyčlenění,N
27649,vyčleněný,A
27650,vyčnívající,A
27651,vyčnívat,V
27652,vyčíslený,A
27653,vyčíslit,V
27654,vyčíslitelnost,N
27655,vyčíslitelný,A
27656,vyčíslovat,V
27657,vyřadit,V
27658,vyřazovací,A
27659,vyřazovat,V
27660,vyřazování,N
27661,vyřezaný,A
27662,vyřezat,V
27663,vyřezávat,V
27664,vyřezávání,N
27665,vyřešení,N
27666,vyřešený,A
27667,vyřešit,V
27668,vyřizovat,V
27669,vyřizování,N
27670,vyřádit,V
27671,vyřídit,V
27672,vyříkat,V
27673,vyřízený,A
27674,vyříznout,V
27675,vyříznutý,A
27676,vyřčení,N
27677,vyřčený,A
27678,vyšachovat,V
27679,vyšetření,N
27680,vyšetřený,A
27681,vyšetřit,V
27682,vyšetřovací,A
27683,vyšetřovat,V
27684,vyšetřovatel,N
27685,vyšetřovatelka,N
27686,vyšetřovna,N
27687,vyšetřování,N
27688,vyšetřující,A
27689,vyšinutý,A
27690,vyšitý,A
27691,vyškolení,N
27692,vyškolený,A
27693,vyškolit,V
27694,vyškrtat,V
27695,vyškrtnout,V
27696,vyškrtnutí,N
27697,vyškrábnout,V
27698,vyšlapaný,A
27699,vyšlapat,V
27700,vyšlehaný,A
27701,vyšlehat,V
27702,vyšlehnout,V
27703,vyšlápnout,V
27704,vyšlý,A
27705,vyšperkovat,V
27706,vyštvat,V
27707,vyšumět,V
27708,vyšvihnout,V
27709,vyšít,V
27710,vyšívat,V
27711,vyšívání,N
27712,vyšťavený,A
27713,vyšťavit,V
27714,vyžadovaný,A
27715,vyžadovat,V
27716,vyžadování,N
27717,vyžebrat,V
27718,vyžehlený,A
27719,vyžehlit,V
27720,vyžití,N
27721,vyživovací,A
27722,vyživovaný,A
27723,vyživovat,V
27724,vyživující,A
27725,vyžrat,V
27726,vyžádaný,A
27727,vyžádat,V
27728,vyžádání,N
27729,vyžít,V
27730,vyžívat,V
27731,vzadu,D
27732,vzatý,A
27733,vzbouřenec,N
27734,vzbouřený,A
27735,vzbouřit,V
27736,vzbudit,V
27737,vzchopit,V
27738,vzdalovat,V
27739,vzdalující,A
27740,vzdálit,V
27741,vzdech,N
27742,vzdor,R
27743,vzdorovat,V
27744,vzduch,N
27745,vzducholoď,N
27746,vzduchoprázdno,N
27747,vzduchotechnika,N
27748,vzduchotěsný,A
27749,vzduchovka,N
27750,vzduchový,A
27751,vzdušnost,N
27752,vzdušný,A
27753,vzdušně,D
27754,vzdych,N
27755,vzdychat,V
27756,vzdychnout,V
27757,vzdálenost,N
27758,vzdálený,A
27759,vzdáleně,D
27760,vzdálit,V
27761,vzdání,N
27762,vzdát,V
27763,vzdělanost,N
27764,vzdělanostní,A
27765,vzdělaný,A
27766,vzdělat,V
27767,vzdělání,N
27768,vzdělávaný,A
27769,vzdělávat,V
27770,vzdělávání,N
27771,vzedmout,V
27772,vzedmutí,N
27773,vzedmutý,A
27774,vzejití,N
27775,vzejít,V
27776,vzepětí,N
27777,vzepřít,V
27778,vzestup,N
27779,vzestupný,A
27780,vzetí,N
27781,vzešlý,A
27782,vzhled,N
27783,vzhledný,A
27784,vzhledový,A
27785,vzhledově,D
27786,vzkaz,N
27787,vzkazovat,V
27788,vzkvétající,A
27789,vzkvétat,V
27790,vzkřísit,V
27791,vzkříšení,N
27792,vzlet,N
27793,vzletný,A
27794,vzletový,A
27795,vzlyk,N
27796,vzlykat,V
27797,vzlétat,V
27798,vzlétnout,V
27799,vznesení,N
27800,vznešený,A
27801,vznik,N
27802,vznikající,A
27803,vznikat,V
27804,vzniknout,V
27805,vznášedlo,N
27806,vznášející,A
27807,vznášet,V
27808,vznést,V
27809,vznítit,V
27810,vznětový,A
27811,vzor,N
27812,vzorec,N
27813,vzorek,N
27814,vzorkovat,V
27815,vzorkovna,N
27816,vzorkování,N
27817,vzorně,D
27818,vzorný,A
27819,vzorový,A
27820,vzorově,D
27821,vzpamatovat,V
27822,vzplanout,V
27823,vzplanutí,N
27824,vzpomenout,V
27825,vzpomenutý,A
27826,vzpomínaný,A
27827,vzpomínat,V
27828,vzpomínka,N
27829,vzpomínání,N
27830,vzpoura,N
27831,vzpruha,N
27832,vzpínat,V
27833,vzpínající,A
27834,vzpírat,V
27835,vzpírání,N
27836,vzpěra,N
27837,vzpěrač,N
27838,vzpěračka,N
27839,vzpěračský,A
27840,vzpřímený,A
27841,vzpřímit,V
27842,vzrostlý,A
27843,vzruch,N
27844,vzrušení,N
27845,vzrušený,A
27846,vzrušeně,D
27847,vzrušit,V
27848,vzrušivý,A
27849,vzrušovat,V
27850,vzrušující,A
27851,vzrůst,V
27852,vztah,N
27853,vztažený,A
27854,vztek,N
27855,vztekat,V
27856,vztekle,D
27857,vzteklina,N
27858,vzteklý,A
27859,vzteky,D
27860,vztlak,N
27861,vztyčený,A
27862,vztyčit,V
27863,vztyčovat,V
27864,vztáhnout,V
27865,vzájemně,D
27866,vzájemný,A
27867,vzápětí,D
27868,vzývat,V
27869,vzývání,N
27870,vábit,V
27871,vábně,D
27872,vágní,A
27873,vágně,D
27874,váha,N
27875,váhající,A
27876,váhat,V
27877,váhavost,N
27878,váhavě,D
27879,váhavý,A
27880,váhový,A
27881,válcovací,A
27882,válcovaný,A
27883,válcovna,N
27884,válcovat,V
27885,válcování,N
27886,válcový,A
27887,válec,N
27888,válenda,N
27889,válení,N
27890,válet,V
27891,váleček,N
27892,válečník,N
27893,válečnický,A
27894,válečný,A
27895,válka,N
27896,válčení,N
27897,válčit,V
27898,válčící,A
27899,vánek,N
27900,vánice,N
27901,vánoce,N
27902,vánočka,N
27903,vánočně,D
27904,vánoční,A
27905,vání,N
27906,vápencový,A
27907,vápenec,N
27908,vápenný,A
27909,vápnitý,A
27910,vápno,N
27911,vápník,N
27912,vápnění,N
27913,várka,N
27914,váza,N
27915,vázací,A
27916,vázanka,N
27917,vázaný,A
27918,vázat,V
27919,váznoucí,A
27920,váznout,V
27921,váček,N
27922,vášeň,N
27923,vášnivost,N
27924,vášnivý,A
27925,vážení,N
27926,vážit,V
27927,vážka,N
27928,vážně,D
27929,vést,V
27930,vévoda,N
27931,vévodit,V
27932,vévodkyně,N
27933,vévodství,N
27934,více,C
27935,víceboj,N
27936,vícebojař,N
27937,vícebojařka,N
27938,vícekrát,C
27939,víceletý,A
27940,vídaný,A
27941,vídat,V
27942,vídávat,V
27943,víkend,N
27944,víkendový,A
27945,víko,N
27946,vínečko,N
27947,vínko,N
27948,víno,N
27949,víra,N
27950,víska,N
27951,vítací,A
27952,vítaný,A
27953,vítat,V
27954,vítr,N
27955,vítání,N
27956,vítěz,N
27957,vítězit,V
27958,vítězka,N
27959,vítězný,A
27960,vítězně,D
27961,vítězství,N
27962,vítězící,A
27963,vízový,A
27964,vízum,N
27965,víčko,N
27966,víření,N
27967,vířivka,N
27968,vířivý,A
27969,vířit,V
27970,vířící,A
27971,vížka,N
27972,výbava,N
27973,výboj,N
27974,výbojka,N
27975,výbor,N
27976,výborná,N
27977,výborný,A
27978,výborně,D
27979,výbuch,N
27980,výbušnina,N
27981,výbušnost,N
27982,výbušný,A
27983,výběh,N
27984,výběr,N
27985,výběrový,A
27986,výběrčí,N
27987,výběžek,N
27988,východ,N
27989,východisko,N
27990,východní,A
27991,výchova,N
27992,výchovné,N
27993,výchovný,A
27994,výchovně,D
27995,výchoz,N
27996,výchozí,A
27997,výchylka,N
27998,výcvik,N
27999,výdaj,N
28000,výdajový,A
28001,výdech,N
28002,výdej,N
28003,výdejna,N
28004,výdejní,A
28005,výdobytek,N
28006,výduť,N
28007,výdělek,N
28008,výdělečně,D
28009,výdělečný,A
28010,výfuk,N
28011,výherce,N
28012,výherkyně,N
28013,výherní,A
28014,výheň,N
28015,výhled,N
28016,výhledový,A
28017,výhledově,D
28018,výhoda,N
28019,výhodnost,N
28020,výhodně,D
28021,výhodný,A
28022,výhon,N
28023,výhonek,N
28024,výhoz,N
28025,výhra,N
28026,výhrada,N
28027,výhružka,N
28028,výhružný,A
28029,výhrůžka,N
28030,výhrůžný,A
28031,výhrůžně,D
28032,výhybka,N
28033,výhybna,N
28034,výhřevnost,N
28035,výhřevný,A
28036,výhřez,N
28037,výjev,N
28038,výjezd,N
28039,výjezdní,A
28040,výjezdový,A
28041,výjimečnost,N
28042,výjimečný,A
28043,výjimečně,D
28044,výjimka,N
28045,výkal,N
28046,výkaz,N
28047,výklad,N
28048,výkladní,A
28049,výkladový,A
28050,výklenek,N
28051,výklop,N
28052,výklopný,A
28053,výklus,N
28054,výkon,N
28055,výkonnost,N
28056,výkonnostní,A
28057,výkop,N
28058,výkopový,A
28059,výkovek,N
28060,výkres,N
28061,výkresový,A
28062,výkrm,N
28063,výkrmna,N
28064,výkup,N
28065,výkupna,N
28066,výkupné,N
28067,výkupní,A
28068,výkvět,N
28069,výkyv,N
28070,výkyvný,A
28071,výkřik,N
28072,výlep,N
28073,výlepový,A
28074,výlet,N
28075,výletiště,N
28076,výletní,A
28077,výletník,N
28078,výlevka,N
28079,výlisek,N
28080,výloha,N
28081,výlohy,N
28082,výlov,N
28083,výluh,N
28084,výluka,N
28085,výlukový,A
28086,výlučnost,N
28087,výlučně,D
28088,výlučný,A
28089,výmalba,N
28090,výmluva,N
28091,výmluvnost,N
28092,výmluvný,A
28093,výmluvně,D
28094,výmol,N
28095,výmysl,N
28096,výměna,N
28097,výměník,N
28098,výměníkový,A
28099,výměr,N
28100,výměra,N
28101,výměšek,N
28102,výnos,N
28103,výnosný,A
28104,výpad,N
28105,výpadek,N
28106,výpadovka,N
28107,výpal,N
28108,výpalné,N
28109,výpar,N
28110,výparník,N
28111,výpis,N
28112,výplach,N
28113,výplata,N
28114,výplatní,A
28115,výplet,N
28116,výplod,N
28117,výplň,N
28118,výplňový,A
28119,výpomoc,N
28120,výpověď,N
28121,výpočet,N
28122,výpočtový,A
28123,výprask,N
28124,výprava,N
28125,výpravní,A
28126,výpravný,A
28127,výpravčí,N
28128,výprodej,N
28129,výpust,N
28130,výpustek,N
28131,výpusť,N
28132,výpěstek,N
28133,výpůjčka,N
28134,výpůjční,A
28135,výraz,N
28136,výrazivo,N
28137,výrazný,A
28138,výroba,N
28139,výrobce,N
28140,výrobna,N
28141,výrobní,A
28142,výron,N
28143,výrostek,N
28144,výročí,N
28145,výroční,A
28146,výrůstek,N
28147,výsada,N
28148,výsadba,N
28149,výsadek,N
28150,výsadkový,A
28151,výsadkář,N
28152,výsadní,A
28153,výsek,N
28154,výsev,N
28155,výsevek,N
28156,výsevní,A
28157,výseč,N
28158,výskat,V
28159,výskok,N
28160,výskyt,N
28161,výslech,N
28162,výslechový,A
28163,výsledek,N
28164,výsledkově,D
28165,výslednice,N
28166,výsledný,A
28167,výsluha,N
28168,výsluhový,A
28169,výsluní,N
28170,výsměch,N
28171,výsměšný,A
28172,výsost,N
28173,výstava,N
28174,výstavba,N
28175,výstaviště,N
28176,výstavka,N
28177,výstavnický,A
28178,výstavnictví,N
28179,výstavní,A
28180,výstelka,N
28181,výstižný,A
28182,výstraha,N
28183,výstražný,A
28184,výstroj,N
28185,výstup,N
28186,výstupek,N
28187,výstupní,A
28188,výstřednost,N
28189,výstřední,A
28190,výstřel,N
28191,výstřelek,N
28192,výstřih,N
28193,výstřižek,N
28194,výsuv,N
28195,výsypka,N
28196,výtah,N
28197,výtahový,A
28198,výtažek,N
28199,výtečná,N
28200,výtečník,N
28201,výtečný,A
28202,výtisk,N
28203,výtka,N
28204,výtlak,N
28205,výtluk,N
28206,výtok,N
28207,výtopna,N
28208,výtrus,N
28209,výtrysk,N
28210,výtržnictví,N
28211,výtržnost,N
28212,výtržník,N
28213,výtvarnice,N
28214,výtvarnictví,N
28215,výtvarník,N
28216,výtvarně,D
28217,výtvarný,A
28218,výtvor,N
28219,výtěr,N
28220,výtěžek,N
28221,výtěžnost,N
28222,výuční,A
28223,vývar,N
28224,vývařovna,N
28225,vývin,N
28226,vývod,N
28227,vývoj,N
28228,vývojově,D
28229,vývojář,N
28230,vývojářský,A
28231,vývoz,N
28232,vývozce,N
28233,vývozní,A
28234,vývrat,N
28235,vývrtka,N
28236,vývěska,N
28237,vývěsní,A
28238,výzbroj,N
28239,výzdoba,N
28240,výzkum,N
28241,výzkumník,N
28242,význam,N
28243,významně,D
28244,významný,A
28245,význačný,A
28246,výztuha,N
28247,výztuž,N
28248,výzva,N
28249,výzvědný,A
28250,výčep,N
28251,výčepní,A
28252,výčet,N
28253,výčnělek,N
28254,výňatek,N
28255,výřez,N
28256,výřečnost,N
28257,výřečný,A
28258,výše,N
28259,výšina,N
28260,výšivka,N
28261,výška,N
28262,výškař,N
28263,výškařka,N
28264,výškařský,A
28265,výškoměr,N
28266,výškový,A
28267,výškově,D
28268,výšlap,N
28269,výživa,N
28270,výživné,N
28271,výživný,A
28272,výživový,A
28273,včas,D
28274,včasnost,N
28275,včasný,A
28276,včela,N
28277,včelař,N
28278,včelaření,N
28279,včelařit,V
28280,včelařský,A
28281,včelařství,N
28282,včelka,N
28283,včelstvo,N
28284,včelí,A
28285,včelín,N
28286,včerejšek,N
28287,včerejší,A
28288,včetně,R
28289,včlenit,V
28290,věcička,N
28291,věcnost,N
28292,věcný,A
28293,věda,N
28294,vědec,N
28295,vědkyně,N
28296,vědma,N
28297,vědomost,N
28298,vědomostní,A
28299,vědomí,N
28300,vědoucí,A
28301,vědro,N
28302,vědátor,N
28303,vědět,V
28304,věhlasný,A
28305,vějíř,N
28306,věkový,A
28307,věkově,D
28308,věnec,N
28309,věneček,N
28310,věnný,A
28311,věno,N
28312,věnovaný,A
28313,věnovat,V
28314,věnující,A
28315,věnčitý,A
28316,věrnost,N
28317,věrnostní,A
28318,věrný,A
28319,věrně,D
28320,věrohodnost,N
28321,věrohodně,D
28322,věrohodný,A
28323,věstník,N
28324,věta,N
28325,větev,N
28326,větička,N
28327,větrací,A
28328,větraný,A
28329,větrat,V
28330,větrník,N
28331,větrolam,N
28332,větrovka,N
28333,větroň,N
28334,větrák,N
28335,větrání,N
28336,větvit,V
28337,větvička,N
28338,větřit,V
28339,větřík,N
28340,většinou,D
28341,většinový,A
28342,většinově,D
28343,vězení,N
28344,vězet,V
28345,vězeň,N
28346,vězeňkyně,N
28347,vězeňský,A
28348,vězeňství,N
28349,věznit,V
28350,věznitel,N
28351,vězněný,A
28352,věčný,A
28353,věřit,V
28354,věřitel,N
28355,věřitelský,A
28356,věřící,A
28357,věšení,N
28358,věšet,V
28359,věštba,N
28360,věštec,N
28361,věštecký,A
28362,věštit,V
28363,věštkyně,N
28364,věštírna,N
28365,věštění,N
28366,věšák,N
28367,věžička,N
28368,věžní,A
28369,věžovitý,A
28370,věžový,A
28371,věžák,N
28372,vřava,N
28373,vřed,N
28374,vřele,D
28375,vřelost,N
28376,vřelý,A
28377,vřes,N
28378,vřesovec,N
28379,vřesoviště,N
28380,vřesový,A
28381,vřeteno,N
28382,vřetenový,A
28383,vřídlo,N
28384,vřískot,N
28385,vřít,V
28386,však,J
28387,všanc,D
28388,všechen,P
28389,všechno,N
28390,všednost,N
28391,všední,A
28392,všehoschopný,A
28393,všelijak,D
28394,všemocný,A
28395,všemohoucí,A
28396,všeobecný,A
28397,všeobecně,D
28398,všestrannost,N
28399,všestranný,A
28400,vševěd,N
28401,vševědoucí,A
28402,všeříkající,A
28403,všežravec,N
28404,všimnout,V
28405,všivák,N
28406,vštípit,V
28407,všude,D
28408,všímat,V
28409,všímavost,N
28410,všímavý,A
28411,vůbec,T
28412,vůdce,N
28413,vůdcovský,A
28414,vůdcovství,N
28415,vůdkyně,N
28416,vůdčí,A
28417,vůle,N
28418,vůně,N
28419,vůči,R
28420,vžívat,V
28421,webkamera,N
28422,whisky,N
28423,wifi,N
28424,workoholik,N
28425,workoholismus,N
28426,workout,N
28427,workshop,N
28428,wrestling,N
28429,xylofon,N
28430,yperit,N
28431,zabalení,N
28432,zabalený,A
28433,zabalit,V
28434,zabarvení,N
28435,zabarvený,A
28436,zabarvit,V
28437,zabavení,N
28438,zabavit,V
28439,zabavovat,V
28440,zabavování,N
28441,zabedněný,A
28442,zabednit,V
28443,zabezpečení,N
28444,zabezpečit,V
28445,zabezpečovací,A
28446,zabezpečovat,V
28447,zabezpečování,N
28448,zabezpečující,A
28449,zabijačka,N
28450,zabijačkový,A
28451,zabijácký,A
28452,zabiják,N
28453,zabití,N
28454,zabitý,A
28455,zablesknout,V
28456,zablokovat,V
28457,zablokování,N
28458,zabloudit,V
28459,zabodnout,V
28460,zabodnutý,A
28461,zabodovat,V
28462,zabolet,V
28463,zabouchat,V
28464,zabouchnout,V
28465,zabouchnutý,A
28466,zabočit,V
28467,zabrat,V
28468,zabrnkat,V
28469,zabrousit,V
28470,zabručet,V
28471,zabrzdit,V
28472,zabránit,V
28473,zabrání,N
28474,zabránění,N
28475,zabubnovat,V
28476,zabudování,N
28477,zabudovat,V
28478,zaburácet,V
28479,zabušit,V
28480,zabydlený,A
28481,zabydlet,V
28482,zabíhat,V
28483,zabíjačka,N
28484,zabíjačkový,A
28485,zabíjení,N
28486,zabíjet,V
28487,zabírající,A
28488,zabírat,V
28489,zabírání,N
28490,zabít,V
28491,zabývat,V
28492,zaběhnout,V
28493,zabřednout,V
28494,zacelit,V
28495,zacelovat,V
28496,zacentrovat,V
28497,zachechtat,V
28498,zachmuřený,A
28499,zachmuřeně,D
28500,zachmuřit,V
28501,zachovalost,N
28502,zachovalý,A
28503,zachovat,V
28504,zachování,N
28505,zachovávání,N
28506,zachraňovaný,A
28507,zachraňovat,V
28508,zachraňování,N
28509,zachraňující,A
28510,zachránce,N
28511,zachránkyně,N
28512,zachránit,V
28513,zachtít,V
28514,zachumlaný,A
28515,zachumlat,V
28516,zachutnat,V
28517,zachvacovat,V
28518,zachvátit,V
28519,zachvět,V
28520,zachycování,N
28521,zachycující,A
28522,zachytit,V
28523,zachytávat,V
28524,zachytávání,N
28525,zacházení,N
28526,zacházet,V
28527,zaclonit,V
28528,zacloumat,V
28529,zacvaknout,V
28530,zacvičit,V
28531,zacílený,A
28532,zacílit,V
28533,zadaný,A
28534,zadarmo,D
28535,zadat,V
28536,zadavatel,N
28537,zadařit,V
28538,zadek,N
28539,zadina,N
28540,zadluženost,N
28541,zadlužený,A
28542,zadlužit,V
28543,zadlužování,N
28544,zadnice,N
28545,zadní,A
28546,zadoufat,V
28547,zadrhnout,V
28548,zadrhávat,V
28549,zadržení,N
28550,zadržet,V
28551,zadržovaný,A
28552,zadržovat,V
28553,zadržování,N
28554,zadunět,V
28555,zadupat,V
28556,zadák,N
28557,zadání,N
28558,zadávací,A
28559,zadávaný,A
28560,zadávat,V
28561,zadávání,N
28562,zadívat,V
28563,zadýchaný,A
28564,zadýchat,V
28565,zadýchávat,V
28566,zadělat,V
28567,zadřený,A
28568,zadřít,V
28569,zafoukat,V
28570,zafungovat,V
28571,zahajovací,A
28572,zahajovaný,A
28573,zahajovat,V
28574,zahajování,N
28575,zahalit,V
28576,zahalovat,V
28577,zahalování,N
28578,zahanbit,V
28579,zahanbující,A
28580,zahazovat,V
28581,zahazování,N
28582,zahladit,V
28583,zahlaholit,V
28584,zahlazování,N
28585,zahlcení,N
28586,zahlcovat,V
28587,zahloubat,V
28588,zahltit,V
28589,zahlásit,V
28590,zahlédnout,V
28591,zahnaný,A
28592,zahnat,V
28593,zahnout,V
28594,zahnutý,A
28595,zahnání,N
28596,zahodit,V
28597,zahojit,V
28598,zahoukat,V
28599,zahozený,A
28600,zahořet,V
28601,zahořknout,V
28602,zahrabaný,A
28603,zahrabat,V
28604,zahrabávat,V
28605,zahrada,N
28606,zahradnice,N
28607,zahradnický,A
28608,zahradnictví,N
28609,zahradničení,N
28610,zahradničit,V
28611,zahradní,A
28612,zahradník,N
28613,zahraničně,D
28614,zahraniční,A
28615,zahraničí,N
28616,zahrnovat,V
28617,zahrnout,V
28618,zahrnutí,N
28619,zahrozit,V
28620,zahrádka,N
28621,zahrádkaření,N
28622,zahrádkář,N
28623,zahrání,N
28624,zahrát,V
28625,zahrávaný,A
28626,zahrávat,V
28627,zahrávání,N
28628,zahustit,V
28629,zahuštění,N
28630,zahuštěný,A
28631,zahušťování,N
28632,zahynout,V
28633,zahynulý,A
28634,zahájení,N
28635,zahájený,A
28636,zahájit,V
28637,zaháknout,V
28638,zahálčivý,A
28639,zahálet,V
28640,zahálka,N
28641,zahánět,V
28642,zaházet,V
28643,zahýbat,V
28644,zahřát,V
28645,zahřátí,N
28646,zahřívací,A
28647,zahřívání,N
28648,zahřívat,N
28649,zajatec,N
28650,zajatý,A
28651,zajet,V
28652,zajezdit,V
28653,zaječí,A
28654,zajistit,V
28655,zajisté,T
28656,zajišťovací,A
28657,zajišťovat,V
28658,zajišťovna,N
28659,zajišťování,N
28660,zajásat,V
28661,zajíc,N
28662,zajídat,V
28663,zajímavost,N
28664,zajímavý,A
28665,zajíst,V
28666,zajít,V
28667,zajíček,N
28668,zajíždění,N
28669,zajížďka,N
28670,zakalení,N
28671,zakalit,V
28672,zakapat,V
28673,zakazovat,V
28674,zakazující,A
28675,zakladatel,N
28676,zakladatelka,N
28677,zakladatelský,A
28678,zakleknout,V
28679,zaklepat,V
28680,zaklepání,N
28681,zaklonit,V
28682,zakládací,A
28683,zakládaný,A
28684,zakládat,V
28685,zakládač,N
28686,zakládání,N
28687,zaklíněný,A
28688,zaklít,V
28689,zakolísat,V
28690,zakolísání,N
28691,zakonzervovaný,A
28692,zakonzervování,N
28693,zakonzervovat,V
28694,zakončení,N
28695,zakončit,V
28696,zakončovat,V
28697,zakončovatel,N
28698,zakončující,A
28699,zakopaný,A
28700,zakopat,N
28701,zakopávat,V
28702,zakotvit,V
28703,zakoupení,N
28704,zakoupený,A
28705,zakoupit,V
28706,zakousnout,V
28707,zakousnutí,N
28708,zakouřit,V
28709,zakouřený,A
28710,zakořenění,N
28711,zakořenit,V
28712,zakreslený,A
28713,zakreslit,V
28714,zakrnělý,A
28715,zakrnět,V
28716,zakroutit,V
28717,zakroužit,V
28718,zakroužkovat,V
28719,zakrvácený,A
28720,zakrvácet,V
28721,zakrytí,N
28722,zakrátko,D
28723,zakrýt,V
28724,zakrývat,V
28725,zakrývání,N
28726,zakulacený,A
28727,zakulatit,V
28728,zakusit,V
28729,zakysaný,A
28730,zakázaný,A
28731,zakázat,V
28732,zakázka,N
28733,zakódovaný,A
28734,zakódovat,V
28735,zakřiknout,V
28736,zakřiknutý,A
28737,zakřičet,V
28738,zalarmovat,V
28739,zalednění,N
28740,zalehnout,V
28741,zaleknout,V
28742,zalepený,A
28743,zalepit,V
28744,zalesknout,V
28745,zalesnění,N
28746,zalesněný,A
28747,zalesnit,V
28748,zalesňování,N
28749,zaletět,V
28750,zalezlý,A
28751,zalhat,V
28752,zalistovat,V
28753,zalitovat,V
28754,zalití,N
28755,zalomit,V
28756,zalovit,V
28757,založit,V
28758,založený,A
28759,zalykat,V
28760,zalyžovat,V
28761,zalétat,V
28762,zalévat,V
28763,zalévání,N
28764,zalézat,V
28765,zalézt,V
28766,zalíbení,N
28767,zalíbit,V
28768,zamakat,V
28769,zamanout,V
28770,zamazat,V
28771,zametací,A
28772,zametat,V
28773,zametač,N
28774,zametání,N
28775,zamezení,N
28776,zamezit,V
28777,zamezovat,V
28778,zamezující,A
28779,zameškaný,A
28780,zameškat,V
28781,zamhouřit,V
28782,zamilovanost,N
28783,zamilovaný,A
28784,zamilovat,V
28785,zamilování,N
28786,zamilovávat,V
28787,zamknout,V
28788,zamknutý,A
28789,zamlada,D
28790,zamlklý,A
28791,zamluvit,V
28792,zamlžený,A
28793,zamlžit,V
28794,zamokřený,A
28795,zamokřit,V
28796,zamordovat,V
28797,zamotaný,A
28798,zamotat,V
28799,zamoření,N
28800,zamořit,V
28801,zamořovat,V
28802,zamrazit,V
28803,zamračeně,D
28804,zamračit,V
28805,zamrkat,V
28806,zamručet,V
28807,zamrzat,V
28808,zamrzet,V
28809,zamrzlý,A
28810,zamrznout,V
28811,zamrznutí,N
28812,zamrzání,N
28813,zamumlat,V
28814,zamykací,A
28815,zamykat,V
28816,zamykání,N
28817,zamyslet,V
28818,zamyslit,V
28819,zamyšlení,N
28820,zamyšleně,D
28821,zamáčknout,V
28822,zamíchat,V
28823,zamítavý,A
28824,zamítat,V
28825,zamítnout,V
28826,zamítnutý,A
28827,zamýšlený,A
28828,zamýšlet,V
28829,zamčený,A
28830,zaměnit,V
28831,zaměněný,A
28832,zaměstnanec,N
28833,zaměstnanecký,A
28834,zaměstnankyně,N
28835,zaměstnanost,N
28836,zaměstnaný,A
28837,zaměstnat,V
28838,zaměstnatelný,A
28839,zaměstnavatel,N
28840,zaměstnání,N
28841,zaměstnávající,A
28842,zaměstnávat,V
28843,zaměstnávání,N
28844,zaměňovat,V
28845,zaměření,N
28846,zaměřit,V
28847,zaměřovat,V
28848,zaměřování,N
28849,zaměřující,A
28850,zanadávat,V
28851,zanalyzovat,V
28852,zanechat,V
28853,zanechání,N
28854,zanechávat,V
28855,zanedbanost,N
28856,zanedbat,V
28857,zanedbatelný,A
28858,zanedbatelně,D
28859,zanedbání,N
28860,zanedbávaný,A
28861,zanedbávat,V
28862,zanedbávání,N
28863,zanedlouho,D
28864,zaneprázdnit,V
28865,zaneprázdněnost,N
28866,zaneprázdněný,A
28867,zanesení,N
28868,zanesený,A
28869,zanevřít,V
28870,zaneřádit,V
28871,zanikající,A
28872,zanikat,V
28873,zaniklý,A
28874,zanořit,V
28875,zanášení,N
28876,zanášet,V
28877,zanícený,A
28878,zaníceně,D
28879,zanítit,V
28880,zaoblený,A
28881,zaobírat,V
28882,zaokrouhlit,V
28883,zaokrouhlovat,V
28884,zaopatření,N
28885,zaopatřený,A
28886,zaopatřit,V
28887,zaopatřovací,A
28888,zaopatřovat,V
28889,zaostalost,N
28890,zaostalý,A
28891,zaostat,V
28892,zaostávající,A
28893,zaostávat,V
28894,zaostávání,N
28895,zaostření,N
28896,zaostřit,V
28897,zaostřovat,V
28898,zaostřování,N
28899,zapadající,A
28900,zapadaný,A
28901,zapadat,V
28902,zapadlý,A
28903,zapadnout,V
28904,zapadákov,N
28905,zapalovací,A
28906,zapalovač,N
28907,zapalování,N
28908,zapamatovat,V
28909,zapamatování,N
28910,zaparkovat,V
28911,zaparkovaný,A
28912,zapařit,V
28913,zapeklitý,A
28914,zapečený,A
28915,zapisovat,V
28916,zapisovatel,N
28917,zapisovatelka,N
28918,zapisování,N
28919,zaplacení,N
28920,zaplanout,V
28921,zaplatit,V
28922,zaplavat,V
28923,zaplavení,N
28924,zaplavený,A
28925,zaplavit,V
28926,zaplavovat,V
28927,zaplašit,V
28928,zaplesat,V
28929,zapletený,A
28930,zaplevelení,N
28931,zaplevelený,A
28932,zaplivaný,A
28933,zaplnit,V
28934,zaplnění,N
28935,zaplout,V
28936,zaplést,V
28937,zaplétat,V
28938,zaplňovat,V
28939,zapnout,V
28940,zapnutí,N
28941,zapnutý,A
28942,zapojení,N
28943,zapojený,A
28944,zapojit,V
28945,zapojovat,V
28946,zapojování,N
28947,zapomenout,V
28948,zapomenutí,N
28949,zapomenutý,A
28950,zapomnění,N
28951,zapomnětlivec,N
28952,zapomnětlivost,N
28953,zapomnětlivý,A
28954,zapomínat,V
28955,zapomínání,N
28956,zaposlouchat,V
28957,zapotit,V
28958,zapotřebí,D
28959,zapovědět,V
28960,zapovězený,A
28961,započetí,N
28962,započitatelný,A
28963,započtení,N
28964,započíst,V
28965,započítat,V
28966,započítání,N
28967,započítávaný,A
28968,započítávat,V
28969,zapracovaný,A
28970,zapracovat,V
28971,zapracování,N
28972,zaprodat,V
28973,zaprášit,V
28974,zprášený,A
28975,zapsat,V
28976,zapsaný,A
28977,zapsání,N
28978,zapustit,V
28979,zapuštění,N
28980,zapuštěný,A
28981,zapáchající,A
28982,zapáchat,V
28983,zapálení,N
28984,zapálený,A
28985,zapáleně,D
28986,zapálit,V
28987,zapátrat,V
28988,zapéci,V
28989,zapékací,A
28990,zapékaný,A
28991,zapíchnout,V
28992,zapíchnutý,A
28993,zapínat,V
28994,zapínání,N
28995,zapírat,V
28996,zapírání,N
28997,zapíjet,V
28998,zapít,V
28999,zapózovat,V
29000,zapět,V
29001,zapřažený,A
29002,zapřáhnout,V
29003,zapřísáhlý,A
29004,zapřísahat,V
29005,zapříčinit,V
29006,zapříčiněný,A
29007,zapšklý,A
29008,zapůjčený,A
29009,zapůjčit,V
29010,zapůjčovat,V
29011,zapůsobit,V
29012,zarděnky,N
29013,zareagovat,V
29014,zarecitovat,V
29015,zaregistrovaný,A
29016,zaregistrovat,V
29017,zaregistrování,N
29018,zarezervovat,V
29019,zariskovat,V
29020,zarmoutit,V
29021,zarmoucený,A
29022,zarostlý,A
29023,zarovnaný,A
29024,zarovnat,V
29025,zarovnání,N
29026,zarputile,D
29027,zarputilost,N
29028,zarputilý,A
29029,zarudlý,A
29030,zaručit,V
29031,zaručovat,V
29032,zaručený,A
29033,zarytý,A
29034,zarytě,D
29035,zarážející,A
29036,zarážet,V
29037,zarážka,N
29038,zarýt,V
29039,zarůstající,A
29040,zarůstat,V
29041,zarůstání,N
29042,zasadit,V
29043,zasahovat,V
29044,zasahování,N
29045,zasalutovat,V
29046,zasazení,N
29047,zasazený,A
29048,zasazovat,V
29049,zasažený,A
29050,zaschlý,A
29051,zaschnout,V
29052,zaschnutí,N
29053,zase,D
29054,zasedací,A
29055,zasedat,V
29056,zasedačka,N
29057,zasedání,N
29058,zaseknout,V
29059,zaseknutý,A
29060,zasetí,N
29061,zasklení,N
29062,zasklený,A
29063,zasklít,V
29064,zaskočit,V
29065,zaslaný,A
29066,zaslat,V
29067,zaslechnout,V
29068,zaslepenost,N
29069,zaslepení,N
29070,zaslepit,V
29071,zasloužený,A
29072,zasloužilý,A
29073,zasloužit,V
29074,zasluhovat,V
29075,zaslání,N
29076,zasmání,N
29077,zasmát,V
29078,zasnoubený,A
29079,zasnoubit,V
29080,zasnít,V
29081,zasněně,D
29082,zasněný,A
29083,zasněžený,A
29084,zasněžit,V
29085,zasněžovací,A
29086,zasněžovaný,A
29087,zasněžování,N
29088,zasněžovat,V
29089,zaspat,V
29090,zastaralost,N
29091,zastaralý,A
29092,zastarat,V
29093,zastarávat,V
29094,zastat,V
29095,zastavení,N
29096,zastavený,A
29097,zastavit,V
29098,zastavovací,A
29099,zastavovat,V
29100,zastavování,N
29101,zastavárna,N
29102,zastavění,N
29103,zastavět,V
29104,zastesknout,V
29105,zastiňovat,V
29106,zastoupený,A
29107,zastoupit,V
29108,zastrašení,N
29109,zastrašit,V
29110,zastrašování,N
29111,zastrčit,V
29112,zastoupit,V
29113,zastupitel,N
29114,zastupitelka,N
29115,zastupitelný,A
29116,zastupitelstvo,N
29117,zastupitelství,N
29118,zastupovaný,A
29119,zastupovat,V
29120,zastupování,N
29121,zastánce,N
29122,zastánkyně,N
29123,zastání,N
29124,zastávající,A
29125,zastávaný,A
29126,zastávat,V
29127,zastávka,N
29128,zastávkový,A
29129,zastínění,N
29130,zastíněný,A
29131,zastínit,V
29132,zastírací,A
29133,zastírat,V
29134,zastřelení,N
29135,zastřelit,V
29136,zastřelovat,V
29137,zastřený,A
29138,zastřešený,A
29139,zastřešovat,V
29140,zastřešující,A
29141,zastřílet,V
29142,zastřít,V
29143,zasunout,V
29144,zasunutý,A
29145,zasutý,A
29146,zasvítit,V
29147,zasvěcenec,N
29148,zasvěcení,N
29149,zasvěcený,A
29150,zasvěceně,D
29151,zasvětit,V
29152,zasypaný,A
29153,zasypat,V
29154,zasypání,N
29155,zasypávat,V
29156,zasytit,V
29157,zasáhnout,V
29158,zasílaný,A
29159,zasílat,V
29160,zasílání,N
29161,zasíťovaný,A
29162,zasíťovat,V
29163,zasíťování,N
29164,zatahat,V
29165,zatahovací,A
29166,zatahovat,V
29167,zatajení,N
29168,zatajený,A
29169,zatajit,V
29170,zatajovat,V
29171,zatajování,N
29172,zatancovat,V
29173,zatančit,V
29174,zatarasený,A
29175,zatarasit,V
29176,zatavit,V
29177,zataženo,D
29178,zatažený,A
29179,zatemnit,V
29180,zatemněný,A
29181,zateplený,A
29182,zateplení,N
29183,zateplit,V
29184,zateplovací,A
29185,zateplovat,V
29186,zateplování,N
29187,zatknout,V
29188,zatlačit,V
29189,zatlačovat,V
29190,zatleskat,V
29191,zatlouci,V
29192,zatloukat,V
29193,zatloukání,N
29194,zatlučený,A
29195,zatmění,N
29196,zatnout,V
29197,zatopený,A
29198,zatopit,V
29199,zatoulaný,A
29200,zatoulat,V
29201,zatoužit,V
29202,zatracení,N
29203,zatraceně,D
29204,zatracovaný,A
29205,zatracovat,V
29206,zatratit,V
29207,zatravnit,V
29208,zatravnění,N
29209,zatravněný,A
29210,zatrhnout,V
29211,zatrnout,V
29212,zatroubit,V
29213,zatrpklý,A
29214,zatrpknout,V
29215,zatrénovat,V
29216,zatuhlý,A
29217,zatuhnout,N
29218,zatvrzelost,N
29219,zatvrzelý,A
29220,zatykač,N
29221,zatáčení,N
29222,zatáčet,V
29223,zatáčka,N
29224,zatékat,V
29225,zatékání,N
29226,zatím,D
29227,zatížení,N
29228,zatížit,V
29229,zatížitelnost,N
29230,zatýkací,A
29231,zatýkat,V
29232,zatýkání,N
29233,zatčení,N
29234,zatčený,A
29235,zatěžovací,A
29236,zatěžovaný,A
29237,zatěžovat,V
29238,zatěžování,N
29239,zatěžující,A
29240,zatřepat,V
29241,zatřást,V
29242,zaujatost,N
29243,zaujatě,D
29244,zaujatý,A
29245,zaujetí,N
29246,zaujímat,V
29247,zaujmout,V
29248,zautomatizovat,V
29249,zaučení,N
29250,zaučit,V
29251,zavadit,V
29252,zavalit,V
29253,zavalitý,A
29254,zavanout,V
29255,zavazadlo,N
29256,zavazadlový,A
29257,zavazovat,V
29258,zavazování,N
29259,zavařenina,N
29260,zavařovací,A
29261,zavařovat,V
29262,zavařování,N
29263,zavdat,V
29264,zavdávat,V
29265,zavděk,D
29266,zavedený,A
29267,zavelet,V
29268,zavilý,A
29269,zavinit,V
29270,zavinout,V
29271,zavinovačka,N
29272,zavináč,N
29273,zaviněný,A
29274,zavlažit,V
29275,zavlažovací,A
29276,zavlažovat,V
29277,zavlažování,N
29278,zavlečení,N
29279,zavlečený,A
29280,zavlnit,V
29281,zavládnout,V
29282,zavlát,V
29283,zavléci,V
29284,zavolat,V
29285,zavolání,N
29286,zavraždit,V
29287,zavraždění,N
29288,zavražděný,A
29289,zavrhnout,V
29290,zavrhovat,V
29291,zavrávorat,V
29292,završení,N
29293,završit,V
29294,završovat,V
29295,zavržení,N
29296,zavrženíhodný,A
29297,zavržený,A
29298,zavzpomínat,V
29299,zaváděcí,A
29300,zavádějící,A
29301,zavádění,N
29302,zaváděný,A
29303,zavádět,V
29304,zaváhat,V
29305,zaváhání,N
29306,zavánějící,A
29307,zavánět,V
29308,zavát,V
29309,zavázat,V
29310,zavážení,N
29311,zavést,V
29312,zavézt,V
29313,zavírací,A
29314,zavírat,V
29315,zavírání,N
29316,zavítat,V
29317,zavíčkovat,V
29318,zavčas,D
29319,zavěsit,V
29320,zavěšený,A
29321,zavěšovat,V
29322,zavření,N
29323,zavřený,A
29324,zavřít,V
29325,zazdít,V
29326,zazděný,A
29327,zazimovat,V
29328,zazimování,N
29329,zazlívat,V
29330,zaznamenat,V
29331,zaznamenání,N
29332,zaznamenávající,A
29333,zaznamenávat,V
29334,zaznamenávání,N
29335,zaznít,V
29336,zaznívat,V
29337,zaznění,N
29338,zazobaný,A
29339,zazpívaný,A
29340,zazpívat,V
29341,zazubit,V
29342,zazvonit,V
29343,zazvonění,N
29344,zazávodit,V
29345,zaúkolovat,V
29346,zaúpět,V
29347,zaútočit,V
29348,zaúčtování,N
29349,zaúčtovat,V
29350,zaúřadovat,V
29351,začarovaný,A
29352,začarovat,V
29353,začernit,V
29354,začervenat,V
29355,začistit,V
29356,začlenit,V
29357,začlenění,N
29358,začleněný,A
29359,začleňování,N
29360,začátek,N
29361,začátečnice,N
29362,začátečnický,A
29363,začátečník,N
29364,začínající,A
29365,začínat,V
29366,začít,V
29367,zařadit,V
29368,zařaditelný,A
29369,zařazení,N
29370,zařazený,A
29371,zařazování,N
29372,zařezávat,V
29373,zařizovací,A
29374,zařizovat,V
29375,zařizování,N
29376,zařvat,V
29377,zařádit,V
29378,zařídit,V
29379,zaříkadlo,N
29380,zaříkávač,N
29381,zařízení,N
29382,zařízený,A
29383,zaříznout,V
29384,zaříznutý,A
29385,zašifrovaný,A
29386,zašifrovat,V
29387,zašitý,A
29388,zaškatulkovat,V
29389,zaškodit,V
29390,zaškrtnout,V
29391,zašlý,A
29392,zašmodrchaný,A
29393,zašmodrchat,V
29394,zašpinit,V
29395,zašpiněný,A
29396,zaštěkat,V
29397,zašít,V
29398,zašívat,V
29399,zaťukat,V
29400,zaživa,D
29401,zažádat,V
29402,zažít,V
29403,zažívací,A
29404,zažívat,V
29405,zažívání,N
29406,zbaběle,D
29407,zbabělec,N
29408,zbabělost,N
29409,zbabělý,A
29410,zbarvení,N
29411,zbarvený,A
29412,zbavení,N
29413,zbavený,A
29414,zbarvit,V
29415,zbavit,V
29416,zbavovat,V
29417,zbavování,N
29418,zbití,N
29419,zblednout,V
29420,zbláznit,V
29421,zbláznění,N
29422,zblízka,D
29423,zbohatlík,N
29424,zbohatnutí,N
29425,zbojník,N
29426,zborcení,N
29427,zborcený,A
29428,zbortit,V
29429,zbourat,V
29430,zbourání,N
29431,zbořeniště,N
29432,zboření,N
29433,zbořit,V
29434,zboží,N
29435,zbožňovaný,A
29436,zbožňovat,V
29437,zbraň,N
29438,zbraňový,A
29439,zbrklost,N
29440,zbrklý,A
29441,zbroj,N
29442,zbrojař,N
29443,zbrojařský,A
29444,zbrojit,V
29445,zbrojnice,N
29446,zbrojnoš,N
29447,zbrojní,A
29448,zbrojovka,N
29449,zbrojíř,N
29450,zbrousit,V
29451,zbrzdit,V
29452,zbudovaný,A
29453,zbudovat,V
29454,zbudování,N
29455,zburcovat,V
29456,zbylý,A
29457,zbystřit,V
29458,zbytek,N
29459,zbytečnost,N
29460,zbytečný,A
29461,zbytečně,D
29462,zbytí,N
29463,zbídačený,A
29464,zbít,V
29465,zbýt,V
29466,zbývající,A
29467,zbývat,V
29468,zběh,N
29469,zběsilý,A
29470,zběžný,A
29471,zběžně,D
29472,zcestný,A
29473,zcestovalý,A
29474,zchladlý,A
29475,zchladnout,V
29476,zchlazení,N
29477,zchudnout,V
29478,zchátralost,N
29479,zchátralý,A
29480,zchátrat,V
29481,zcizení,N
29482,zcizit,V
29483,zdaleka,D
29484,zdanit,V
29485,zdanitelný,A
29486,zdaněný,A
29487,zdarma,D
29488,zdatnost,N
29489,zdatný,A
29490,zdatně,D
29491,zdaňovací,A
29492,zdaňovat,V
29493,zdaňování,N
29494,zdařile,D
29495,zdařilý,A
29496,zdařit,V
29497,zdechlina,N
29498,zdecimovaný,A
29499,zdeformovaný,A
29500,zdemolovaný,A
29501,zdemolovat,N
29502,zdeptaný,A
29503,zdevastovat,V
29504,zdiskreditovat,V
29505,zdivo,N
29506,zdivočelý,A
29507,zdivočet,V
29508,zdlouhavý,A
29509,zdlouhavě,D
29510,zdobení,N
29511,zdobit,V
29512,zdobnost,N
29513,zdobící,A
29514,zdokonalení,N
29515,zdokonalit,V
29516,zdokonalovat,V
29517,zdokonalování,N
29518,zdokumentovaný,A
29519,zdokumentovat,V
29520,zdokumentování,N
29521,zdola,D
29522,zdolat,V
29523,zdolání,N
29524,zdolávat,V
29525,zdolávání,N
29526,zdramatizování,N
29527,zdravit,V
29528,zdravotnice,N
29529,zdravotnický,A
29530,zdravotní,A
29531,zdravotník,N
29532,zdravotně,D
29533,zdravověda,N
29534,zdraví,N
29535,zdravíčko,N
29536,zdravý,A
29537,zdražit,V
29538,zdražení,N
29539,zdražovat,V
29540,zdrcený,A
29541,zdrceně,D
29542,zdrcující,A
29543,zdrhnout,V
29544,zdrobnělina,N
29545,zdroj,N
29546,zdrojový,A
29547,zdrtit,V
29548,zdráhat,V
29549,zdráhavě,D
29550,zdrženlivost,N
29551,zdrženlivý,A
29552,zdrženlivě,D
29553,zdržení,N
29554,zdržet,V
29555,zdržovací,A
29556,zdržovat,V
29557,zdržování,N
29558,zdvih,N
29559,zdvihací,A
29560,zdvihnout,V
29561,zdvihový,A
29562,zdvižený,A
29563,zdvojený,A
29564,zdvojovat,V
29565,zdvořile,D
29566,zdvořilost,N
29567,zdvořilý,A
29568,zdymadlo,N
29569,zdálky,D
29570,zdánlivě,D
29571,zdánlivý,N
29572,zdání,N
29573,zdárný,A
29574,zdárně,D
29575,zdát,V
29576,zdířka,N
29577,zdědit,V
29578,zdění,N
29579,zděný,A
29580,zděsit,V
29581,zděšení,N
29582,zděšený,A
29583,zdřímnout,V
29584,zdůraznit,V
29585,zdůraznění,N
29586,zdůrazněný,A
29587,zdůrazňovaný,A
29588,zdůrazňování,N
29589,zdůrazňující,A
29590,zdůvodnitelný,A
29591,zdůvodnění,N
29592,zdůvodněný,A
29593,zdůvodnit,V
29594,zdůvodňovat,V
29595,zdůvodňování,N
29596,zebra,N
29597,zednář,N
29598,zednářský,A
29599,zednářství,N
29600,zedník,N
29601,zefektivnit,V
29602,zefektivnění,N
29603,zejména,T
29604,zející,A
29605,zelenina,N
29606,zeleninový,A
29607,zelenáč,N
29608,zeleň,N
29609,zelinářství,N
29610,zelný,A
29611,zelí,N
29612,zelňačka,N
29613,zemička,N
29614,zemní,A
29615,zemský,A
29616,země,N
29617,zemědělec,N
29618,zemědělka,N
29619,zemědělský,A
29620,zemědělství,N
29621,zeměkoule,N
29622,zeměpis,N
29623,zeměpisně,D
29624,zemětřesení,N
29625,zemřelá,N
29626,zemřelý,A
29627,zemřelý,N
29628,zemřít,V
29629,zenit,N
29630,zeptat,V
29631,zepředu,D
29632,zesilovat,V
29633,zesilovač,N
29634,zesklovatět,V
29635,zesláblý,A
29636,zeslábnout,V
29637,zesměšnit,V
29638,zesměšnění,N
29639,zesměšňování,N
29640,zesměšňující,A
29641,zesnulý,A
29642,zestárlý,A
29643,zestárnout,V
29644,zesílený,A
29645,zesílit,V
29646,zevnitř,D
29647,zevní,A
29648,zevně,D
29649,zevnějšek,N
29650,zevrubný,A
29651,zevrubně,D
29652,zevšednět,V
29653,zfalšovaný,A
29654,zfalšovat,V
29655,zfalšování,N
29656,zfilmovaný,A
29657,zfilmovat,V
29658,zfilmování,N
29659,zformovat,V
29660,zformování,N
29661,zformulovat,V
29662,zhasnout,V
29663,zhasnutí,N
29664,zhasínat,V
29665,zhatit,V
29666,zhluboka,D
29667,zhlédnout,V
29668,zhlédnutí,N
29669,zhlédnutý,A
29670,zhmotnit,V
29671,zhmotnění,N
29672,zhmotňovat,V
29673,zhmoždit,V
29674,zhmožděnina,N
29675,zhmoždění,N
29676,zhmožděný,A
29677,zhnusit,V
29678,zhodnocení,N
29679,zhodnocený,A
29680,zhodnocovat,V
29681,zhodnocování,N
29682,zhodnotit,V
29683,zhojení,N
29684,zhojený,A
29685,zhojit,V
29686,zhola,D
29687,zhoršený,A
29688,zhoršit,V
29689,zhoršovat,V
29690,zhoršování,N
29691,zhoršující,A
29692,zhotovený,A
29693,zhotovit,V
29694,zhotovitel,N
29695,zhotovování,N
29696,zhouba,N
29697,zhoubný,A
29698,zhoupnout,V
29699,zhoupnutí,N
29700,zhoustnutí,N
29701,zhroucení,N
29702,zhroucený,A
29703,zhroutit,V
29704,zhubnutí,N
29705,zhubnout,V
29706,zhudebnit,V
29707,zhudebnění,N
29708,zhudebněný,A
29709,zhudebňovat,V
29710,zhurta,D
29711,zhustit,V
29712,zhutnění,N
29713,zhynout,V
29714,zhýralý,A
29715,zhýčkaný,A
29716,zima,N
29717,zimnice,N
29718,zimní,A
29719,zimný,A
29720,zimomřivý,A
29721,zimovat,V
29722,zimoviště,N
29723,zimování,N
29724,zimující,A
29725,zimák,N
29726,zinek,N
29727,zinkování,N
29728,zinkový,A
29729,zinscenovaný,A
29730,zinscenovat,V
29731,zirkon,N
29732,zisk,N
29733,ziskovost,N
29734,ziskový,A
29735,zištný,A
29736,zištně,D
29737,zjednat,V
29738,zjednodušení,N
29739,zjednodušeně,D
29740,zjednodušený,A
29741,zjednodušit,V
29742,zjednodušovat,V
29743,zjednodušování,N
29744,zjednodušující,A
29745,zjemnění,N
29746,zjemnit,V
29747,zjevení,N
29748,zjevit,V
29749,zjevně,D
29750,zjevný,A
29751,zjistit,V
29752,zjistitelný,A
29753,zjizvený,A
29754,zjištění,N
29755,zjištěný,A
29756,zjišťovací,A
29757,zjišťovaný,A
29758,zjišťovat,V
29759,zjišťování,N
29760,zkamenělina,N
29761,zkamenělý,A
29762,zkamenět,V
29763,zkapalněný,A
29764,zkapalnit,V
29765,zkasírovat,V
29766,zkazit,V
29767,zkazka,N
29768,zkažený,A
29769,zklamaný,A
29770,zklamat,V
29771,zklidnit,V
29772,zklidnění,N
29773,zklidňující,A
29774,zkolabovat,V
29775,zkolaudovaný,A
29776,zkolaudovat,V
29777,zkombinovaný,A
29778,zkombinovat,V
29779,zkomolenina,N
29780,zkomolený,A
29781,zkompletovat,V
29782,zkomplikovat,V
29783,zkonstatovat,V
29784,zkonstruovat,V
29785,zkontrolovaný,A
29786,zkontrolovat,V
29787,zkonzumovat,V
29788,zkoprnělý,A
29789,zkoprnět,V
29790,zkopírovat,V
29791,zkorumpovaný,A
29792,zkosený,A
29793,zkostnatělý,A
29794,zkoumaný,A
29795,zkoumat,V
29796,zkoumavý,A
29797,zkoumavě,D
29798,zkoumání,N
29799,zkoušející,A
29800,zkoušení,N
29801,zkoušet,V
29802,zkouška,N
29803,zkouškový,A
29804,zkrachovalý,A
29805,zkrachovat,V
29806,zkracování,N
29807,zkracovat,N
29808,zkraje,R
29809,zkrat,N
29810,zkratka,N
29811,zkratkovitý,A
29812,zkratkovitě,D
29813,zkratový,A
29814,zkreslení,N
29815,zkreslený,A
29816,zkresleně,D
29817,zkreslit,V
29818,zkreslovat,V
29819,zkreslování,N
29820,zkreslující,A
29821,zkritizovat,V
29822,zkrocení,N
29823,zkrotit,V
29824,zkroucený,A
29825,zkroutit,V
29826,zkroušený,A
29827,zkrutný,A
29828,zkrácený,A
29829,zkráceně,D
29830,zkrápět,V
29831,zkrásnět,V
29832,zkrátit,V
29833,zkrátka,T
29834,zkrášlení,N
29835,zkrášlovací,A
29836,zkrášlování,N
29837,zkrášlovat,V
29838,zkrášlit,V
29839,zkrášlující,A
29840,zkultivovat,V
29841,zkulturnit,V
29842,zkulturnění,N
29843,zkumavka,N
29844,zkusit,V
29845,zkusmo,D
29846,zkušebna,N
29847,zkušební,A
29848,zkušenost,N
29849,zkušená,N
29850,zkušený,A
29851,zkvalitnit,V
29852,zkvalitnění,N
29853,zkvalitňovat,V
29854,zkvalitňování,N
29855,zkáza,N
29856,zkřížit,V
29857,zlacení,N
29858,zlatka,N
29859,zlatnický,A
29860,zlatnictví,N
29861,zlatník,N
29862,zlato,N
29863,zlatokop,N
29864,zlatíčko,N
29865,zlaťák,N
29866,zlegalizovat,V
29867,zlehka,D
29868,zlehčit,V
29869,zlehčovat,V
29870,zlehčování,N
29871,zlenivět,V
29872,zlepšení,N
29873,zlepšit,V
29874,zlepšovací,A
29875,zlepšovat,V
29876,zlepšovák,N
29877,zlepšování,N
29878,zletilost,N
29879,zletilý,A
29880,zlevnění,N
29881,zlevněný,A
29882,zlevnit,V
29883,zlidovět,V
29884,zlikvidovat,V
29885,zlikvidování,N
29886,zloba,N
29887,zlobení,N
29888,zlobit,V
29889,zlobivý,A
29890,zloduch,N
29891,zloděj,N
29892,zlodějina,N
29893,zlodějka,N
29894,zlodějíček,N
29895,zlom,N
29896,zlomenina,N
29897,zlomení,N
29898,zlomený,A
29899,zlomit,V
29900,zlomový,A
29901,zlomyslnost,N
29902,zlomyslný,A
29903,zlomyslně,D
29904,zlost,N
29905,zlostný,A
29906,zlostně,D
29907,zlosyn,N
29908,zlotřilý,A
29909,zlověstný,A
29910,zlovůle,N
29911,zlozvyk,N
29912,zločin,N
29913,zločinec,N
29914,zločinecký,A
29915,zločinnost,N
29916,zločinný,A
29917,zlořád,N
29918,zlíbit,V
29919,zmalovaný,A
29920,zmalovat,V
29921,zmanipulovaný,A
29922,zmanipulovat,V
29923,zmanipulování,N
29924,zmapovaný,A
29925,zmapovat,V
29926,zmapování,N
29927,zmar,N
29928,zmatek,N
29929,zmatený,A
29930,zmateně,D
29931,zmačkat,V
29932,zmaření,N
29933,zmařený,A
29934,zmařit,V
29935,zmenšenina,N
29936,zmenšení,N
29937,zmenšit,V
29938,zmenšovat,V
29939,zmenšování,N
29940,zmetek,N
29941,zmeškaný,A
29942,zmeškat,V
29943,zmije,N
29944,zmizelý,A
29945,zmizení,N
29946,zmizet,V
29947,zmiňovaný,A
29948,zmiňovat,V
29949,zmlknout,V
29950,zmlsaný,A
29951,zmlátit,V
29952,zmobilizovat,V
29953,zmoci,V
29954,zmocněnec,N
29955,zmocňovat,V
29956,zmoklý,A
29957,zmoknout,V
29958,zmoudřet,V
29959,zmrazek,N
29960,zmrazení,N
29961,zmrazený,A
29962,zmrazit,V
29963,zmrazovat,V
29964,zmrazování,N
29965,zmrzačení,N
29966,zmrzačit,V
29967,zmrzlina,N
29968,zmrzlinový,A
29969,zmrzlinář,N
29970,zmrzlý,A
29971,zmrznout,V
29972,zmutovat,V
29973,zmáhat,V
29974,zmáknout,V
29975,zmáčený,A
29976,zmáčet,V
29977,zmáčknout,V
29978,zmáčknutí,N
29979,zmínit,V
29980,zmínka,N
29981,zmíněný,A
29982,zmírnit,V
29983,zmírnění,N
29984,zmírňovat,V
29985,zmírňování,N
29986,zmítající,A
29987,zmítaný,A
29988,zmítat,V
29989,změklý,A
29990,změknout,V
29991,změknutí,N
29992,změkčení,N
29993,změkčit,V
29994,změna,N
29995,změnit,V
29996,změnitelný,A
29997,změnový,A
29998,změněný,A
29999,změření,N
30000,změřit,V
30001,změřitelný,A
30002,znak,N
30003,znakovat,V
30004,znakový,A
30005,znalec,N
30006,znalkyně,N
30007,znalost,N
30008,znalostní,A
30009,znalý,A
30010,znamenat,V
30011,znamenitý,A
30012,znamenitě,D
30013,znamení,N
30014,znaménko,N
30015,znatelný,A
30016,znatelně,D
30017,značení,N
30018,značený,A
30019,značit,V
30020,značka,N
30021,značkař,N
30022,značkovat,V
30023,značkování,N
30024,značkový,A
30025,značný,A
30026,značící,A
30027,znechucení,N
30028,znechuceně,D
30029,znechutit,V
30030,znecitlivění,N
30031,znrcitlivět,V
30032,znehodnocení,N
30033,znehodnocovat,V
30034,znehodnocování,N
30035,znehodnotit,V
30036,znejistit,V
30037,zneklidnit,V
30038,zneklidňovat,V
30039,zneklidňující,A
30040,znelíbit,V
30041,znemožnit,V
30042,znemožnění,N
30043,znemožňující,A
30044,znenadání,D
30045,znepokojení,N
30046,znepokojený,A
30047,znepokojeně,D
30048,znepokojit,V
30049,znepřátelený,A
30050,znepřátelit,V
30051,znepříjemnit,V
30052,znepříjemňovat,V
30053,znervóznit,V
30054,znervóznět,V
30055,znervózňovat,V
30056,znesvářený,A
30057,znetvořený,A
30058,zneuctění,N
30059,zneuctít,V
30060,zneuznaný,A
30061,zneužitelný,A
30062,zneužití,N
30063,zneužitý,A
30064,zneužít,V
30065,zneužívající,A
30066,zneužívat,V
30067,zneužívání,N
30068,znevažovat,V
30069,znevažování,N
30070,znevážení,N
30071,znevážit,V
30072,znevýhodnit,V
30073,znevýhodnění,N
30074,znevýhodňovat,V
30075,znečistit,V
30076,znečistění,N
30077,znečištění,N
30078,znečištěný,A
30079,znečišťovat,V
30080,znečišťovatel,N
30081,znečišťování,N
30082,zneškodnit,V
30083,zneškodnění,N
30084,zneškodňovat,V
30085,zneškodňování,N
30086,zničení,N
30087,zničit,V
30088,zničující,A
30089,znova,D
30090,znovu,D
30091,znovuotevření,N
30092,znovuzrození,N
30093,znuděný,A
30094,znuděně,D
30095,známka,N
30096,známkovat,V
30097,známkování,N
30098,známkový,A
30099,známost,N
30100,známá,N
30101,známý,A
30102,znásobený,A
30103,znásobit,V
30104,znásobovat,V
30105,znát,V
30106,znázornění,N
30107,znázornit,V
30108,znělka,N
30109,znělý,A
30110,znění,N
30111,zobcový,A
30112,zobecnit,V
30113,zobecnění,N
30114,zobecňovat,V
30115,zobrazení,N
30116,zobrazený,A
30117,zobrazit,V
30118,zobrazovací,A
30119,zobrazovaný,A
30120,zobrazovat,V
30121,zobrazovač,N
30122,zobrazování,N
30123,zobrazující,A
30124,zobák,N
30125,zobáček,N
30126,zocelit,V
30127,zodpovídat,V
30128,zodpovědět,V
30129,zodpovědnost,N
30130,zodpovědný,A
30131,zodpovědně,D
30132,zodpovězení,N
30133,zodpovězený,A
30134,zohlednit,V
30135,zohlednění,N
30136,zohledňovat,V
30137,zombie,N
30138,zoolog,N
30139,zoologický,A
30140,zoologie,N
30141,zooložka,N
30142,zoopark,N
30143,zootechnik,N
30144,zopakovat,V
30145,zorat,V
30146,zoraný,A
30147,zorganizovaný,A
30148,zorganizovat,V
30149,zorganizování,N
30150,zorientovat,V
30151,zornice,N
30152,zornička,N
30153,zosnovat,V
30154,zosobnit,V
30155,zosobňovat,V
30156,zostra,D
30157,zostudit,V
30158,zostření,N
30159,zotavení,N
30160,zotavit,V
30161,zotavovací,A
30162,zotavovat,V
30163,zotavovna,N
30164,zotavování,N
30165,zoubek,N
30166,zoufale,D
30167,zoufalec,N
30168,zoufalství,N
30169,zoufalý,A
30170,zoufat,V
30171,zout,V
30172,zpacifikovat,V
30173,zpackat,V
30174,zpaměti,D
30175,zpeněžení,N
30176,zpeněžit,V
30177,zpestření,N
30178,zpestřený,A
30179,zpestřit,V
30180,zpestřovat,V
30181,zpevnit,V
30182,zpevnění,N
30183,zpevněný,A
30184,zpevňovat,V
30185,zpevňování,N
30186,zpevňující,A
30187,zpitý,A
30188,zplodina,N
30189,zploštit,V
30190,zploštělý,A
30191,zpochybnit,V
30192,zpochybnitelný,A
30193,zpochybnitelně,D
30194,zpochybněný,A
30195,zpochybňovaný,A
30196,zpochybňovat,V
30197,zpochybňování,N
30198,zpochybňující,A
30199,zpodobení,N
30200,zpodobnit,V
30201,zpodobnění,N
30202,zpodobňovat,V
30203,zpohodlnět,V
30204,zpomalení,N
30205,zpomalit,V
30206,zpomalovací,A
30207,zpomalovat,V
30208,zpopelnit,V
30209,zpopelnění,N
30210,zpoplatnit,V
30211,zpoplatnění,N
30212,zpoplatněný,A
30213,zpoplatňovat,V
30214,zpovídaný,A
30215,zpovídat,V
30216,zpovědnice,N
30217,zpovědní,A
30218,zpovědník,N
30219,zpověď,N
30220,zpozdit,V
30221,zpozornět,V
30222,zpozorovat,V
30223,zpočátku,D
30224,zpoždění,N
30225,zpožděný,A
30226,zpožďování,N
30227,zpracovat,V
30228,zpracovatel,N
30229,zpracovatelný,A
30230,zpracovatelský,A
30231,zpracovávající,A
30232,zpracovávat,V
30233,zprava,D
30234,zpravidla,D
30235,zpravodaj,N
30236,zpravodajce,N
30237,zpravodajec,N
30238,zpravodajka,N
30239,zpravodajství,N
30240,zprivatizovat,V
30241,zpronevěra,N
30242,zpronevěřit,V
30243,zpropagovat,V
30244,zprostit,V
30245,zprostředkovaný,A
30246,zprostředkovaně,D
30247,zprostředkovat,V
30248,zprostředkovatel,N
30249,zprostředkování,N
30250,zprostředkovávat,V
30251,zprostředkující,A
30252,zprotivit,V
30253,zprovoznit,V
30254,zprovoznění,N
30255,zprovozněný,A
30256,zproštění,N
30257,zprošťující,A
30258,zprudka,D
30259,zprvu,D
30260,zpráva,N
30261,zprávička,N
30262,zprůměrovat,V
30263,zpustnout,V
30264,zpustošený,A
30265,zpustošit,V
30266,zpychnout,V
30267,zpytovat,V
30268,zpátečnický,A
30269,zpáteční,A
30270,zpívat,V
30271,zpívání,N
30272,zpěnit,V
30273,zpět,D
30274,zpětný,A
30275,zpětně,D
30276,zpěv,N
30277,zpěvačka,N
30278,zpěvnost,N
30279,zpěvník,N
30280,zpěvný,A
30281,zpěvohra,N
30282,zpěvák,N
30283,zpěváček,N
30284,zpřehlednit,V
30285,zpřehlednění,N
30286,zpřeházet,V
30287,zpřesnit,V
30288,zpřesnění,N
30289,zpřesněný,A
30290,zpřesňovat,V
30291,zpřetrhat,V
30292,zpříjemnit,V
30293,zpřísnění,N
30294,zpřísněný,A
30295,zpřísnit,V
30296,zpřístupnit,V
30297,zpřístupnění,N
30298,zpřístupněný,A
30299,zpřístupňovat,V
30300,zpřístupňování,N
30301,zpřísňování,N
30302,zpřísňující,A
30303,zpřítomnit,V
30304,způsob,N
30305,způsobení,N
30306,způsobený,A
30307,způsobilost,N
30308,způsobilý,A
30309,způsobit,V
30310,způsobně,D
30311,způsobovaný,A
30312,způsobovat,V
30313,zrada,N
30314,zradit,V
30315,zrající,A
30316,zrak,N
30317,zrakový,A
30318,zrakově,D
30319,zralost,N
30320,zralý,A
30321,zranit,V
30322,zranitelnost,N
30323,zranitelný,A
30324,zranění,N
30325,zraněný,A
30326,zrazený,A
30327,zrazovat,V
30328,zraňovat,V
30329,zraňující,A
30330,zrcadlo,N
30331,zrcadlovka,N
30332,zrcadlově,D
30333,zrcadlový,A
30334,zrcátko,N
30335,zrealizovat,V
30336,zredukovaný,A
30337,zredukovat,V
30338,zreformovat,V
30339,zregulovat,V
30340,zrekapitulovat,V
30341,zrekonstruovat,V
30342,zrenovovat,V
30343,zrestaurovaný,A
30344,zrestaurování,N
30345,zrestaurovat,V
30346,zrevidovat,V
30347,zrezivělý,A
30348,zrezivět,V
30349,zrezlý,A
30350,zreznout,V
30351,zrnko,N
30352,zrnkový,A
30353,zrno,N
30354,zrnový,A
30355,zrní,N
30356,zrníčko,N
30357,zrodit,V
30358,zrovna,T
30359,zrození,N
30360,zručnost,N
30361,zručně,D
30362,zručný,A
30363,zrušení,N
30364,zrušený,A
30365,zrušit,V
30366,zrychlení,N
30367,zrychleně,D
30368,zrychlit,V
30369,zrychlovat,V
30370,zrychlování,N
30371,zrychlující,A
30372,zrzavý,A
30373,zrádce,N
30374,zrádný,A
30375,zrána,D
30376,zrání,N
30377,zrůda,N
30378,zrůdnost,N
30379,zrůdný,A
30380,ztemnělý,A
30381,ztenčit,V
30382,zteč,N
30383,zticha,D
30384,ztišení,N
30385,ztišený,A
30386,ztišit,V
30387,ztloustnout,V
30388,ztlumit,V
30389,ztmavnout,V
30390,ztotožnit,V
30391,ztotožnění,N
30392,ztotožňovat,V
30393,ztrapnit,V
30394,ztrapňovat,V
30395,ztratit,V
30396,ztrestat,V
30397,ztrhaný,A
30398,ztroskotanec,N
30399,ztroskotaný,A
30400,ztroskotat,V
30401,ztroskotávat,V
30402,ztrpčovat,V
30403,ztráta,N
30404,ztrácející,A
30405,ztrácet,V
30406,ztrátovost,N
30407,ztuha,D
30408,ztuhlost,N
30409,ztuhlý,A
30410,ztuhnout,V
30411,ztuhnutí,N
30412,ztužka,N
30413,ztvrdlý,A
30414,ztvrdnout,V
30415,ztvárnit,V
30416,ztvárnění,N
30417,ztvárnit,V
30418,ztvárňovat,V
30419,ztížení,N
30420,ztížit,V
30421,ztělesnit,V
30422,ztělesňovat,V
30423,ztěžka,D
30424,ztěžknout,V
30425,ztěží,D
30426,zubatý,A
30427,zubař,N
30428,zubařský,A
30429,zubní,A
30430,zubový,A
30431,zubr,N
30432,zubří,A
30433,zuhelnatělý,A
30434,zuřivost,N
30435,zuřící,A
30436,zuřit,V
30437,zuřivý,A
30438,zužitkovat,V
30439,zužovat,V
30440,zužování,N
30441,zužující,A
30442,zvažovat,V
30443,zvedací,A
30444,zvedat,V
30445,zvedený,A
30446,zvednout,V
30447,zvedák,N
30448,zvedání,N
30449,zvelebit,V
30450,zvelebovat,V
30451,zvelebování,N
30452,zveličit,V
30453,zveličovat,V
30454,zvenku,D
30455,zvenčí,D
30456,zvesela,D
30457,zveřejnit,V
30458,zveřejnění,N
30459,zveřejněný,A
30460,zveřejňování,N
30461,zviditelnit,V
30462,zviditelnění,N
30463,zviditelňovat,V
30464,zviditelňování,N
30465,zvladatelný,A
30466,zvlhlý,A
30467,zvlhnout,V
30468,zvlhčit,V
30469,zvlhčovač,N
30470,zvlnit,V
30471,zvlnění,N
30472,zvládat,V
30473,zvládnout,V
30474,zvládnutí,N
30475,zvláčnět,V
30476,zvláčňovat,V
30477,zvláčňující,A
30478,zvláštnost,N
30479,zvláštně,D
30480,zvláštní,A
30481,zvláště,D
30482,zvlášť,D
30483,zvolený,A
30484,zvolit,V
30485,zvolna,D
30486,zvolnit,V
30487,zvon,N
30488,zvonař,N
30489,zvonec,N
30490,zvonek,N
30491,zvonice,N
30492,zvonit,V
30493,zvonička,N
30494,zvonkohra,N
30495,zvonkový,A
30496,zvonohra,N
30497,zvonový,A
30498,zvonící,A
30499,zvoník,N
30500,zvorat,V
30501,zvracení,N
30502,zvracet,V
30503,zvrat,N
30504,zvratek,N
30505,zvratky,N
30506,zvrhnout,V
30507,zvrtnout,V
30508,zvrásněný,A
30509,zvrátit,V
30510,zvuk,N
30511,zvukař,N
30512,zvukový,A
30513,zvukově,D
30514,zvučný,A
30515,zvyk,N
30516,zvykat,V
30517,zvyklost,N
30518,zvyklý,A
30519,zvyknout,V
30520,zvykový,A
30521,zvykání,N
30522,zvyšovat,V
30523,zvyšování,N
30524,zvát,V
30525,zvážení,N
30526,zvážit,V
30527,zvážnět,V
30528,zvídavost,N
30529,zvídavý,A
30530,zvítězit,V
30531,zvíře,N
30532,zvířena,N
30533,zvířený,A
30534,zvířit,V
30535,zvířátko,N
30536,zvýhodnit,V
30537,zvýhodnění,N
30538,zvýhodněný,A
30539,zvýhodňovat,V
30540,zvýhodňování,N
30541,zvýraznit,V
30542,zvýrazňovač,N
30543,zvýšení,N
30544,zvýšený,A
30545,zvýšit,V
30546,zvěd,N
30547,zvědavec,N
30548,zvědavost,N
30549,zvědavě,D
30550,zvědavý,A
30551,zvědět,V
30552,zvěrokruh,N
30553,zvěrolékař,N
30554,zvěrstvo,N
30555,zvěst,N
30556,zvěstovat,V
30557,zvětralý,A
30558,zvětrat,V
30559,zvětrávání,N
30560,zvětšenina,N
30561,zvětšení,N
30562,zvětšený,A
30563,zvětšit,V
30564,zvětšovací,A
30565,zvětšovat,V
30566,zvětšování,N
30567,zvětšující,A
30568,zvěčnit,V
30569,zvěř,N
30570,zvěřina,N
30571,zvěřinec,N
30572,zvěřinový,A
30573,zábal,N
30574,zábava,N
30575,zábavnost,N
30576,zábavní,A
30577,zábavný,A
30578,zábavně,D
30579,záblesk,N
30580,zábor,N
30581,zábradlí,N
30582,zábrana,N
30583,záběr,N
30584,záchod,N
30585,záchodek,N
30586,záchodový,A
30587,záchovný,A
30588,záchrana,N
30589,záchranka,N
30590,záchranný,A
30591,záchranář,N
30592,záchranářský,A
30593,záchranářství,N
30594,záchvat,N
30595,záchvěv,N
30596,záchyt,N
30597,záchytka,N
30598,záclona,N
30599,záclonka,N
30600,zácpa,N
30601,záda,N
30602,zádový,A
30603,zádrhel,N
30604,zádržný,A
30605,zádušní,A
30606,zádveří,N
30607,záhada,N
30608,záhadně,D
30609,záhlaví,N
30610,záhodno,D
30611,záhon,N
30612,záhonek,N
30613,záhrobí,N
30614,záhul,N
30615,záhy,D
30616,záhyb,N
30617,zájem,N
30618,zájemce,N
30619,zájemkyně,N
30620,zájezd,A
30621,zájmový,A
30622,zákal,N
30623,zákaz,N
30624,zákaznice,N
30625,zákazník,N
30626,zákazový,A
30627,zákeřnost,N
30628,zákeřný,A
30629,zákeřně,D
30630,základ,N
30631,základka,N
30632,základna,N
30633,základnový,A
30634,základní,A
30635,základový,A
30636,záklopka,N
30637,zákon,N
30638,zákonitost,N
30639,zákonně,D
30640,zákonný,A
30641,zákonodárce,N
30642,zákoník,N
30643,zákop,N
30644,zákopový,A
30645,zákoutí,N
30646,zákrok,N
30647,zákrut,N
30648,zákruta,N
30649,zákryt,N
30650,zákulisí,N
30651,zákusek,N
30652,zálesák,N
30653,zálet,N
30654,záletník,N
30655,záležet,V
30656,záležitost,N
30657,záliv,N
30658,zálivka,N
30659,záloha,N
30660,zálohovací,A
30661,zálohovaný,A
30662,zálohovat,V
30663,zálohování,N
30664,zálohový,A
30665,záložka,N
30666,záložna,N
30667,záložní,A
30668,záložník,N
30669,záložák,N
30670,záludnost,N
30671,záludný,A
30672,záludně,D
30673,zálusk,N
30674,zámek,N
30675,zámezí,N
30676,zámeček,N
30677,zámečník,N
30678,záminka,N
30679,zámoří,N
30680,záměna,N
30681,záměr,N
30682,záměrně,D
30683,zánik,N
30684,zánovní,A
30685,zánártní,A
30686,zánět,N
30687,zánětlivý,A
30688,zápach,N
30689,západ,N
30690,západka,N
30691,západní,A
30692,západně,D
30693,zápal,N
30694,zápalka,N
30695,zápalkový,A
30696,zápalný,A
30697,zápas,N
30698,zápasit,V
30699,zápasnice,N
30700,zápasnický,A
30701,zápasník,N
30702,zápasový,A
30703,zápis,N
30704,zápisek,N
30705,zápisník,N
30706,zápisový,A
30707,záplata,N
30708,záplatovat,V
30709,záplatování,N
30710,záplava,N
30711,záplavový,A
30712,zápletka,N
30713,zápolení,N
30714,zápolit,V
30715,zápor,N
30716,záporně,D
30717,záporný,A
30718,záporák,N
30719,zápočet,N
30720,zápočtový,A
30721,zápraží,N
30722,zápěstí,N
30723,zápůjčka,N
30724,zármutek,N
30725,zárodek,N
30726,zárodečný,A
30727,zároveň,D
30728,zárubeň,N
30729,záruka,N
30730,zásada,N
30731,zásaditý,A
30732,zásadně,D
30733,zásadní,A
30734,zásadovost,N
30735,zásadový,A
30736,zásah,N
30737,zásahovka,N
30738,zásahový,A
30739,zásek,N
30740,zásilka,N
30741,zásilkový,A
30742,záskok,N
30743,zásluha,N
30744,zásluhovost,N
30745,záslužný,A
30746,zásnubní,A
30747,zásnuby,N
30748,zásoba,N
30749,zásobení,N
30750,zásobní,A
30751,zásobník,N
30752,zásobníkový,A
30753,zásobovací,A
30754,zásobovaný,A
30755,zásobovat,V
30756,zásobovač,N
30757,zásobování,N
30758,zásobárna,N
30759,zástava,N
30760,zástavba,N
30761,zástavní,A
30762,zástrčka,N
30763,zástup,N
30764,zástupce,N
30765,zástupkyně,N
30766,zástěna,N
30767,zástěra,N
30768,zástěrka,N
30769,zásuvka,N
30770,zásyp,N
30771,zátah,N
30772,zátaras,N
30773,zátka,N
30774,zátoka,N
30775,zátylek,N
30776,zátěž,N
30777,závada,N
30778,závadnost,N
30779,závadný,A
30780,závadový,A
30781,zával,N
30782,závan,N
30783,závar,N
30784,závazek,N
30785,závazkový,A
30786,závaznost,N
30787,závazně,D
30788,závazný,A
30789,závažnost,N
30790,závažný,A
30791,závažně,D
30792,závaží,N
30793,závidět,V
30794,závin,N
30795,záviset,V
30796,závisle,D
30797,závislost,N
30798,závislý,A
30799,závist,N
30800,závit,N
30801,závitek,N
30802,závitový,A
30803,závlaha,N
30804,závlahový,A
30805,závod,N
30806,závodit,V
30807,závodiště,N
30808,závodnice,N
30809,závodní,A
30810,závodník,N
30811,závodně,D
30812,závodící,A
30813,závoj,N
30814,závora,N
30815,závorka,N
30816,závozník,N
30817,závratný,A
30818,závratně,D
30819,závrať,N
30820,závěj,N
30821,závěr,N
30822,závěrka,N
30823,závěs,N
30824,závěsný,A
30825,závětrný,A
30826,zázemí,N
30827,záznam,N
30828,záznamník,N
30829,zázrak,N
30830,zázvor,N
30831,zázvorový,A
30832,záře,N
30833,zářez,N
30834,zářit,V
30835,zářivka,N
30836,zářivkový,A
30837,zářivý,A
30838,zářič,N
30839,zářný,A
30840,září,N
30841,zářící,A
30842,záškodnický,A
30843,záškodník,N
30844,záškoláctví,N
30845,záškolák,N
30846,záškub,N
30847,záštita,N
30848,zážeh,N
30849,zážitek,N
30850,zážitkový,A
30851,záživný,A
30852,zídka,N
30853,zírat,V
30854,získaný,A
30855,získat,V
30856,získání,N
30857,získávaný,A
30858,získávat,V
30859,získávání,N
30860,zítřejší,A
30861,zítřek,N
30862,zívat,V
30863,zívnout,V
30864,zívání,N
30865,zóna,N
30866,zónový,A
30867,zúročení,N
30868,zúročit,V
30869,zúročovat,V
30870,zúčastnit,V
30871,zúčastněný,A
30872,zúčtovací,A
30873,zúčtovat,V
30874,zúčtování,N
30875,zúžení,N
30876,zúžit,V
30877,zčásti,D
30878,zředit,V
30879,zřejmě,T
30880,zřejmý,A
30881,zřetel,N
30882,zřizovací,A
30883,zřizovat,V
30884,zřizovatel,N
30885,zřizování,N
30886,zřícenina,N
30887,zřícený,A
30888,zřídit,V
30889,zřídka,D
30890,zřídlo,N
30891,zříkat,V
30892,zřít,V
30893,zřítit,V
30894,zřízenec,N
30895,zřízení,N
30896,zůstat,V
30897,zůstatek,N
30898,zůstavitel,N
30899,zželet,V
30900,árie,N
30901,áčko,N
30902,éter,N
30903,éterický,A
30904,úbor,N
30905,úbočí,N
30906,úbytek,N
30907,úchop,N
30908,úchvatný,A
30909,úchvatně,D
30910,úchyt,N
30911,úchytka,N
30912,úcta,N
30913,údaj,N
30914,údajný,A
30915,úder,N
30916,úderka,N
30917,úderník,N
30918,údobí,N
30919,údolní,A
30920,údolí,N
30921,údolíčko,N
30922,údržba,N
30923,údržbový,A
30924,údržbář,N
30925,údržbářský,A
30926,úděl,N
30927,úhel,N
30928,úhelník,N
30929,úhelný,A
30930,úhledný,A
30931,úhledně,D
30932,úhlopříčka,N
30933,úhlový,A
30934,úhor,N
30935,úhoz,N
30936,úhoř,N
30937,úhrada,N
30938,úhradový,A
30939,úhrn,N
30940,úhrnný,A
30941,úhyn,N
30942,újma,N
30943,úkaz,N
30944,úklad,N
30945,úkladný,A
30946,úklon,N
30947,úklona,N
30948,úkol,N
30949,úkolovat,V
30950,úkolový,A
30951,úkon,N
30952,úkor,N
30953,úkos,N
30954,úkrok,N
30955,úkryt,N
30956,úlet,N
30957,úleva,N
30958,úloha,N
30959,úlomek,N
30960,úlovek,N
30961,úložiště,N
30962,úložka,N
30963,úložný,A
30964,úmluva,N
30965,úmor,N
30966,úmrtí,N
30967,úmrtní,A
30968,úmysl,N
30969,úmyslný,A
30970,úmyslně,D
30971,úměra,N
30972,úměrně,D
30973,úměrný,A
30974,únava,N
30975,únavný,A
30976,únavový,A
30977,únik,N
30978,únikový,A
30979,únor,N
30980,únos,N
30981,únosce,N
30982,únosnost,N
30983,únosný,A
30984,únosně,D
30985,úpadek,N
30986,úpatí,N
30987,úpis,N
30988,úplata,N
30989,úplatek,N
30990,úplatkářský,A
30991,úplatkářství,N
30992,úplatný,A
30993,úplavice,N
30994,úplet,N
30995,úpletový,A
30996,úplnost,N
30997,úplný,A
30998,úplně,D
30999,úplněk,N
31000,úpon,N
31001,úporný,A
31002,úporně,D
31003,úprava,N
31004,úpravce,N
31005,úpravna,N
31006,úprk,N
31007,úraz,N
31008,úrazovka,N
31009,úrazovost,N
31010,úroda,N
31011,úrok,N
31012,úroveň,N
31013,úrovňový,A
31014,úročení,N
31015,úročený,A
31016,úročit,V
31017,úryvek,N
31018,úschovna,N
31019,úsek,N
31020,úsekový,A
31021,úsečka,N
31022,úsečný,A
31023,úsečně,D
31024,úskalí,N
31025,úskok,N
31026,úsloví,N
31027,úsměv,N
31028,úsměvný,A
31029,úsměšek,N
31030,úspora,N
31031,úspornost,N
31032,úsporný,A
31033,úsporně,D
31034,úspěch,N
31035,úspěšný,A
31036,úspěšně,D
31037,ústa,N
31038,ústav,N
31039,ústava,N
31040,ústavnost,N
31041,ústavní,A
31042,ústit,V
31043,ústní,A
31044,ústně,D
31045,ústraní,N
31046,ústrk,N
31047,ústrojí,N
31048,ústup,N
31049,ústupek,N
31050,ústupný,A
31051,ústupový,A
31052,ústí,N
31053,ústící,A
31054,ústředí,N
31055,ústředna,N
31056,ústřední,A
31057,ústřice,N
31058,ústřižek,N
31059,úsudek,N
31060,úterní,A
31061,úterý,N
31062,útes,N
31063,útlum,N
31064,útlý,A
31065,útok,N
31066,útočení,N
31067,útočit,V
31068,útočiště,N
31069,útočnice,N
31070,útočník,N
31071,útočně,D
31072,útočný,A
31073,útočící,A
31074,útrapa,N
31075,útrata,N
31076,útroby,N
31077,útrpný,A
31078,útržek,N
31079,útržkovitý,A
31080,útulek,N
31081,útulno,D
31082,útulnost,N
31083,útulně,D
31084,útulný,A
31085,útvar,N
31086,útěcha,N
31087,útěk,N
31088,útěkář,N
31089,úvaha,N
31090,úvaz,N
31091,úvazek,N
31092,úvod,N
31093,úvodní,A
31094,úvodník,N
31095,úvoz,N
31096,úvěr,N
31097,úvěrní,A
31098,úvěrování,N
31099,úvěrový,A
31100,úzce,D
31101,územní,A
31102,územně,D
31103,území,N
31104,úzko,D
31105,úzkoprsý,A
31106,úzkost,N
31107,úzkostlivý,A
31108,úzkostlivě,D
31109,úzký,A
31110,účast,N
31111,účastnice,N
31112,účastnický,A
31113,účastnit,V
31114,účastnící,A
31115,účastník,N
31116,účastný,A
31117,účel,N
31118,účelnost,N
31119,účelný,A
31120,účelovost,N
31121,účelově,D
31122,účelový,A
31123,účes,N
31124,účet,N
31125,účetní,N
31126,účetně,D
31127,účinek,N
31128,účinkovat,V
31129,účinkující,A
31130,účinnost,N
31131,účinně,D
31132,účinný,A
31133,účtenka,N
31134,účtovaný,A
31135,účtovat,V
31136,účtování,N
31137,účtárna,N
31138,úřad,N
31139,úřadovna,N
31140,úřadování,N
31141,úřadovat,V
31142,úřednice,N
31143,úřednictvo,N
31144,úřední,A
31145,úředník,N
31146,úředníček,N
31147,úšklebek,N
31148,úžas,N
31149,úžasný,A
31150,úžasně,D
31151,úžeh,N
31152,úžina,N
31153,úžlabí,N
31154,čachr,N
31155,čahoun,N
31156,čajovna,N
31157,čajový,A
31158,čakra,N
31159,čalouník,N
31160,čalouněný,A
31161,čalounění,N
31162,čapka,N
31163,čapí,A
31164,čaroděj,N
31165,čarodějka,N
31166,čarodějnice,N
31167,čarodějnický,A
31168,čarodějnictví,N
31169,čarodějný,A
31170,čarokrásný,A
31171,čarostřelec,N
31172,čarovat,V
31173,čarovný,A
31174,čarování,N
31175,časný,A
31176,časně,D
31177,časopis,N
31178,časopisecký,A
31179,časoprostor,N
31180,časovač,N
31181,časovka,N
31182,časovkář,N
31183,časování,N
31184,časový,A
31185,časově,D
31186,často,D
31187,častokrát,D
31188,častovat,V
31189,častý,A
31190,čatní,N
31191,čechrat,V
31192,čedič,N
31193,čejka,N
31194,čekající,A
31195,čekanka,N
31196,čekat,V
31197,čekatel,N
31198,čekání,N
31199,čekárna,N
31200,čeledín,N
31201,čeleď,N
31202,čelist,N
31203,čelit,V
31204,čelní,A
31205,čelně,D
31206,čelo,N
31207,čelící,A
31208,čenich,N
31209,čenichat,V
31210,čepec,N
31211,čepel,N
31212,čepice,N
31213,čepička,N
31214,čepovaný,A
31215,čepovat,V
31216,čepování,N
31217,černokněžník,N
31218,čerpací,A
31219,čerpadlo,N
31220,čerpadlář,N
31221,čerpadlářka,N
31222,čerpající,A
31223,čerpaný,A
31224,čerpat,V
31225,čerpačka,N
31226,čerpání,N
31227,čerstvost,N
31228,čerstvý,A
31229,čerstvě,D
31230,čert,N
31231,čertice,N
31232,čertovina,N
31233,čertovský,A
31234,čertí,A
31235,čertík,N
31236,červenat,V
31237,červenec,N
31238,červenka,N
31239,červotoč,N
31240,červánek,N
31241,červík,N
31242,červíček,N
31243,čerň,N
31244,česaný,A
31245,česat,V
31246,česačka,N
31247,česnek,N
31248,česnekový,A
31249,česnečka,N
31250,čest,N
31251,čestnost,N
31252,čestný,A
31253,čestně,D
31254,četa,N
31255,četař,N
31256,četba,N
31257,četník,N
31258,četnický,A
31259,četnictvo,N
31260,četnost,N
31261,četný,A
31262,čeřínek,N
31263,čich,N
31264,čichat,V
31265,čichový,A
31266,čidlo,N
31267,čihadlo,N
31268,čili,J
31269,čilý,A
31270,činidlo,N
31271,činit,V
31272,činka,N
31273,činnost,N
31274,činný,A
31275,činně,D
31276,činoherec,N
31277,činoherní,A
31278,činohra,N
31279,činorodost,N
31280,činorodý,A
31281,činovník,N
31282,činčila,N
31283,činění,N
31284,činže,N
31285,činžovní,A
31286,čipování,N
31287,čirok,N
31288,čirůvka,N
31289,čisticí,A
31290,čistič,N
31291,čistička,N
31292,čistit,V
31293,čistka,N
31294,čistokrevný,A
31295,čistota,N
31296,čistící,A
31297,čistírna,N
31298,čistě,D
31299,čistý,A
31300,čitelnost,N
31301,čitelně,D
31302,čitelný,A
31303,čivava,N
31304,čištění,N
31305,čištěný,A
31306,člen,N
31307,členit,V
31308,členitost,N
31309,členitý,A
31310,členný,A
31311,členovec,N
31312,členský,A
31313,členství,N
31314,členěný,A
31315,človíček,N
31316,člověk,N
31317,člověčina,N
31318,člověčí,A
31319,článek,N
31320,čmelák,N
31321,čmáranice,N
31322,čmárat,V
31323,čokoláda,N
31324,čokoládovna,N
31325,čolek,N
31326,čouhat,V
31327,čočka,N
31328,čočkový,A
31329,čpět,V
31330,čtecí,A
31331,čtenost,N
31332,čtenář,N
31333,čtenářka,N
31334,čtenářsky,D
31335,čtenářský,A
31336,čtenářství,N
31337,čtení,N
31338,čtený,A
31339,čtečka,N
31340,čtverec,N
31341,čtverylka,N
31342,čtverák,N
31343,čtveřice,N
31344,čtvrtina,C
31345,čtvrtka,N
31346,čtvrť,N
31347,čtvrťák,N
31348,čtyřboj,N
31349,čtyřhra,N
31350,čtyřka,N
31351,čtyřkolka,N
31352,čtyřlístek,N
31353,čtyřnohý,A
31354,čtyřnožec,N
31355,čtyřspřeží,N
31356,čtyřtakt,N
31357,čtyřválec,N
31358,čtyřúhelník,N
31359,čuch,N
31360,čudlík,N
31361,čumák,N
31362,čumáček,N
31363,čundr,N
31364,čuník,N
31365,čučet,V
31366,čára,N
31367,čárka,N
31368,čárový,A
31369,část,N
31370,částečka,N
31371,částečný,A
31372,částice,N
31373,částicový,A
31374,číhající,A
31375,číhat,V
31376,čílit,V
31377,čípek,N
31378,číselník,N
31379,číselný,A
31380,čislice,N
31381,číslicový,A
31382,číslo,N
31383,číslovaný,A
31384,číslovka,N
31385,číslovat,V
31386,číslování,N
31387,čítající,A
31388,čítanka,N
31389,čítankový,A
31390,čítat,V
31391,čítač,N
31392,číše,N
31393,číšnice,N
31394,číšnický,A
31395,číšník,N
31396,čížek,N
31397,čůrat,V
31398,ďolíček,N
31399,ďábel,N
31400,ňadra,N
31401,ňadro,N
31402,řada,N
31403,řadicí,A
31404,řadit,V
31405,řadič,N
31406,řadovka,N
31407,řadový,A
31408,řapík,N
31409,řapíkatý,A
31410,řasa,N
31411,řasenka,N
31412,řasení,N
31413,řasit,V
31414,řazení,N
31415,řazený,A
31416,řebříček,N
31417,ředidlo,N
31418,ředit,V
31419,ředitel,N
31420,ředitelka,N
31421,ředitelna,N
31422,ředitelný,A
31423,ředitelovat,V
31424,ředitelování,N
31425,ředitelství,N
31426,ředkev,N
31427,ředkvička,N
31428,ředěný,A
31429,řehole,N
31430,řeholnice,N
31431,řeholní,A
31432,řeholník,N
31433,řehtačka,N
31434,řeka,N
31435,řemen,N
31436,řemeslník,N
31437,řemeslo,N
31438,řemínek,N
31439,řepa,N
31440,řepařský,A
31441,řepka,N
31442,řepkový,A
31443,řetízek,N
31444,řetěz,N
31445,řetězec,N
31446,řetězový,A
31447,řevnice,N
31448,řezací,A
31449,řezanka,N
31450,řezaný,A
31451,řezat,V
31452,řezavý,A
31453,řezačka,N
31454,řezba,N
31455,řezbář,N
31456,řezbářský,A
31457,řezbářství,N
31458,řezivo,N
31459,řeznictví,N
31460,řezník,N
31461,řezný,A
31462,řezák,N
31463,řezání,N
31464,řečený,A
31465,řečiště,N
31466,řečnický,A
31467,řečník,N
31468,řečnit,V
31469,řečnění,N
31470,řeřicha,N
31471,řešeto,N
31472,řešit,V
31473,řešitel,N
31474,řešitelný,A
31475,řešitelský,A
31476,řešící,A
31477,řežba,N
31478,řidič,N
31479,řidička,N
31480,řidičský,A
31481,řidičák,N
31482,řinout,V
31483,řinčení,N
31484,řinčet,V
31485,řvaní,N
31486,řvát,V
31487,řádek,N
31488,řádit,V
31489,řádka,N
31490,řádkový,A
31491,řádný,A
31492,řádový,A
31493,řádově,D
31494,řádící,A
31495,řádění,N
31496,říci,V
31497,řídce,D
31498,řídicí,A
31499,řídit,V
31500,řídký,A
31501,řídnout,V
31502,řídnutí,N
31503,řídící,A
31504,řídítko,N
31505,říje,N
31506,říjen,N
31507,říkadlo,N
31508,říkanka,N
31509,říkat,V
31510,římsa,N
31511,řípa,N
31512,řítit,V
31513,řítící,A
31514,říza,N
31515,řízek,N
31516,řízený,A
31517,řízeček,N
31518,řízný,A
31519,říčka,N
31520,říční,A
31521,šabat,N
31522,šablona,N
31523,šach,N
31524,šachista,N
31525,šachistka,N
31526,šachovnice,N
31527,šachovnicový,A
31528,šachový,A
31529,šachta,N
31530,šachy,N
31531,šacovat,V
31532,šafrán,N
31533,šafránový,A
31534,šafář,N
31535,šafářová,N
31536,šakal,N
31537,šakalí,A
31538,šalmaj,N
31539,šalvěj,N
31540,šalvějový,A
31541,šaman,N
31542,šamanismus,N
31543,šamanka,N
31544,šampaňské,N
31545,šampion,N
31546,šampionka,N
31547,šampionát,N
31548,šampión,N
31549,šampiónka,N
31550,šampon,N
31551,šanon,N
31552,šanson,N
31553,šansoniér,N
31554,šansoniérka,N
31555,šapitó,N
31556,šarvátka,N
31557,šaráda,N
31558,šarže,N
31559,šasi,N
31560,šatičky,N
31561,šatit,V
31562,šatlava,N
31563,šatna,N
31564,šatník,N
31565,šatstvo,N
31566,šaty,N
31567,šavle,N
31568,šavlozubý,A
31569,šašek,N
31570,šaškárna,N
31571,šedina,N
31572,šediny,N
31573,šejk,N
31574,šekel,N
31575,šelest,N
31576,šelma,N
31577,šelmička,N
31578,šenk,N
31579,šeptanda,N
31580,šeptat,V
31581,šerif,N
31582,šerm,N
31583,šermovat,V
31584,šermování,N
31585,šermíř,N
31586,šermířka,N
31587,šermířský,A
31588,šero,N
31589,šerpa,N
31590,šestina,C
31591,šestka,N
31592,šesták,N
31593,šesťák,N
31594,šetrnost,N
31595,šetrný,A
31596,šetrně,D
31597,šetření,N
31598,šetřený,A
31599,šetřit,V
31600,šetřílek,N
31601,ševcovský,A
31602,šeřík,N
31603,šeříkový,A
31604,šibal,N
31605,šibalský,A
31606,šibalství,N
31607,šibenice,N
31608,šibeniční,A
31609,šibřinky,N
31610,šichta,N
31611,šicí,A
31612,šidit,V
31613,šidítko,N
31614,šifra,N
31615,šifrovací,A
31616,šifrovat,V
31617,šifrování,N
31618,šikana,N
31619,šikanovaný,A
31620,šikanovat,V
31621,šikanování,N
31622,šikanózní,A
31623,šikmo,D
31624,šikmý,A
31625,šikovnost,N
31626,šikovný,A
31627,šikovně,D
31628,šikulka,N
31629,šilhat,V
31630,šilhavý,A
31631,šilhání,N
31632,šilink,N
31633,šiml,N
31634,šimpanz,N
31635,šimpanzí,A
31636,šindel,N
31637,šinout,V
31638,šipka,N
31639,šipkař,N
31640,šipkový,A
31641,široce,D
31642,široko,N
31643,širokoúhlý,A
31644,široký,A
31645,širák,N
31646,šití,N
31647,šitý,A
31648,šička,N
31649,šiřitel,N
31650,šišatý,A
31651,šiška,N
31652,šišlat,V
31653,škamna,N
31654,škaredý,A
31655,škaredě,D
31656,škarohlíd,N
31657,škarpa,N
31658,škatulata,N
31659,škatule,N
31660,škatulka,N
31661,škatulkování,N
31662,škeble,N
31663,škemrat,V
31664,škleb,N
31665,šklebit,V
31666,škobrtnout,V
31667,škobrtnutí,N
31668,škoda,N
31669,škodit,V
31670,škodlivina,N
31671,škodlivý,A
31672,škodná,N
31673,škodní,A
31674,škodný,A
31675,škodolibost,N
31676,škodolibý,A
31677,škodolibě,D
31678,škola,N
31679,školačka,N
31680,školení,N
31681,školený,A
31682,školicí,A
31683,školit,V
31684,školitel,N
31685,školka,N
31686,školní,A
31687,školník,N
31688,školství,N
31689,školácký,A
31690,školák,N
31691,školáček,N
31692,školící,A
31693,škopek,N
31694,škorpion,N
31695,škrabka,N
31696,škraloup,N
31697,škrcení,N
31698,škrkavka,N
31699,škrob,N
31700,škrobený,A
31701,škrobový,A
31702,škrt,N
31703,škrtat,V
31704,škrtič,N
31705,škrtání,N
31706,škrábanec,N
31707,škrábat,V
31708,škrábnout,V
31709,škrábání,N
31710,škubánek,N
31711,škudlit,V
31712,škuner,N
31713,škvarek,N
31714,škvarkový,A
31715,škvár,N
31716,škvára,N
31717,škvárový,A
31718,škvíra,N
31719,škádlení,N
31720,škádlit,V
31721,škála,N
31722,škůdce,N
31723,šlacha,N
31724,šlahoun,N
31725,šlamastika,N
31726,šlapací,A
31727,šlapadlo,N
31728,šlapající,A
31729,šlapat,V
31730,šlapka,N
31731,šlapání,N
31732,šlechetný,A
31733,šlechta,N
31734,šlechtic,N
31735,šlechtický,A
31736,šlechtit,V
31737,šlechtitel,N
31738,šlechtitelský,A
31739,šlechtična,N
31740,šleh,N
31741,šlehající,A
31742,šlehaný,A
31743,šlehat,V
31744,šlehač,N
31745,šlehačka,N
31746,šlehačkový,A
31747,šlehání,N
31748,šlágr,N
31749,šlápnout,V
31750,šlápota,N
31751,šlépěj,N
31752,šminka,N
31753,šmouha,N
31754,šmoula,N
31755,šmoulí,A
31756,šmrnc,N
31757,šmrncovní,A
31758,šmátrat,V
31759,šmírování,N
31760,šmírovat,V
31761,šnek,N
31762,šnekový,A
31763,šnečí,A
31764,šnorchl,N
31765,šnorchlování,N
31766,šnorchlovat,V
31767,šofér,N
31768,šoférka,N
31769,šokující,A
31770,šortky,N
31771,šotek,N
31772,šotolina,N
31773,šotolinový,A
31774,šourat,V
31775,špachtle,N
31776,špageta,N
31777,špajz,N
31778,špalda,N
31779,špaldový,A
31780,špalek,N
31781,špalír,N
31782,špalíček,N
31783,španělka,N
31784,špatný,A
31785,špatně,D
31786,špaček,N
31787,špeh,N
31788,špehovat,V
31789,špehování,N
31790,špejchar,N
31791,špek,N
31792,špenát,N
31793,špenátový,A
31794,šperk,N
31795,šperkař,N
31796,šperkařka,N
31797,šperkařský,A
31798,šperkařství,N
31799,šperkovnice,N
31800,špic,N
31801,špica,N
31802,špice,N
31803,špinavost,N
31804,špinavý,A
31805,špinit,V
31806,špion,N
31807,špionka,N
31808,špionáž,N
31809,špionážní,A
31810,špit,N
31811,špitat,V
31812,špitál,N
31813,špitální,A
31814,špitálník,N
31815,špičatý,A
31816,špička,N
31817,špičkování,N
31818,špičkový,A
31819,špičák,N
31820,šplh,N
31821,šplhající,A
31822,šplhat,V
31823,šplouchat,V
31824,šplouchání,N
31825,šplouchnutí,N
31826,šproch,N
31827,šprt,N
31828,šprým,N
31829,špunt,N
31830,špíz,N
31831,špýchar,N
31832,šraml,N
31833,šramot,N
31834,šrapnel,N
31835,šrot,N
31836,šrotovat,V
31837,šroub,N
31838,šroubek,N
31839,šroubovací,A
31840,šroubovat,V
31841,šroubovice,N
31842,šroubovák,N
31843,šroubování,N
31844,šroubový,A
31845,šroubárna,N
31846,šrám,N
31847,štace,N
31848,štafeta,N
31849,štafle,N
31850,štamgast,N
31851,štika,N
31852,štiplavý,A
31853,štok,N
31854,štola,N
31855,štos,N
31856,štreka,N
31857,štuk,N
31858,štukový,A
31859,štvanec,N
31860,štvanice,N
31861,štvanický,A
31862,štvaní,N
31863,štvaný,A
31864,štvavý,A
31865,štvát,V
31866,štváč,N
31867,štych,N
31868,štáb,N
31869,štábní,A
31870,štíhlý,A
31871,štípa,N
31872,štípací,A
31873,štípanec,N
31874,štípaný,A
31875,štípat,V
31876,štípnout,V
31877,štípání,N
31878,štír,N
31879,štístko,N
31880,štít,N
31881,štítit,V
31882,štítný,A
31883,štěbetat,V
31884,štěbetání,N
31885,štědrost,N
31886,štědrý,A
31887,štěk,N
31888,štěkající,A
31889,štěkat,V
31890,štěknout,V
31891,štěkání,N
31892,štěně,N
31893,štěp,N
31894,štěpit,V
31895,štěpka,N
31896,štěpkovač,N
31897,štěpnice,N
31898,štěrbina,N
31899,štěrk,N
31900,štěrkovna,N
31901,štěstí,N
31902,štěstíčko,N
31903,štěstěna,N
31904,štětec,N
31905,štěteček,N
31906,štětina,N
31907,štětka,N
31908,štěňátko,N
31909,šuhaj,N
31910,šumař,N
31911,šumný,A
31912,šumící,A
31913,šumění,N
31914,šumět,V
31915,šupina,N
31916,šupinka,N
31917,šuplík,N
31918,šupák,N
31919,šustnout,V
31920,šustí,N
31921,šustění,N
31922,šusťáky,N
31923,šusťákový,A
31924,šutr,N
31925,šutér,N
31926,šuškanda,N
31927,šuškat,V
31928,švadlena,N
31929,švadlenka,N
31930,švagr,N
31931,švagrová,N
31932,švanda,N
31933,švestka,N
31934,švih,N
31935,švihadlo,N
31936,švihat,V
31937,švihnout,V
31938,švihák,N
31939,švindl,N
31940,švindlovat,V
31941,šváb,N
31942,švára,N
31943,šála,N
31944,šálek,N
31945,šátek,N
31946,šáteček,N
31947,šátrat,V
31948,šéfka,N
31949,šéfkuchař,N
31950,šéfkuchařka,N
31951,šéfovat,V
31952,šéfová,N
31953,šéfování,N
31954,šéfredaktor,N
31955,šéfredaktorka,N
31956,šídlo,N
31957,šíje,N
31958,šílenec,N
31959,šílenost,N
31960,šílenství,N
31961,šílený,A
31962,šíleně,D
31963,šílet,V
31964,šípek,N
31965,šípkový,A
31966,šíře,N
31967,šíření,N
31968,šířený,A
31969,šířit,V
31970,šířka,N
31971,šířkový,A
31972,šířící,A
31973,šňůra,N
31974,šňůrka,N
31975,šťastlivec,N
31976,šťastný,A
31977,šťouchanec,N
31978,šťouchaný,A
31979,šťouchat,V
31980,šťouchnout,V
31981,šťourat,V
31982,šťovík,N
31983,šťára,N
31984,šťáva,N
31985,ťukanec,N
31986,ťuknout,V
31987,ťukání,N
31988,žabička,N
31989,žabka,N
31990,žabák,N
31991,žabí,A
31992,žací,A
31993,žadatel,N
31994,žadatelka,N
31995,žaloba,N
31996,žalobce,N
31997,žalobkyně,N
31998,žalostný,A
31999,žalostně,D
32000,žalovat,V
32001,žalud,N
32002,žaludek,N
32003,žalující,A
32004,žaluzie,N
32005,žalář,N
32006,žampion,N
32007,žargon,N
32008,žasnout,V
32009,žačka,N
32010,žebrající,A
32011,žebrat,V
32012,žebračka,N
32013,žebro,N
32014,žebrota,N
32015,žebrácký,A
32016,žebrák,N
32017,žebrání,N
32018,žebírko,N
32019,žebřiny,N
32020,žebřiňák,N
32021,žebřík,N
32022,žebříček,N
32023,žebříčkový,A
32024,žehlení,N
32025,žehlička,N
32026,žehlit,V
32027,žehnat,V
32028,žehnání,N
32029,žehrat,V
32030,žejdlík,N
32031,želatina,N
32032,želatinový,A
32033,železnice,N
32034,železnický,A
32035,železničář,N
32036,železniční,A
32037,železo,N
32038,železobeton,N
32039,železárna,N
32040,železářství,N
32041,želva,N
32042,želvička,N
32043,želví,A
32044,želírovací,A
32045,želízko,N
32046,žemle,N
32047,žemlovka,N
32048,žena,N
32049,ženatý,A
32050,ženich,N
32051,ženit,V
32052,ženskost,N
32053,žensky,D
32054,ženská,N
32055,ženský,A
32056,ženství,N
32057,ženění,N
32058,ženšen,N
32059,žert,N
32060,žertovat,V
32061,žertovný,A
32062,žertování,N
32063,žertík,N
32064,žerď,N
32065,žesť,N
32066,žesťový,A
32067,žeton,N
32068,žezlo,N
32069,žežulka,N
32070,žhavý,A
32071,žhnoucí,A
32072,žhář,N
32073,žhářský,A
32074,židle,N
32075,židlička,N
32076,židovství,N
32077,žihadlo,N
32078,žijící,A
32079,žiletka,N
32080,žilka,N
32081,žilní,A
32082,žirafa,N
32083,žirafí,A
32084,žito,N
32085,žitný,A
32086,žití,N
32087,živec,N
32088,živel,N
32089,živelnost,N
32090,živelně,D
32091,živelný,A
32092,živený,A
32093,živina,N
32094,živit,V
32095,živitel,N
32096,živitelka,N
32097,živnost,N
32098,živnostník,N
32099,živobytí,N
32100,život,N
32101,životaschopnost,N
32102,životní,A
32103,životný,A
32104,životně,D
32105,životodárný,A
32106,životopis,N
32107,životopisec,N
32108,životospráva,N
32109,živoucí,A
32110,živočich,N
32111,živočišnost,N
32112,živočišný,A
32113,živoření,N
32114,živořit,V
32115,živořící,A
32116,živící,A
32117,živý,A
32118,živůtek,N
32119,žleb,N
32120,žloutek,N
32121,žloutenka,N
32122,žloutkový,A
32123,žluč,N
32124,žlučník,N
32125,žlučníkový,A
32126,žlučový,A
32127,žluť,N
32128,žlábek,N
32129,žláza,N
32130,žlázka,N
32131,žmoulat,V
32132,žokej,N
32133,žold,N
32134,žoldnéř,N
32135,žoldák,N
32136,žolík,N
32137,žonglovat,V
32138,žonglování,N
32139,žonglér,N
32140,žonglérský,A
32141,žoviální,A
32142,žralok,N
32143,žraločí,A
32144,žravý,A
32145,žrout,N
32146,žrádlo,N
32147,žrát,V
32148,žula,N
32149,žulový,A
32150,žumpa,N
32151,župa,N
32152,župan,N
32153,župní,A
32154,žurnalista,N
32155,žurnalistika,N
32156,žurnál,N
32157,žvanit,V
32158,žvanění,N
32159,žvatlat,V
32160,žvást,N
32161,žvýkací,A
32162,žvýkat,V
32163,žába,N
32164,žábra,N
32165,žádající,A
32166,žádaný,A
32167,žádat,V
32168,žádný,P
32169,žádost,N
32170,žádostivost,N
32171,žádoucí,A
32172,žádání,N
32173,žáha,N
32174,žákovský,A
32175,žákyně,N
32176,žánr,N
32177,žárlit,V
32178,žárlivec,N
32179,žárlivost,N
32180,žárlivě,D
32181,žárlivý,A
32182,žárovka,N
32183,žárový,A
32184,žáruvzdorný,A
32185,žáček,N
32186,žíla,N
32187,žínka,N
32188,žíně,N
32189,žíněnka,N
32190,žíravina,N
32191,žízeň,N
32192,žíznivý,A
32193,žíznit,V
32194,žížala,N
32195,žňový,A
32196,voda,N
32197,nový,A
32198,absolvent,N
32199,akt,N
32200,alt,N
32201,bar,N
32202,bas,N
32203,bit,N
32204,bič,N
32205,buk,N
32206,bus,N
32207,byt,A
32208,byt,N
32209,bát,V
32210,bít,V
32211,býk,N
32212,běh,N
32213,běs,N
32214,bůh,N
32215,cit,N
32216,clo,N
32217,cop,N
32218,cíl,N
32219,cín,N
32220,cíp,N
32221,dar,N
32222,dav,N
32223,daň,N
32224,den,N
32225,drn,N
32226,drť,N
32227,dub,N
32228,dva,D
32229,dál,D
32230,dát,V
32231,dík,R
32232,díl,N
32233,dóm,N
32234,dým,N
32235,děd,N
32236,děj,N
32237,děs,N
32238,důl,N
32239,dům,N
32240,ego,N
32241,elf,N
32242,emu,N
32243,end,N
32244,erb,N
32245,eso,N
32246,fén,N
32247,fík,N
32248,gel,N
32249,gen,A
32250,gen,N
32251,had,N
32252,hit,N
32253,hod,N
32254,hon,N
32255,hra,N
32256,huť,N
32257,háj,N
32258,hýl,N
32259,hůl,N
32260,jak,J
32261,jas,N
32262,jed,N
32263,jen,T
32264,jet,V
32265,jev,N
32266,jez,N
32267,jež,N
32268,jih,N
32269,jíl,N
32270,jít,V
32271,kat,N
32272,kde,D
32273,kec,N
32274,kel,N
32275,kop,N
32276,kos,N
32277,kov,N
32278,koš,N
32279,kra,N
32280,krb,N
32281,krk,N
32282,krč,N
32283,kup,N
32284,kur,N
32285,kus,N
32286,kyj,N
32287,káď,N
32288,kéž,T
32289,kód,N
32290,kýč,N
32291,kůl,N
32292,kůr,N
32293,kůň,N
32294,lak,N
32295,laň,N
32296,led,N
32297,lem,N
32298,len,N
32299,leč,J
32300,lež,N
32301,lin,N
32302,lok,N
32303,lom,N
32304,los,N
32305,loď,N
32306,luh,N
32307,luk,N
32308,lup,N
32309,lák,N
32310,lán,N
32311,lék,N
32312,líh,N
32313,lůj,N
32314,med,N
32315,mez,N
32316,meč,N
32317,mha,N
32318,mim,N
32319,min,A
32320,mlž,N
32321,moc,N
32322,mol,N
32323,mor,N
32324,moč,N
32325,myš,N
32326,mág,N
32327,máj,N
32328,mák,N
32329,míč,N
32330,mýt,V
32331,můj,P
32332,nad,R
32333,nať,N
32334,nic,P
32335,nit,N
32336,nos,N
32337,nám,P
32338,níž,N
32339,nýt,N
32340,nůž,N
32341,oba,C
32342,obr,N
32343,oko,N
32344,okr,N
32345,oni,P
32346,osa,N
32347,pak,D
32348,pas,N
32349,pec,N
32350,pes,N
32351,pod,D
32352,pol,A
32353,pud,N
32354,puk,N
32355,puč,N
32356,pyl,N
32357,pán,N
32358,pár,N
32359,pás,N
32360,páv,N
32361,pít,V
32362,píď,N
32363,pól,N
32364,půl,N
32365,rak,N
32366,ras,N
32367,rej,N
32368,ret,N
32369,rod,N
32370,roh,N
32371,roj,N
32372,rok,N
32373,rub,N
32374,rum,N
32375,rád,A
32376,ráj,N
32377,rám,N
32378,ráz,N
32379,rým,N
32380,rýt,V
32381,rýč,N
32382,saň,N
32383,sed,N
32384,sek,N
32385,sem,D
32386,seč,N
32387,sok,N
32388,srp,N
32389,sud,N
32390,suk,N
32391,suť,N
32392,syn,N
32393,sáh,N
32394,sál,N
32395,sít,V
32396,síň,N
32397,síť,N
32398,sýr,N
32399,tep,N
32400,tip,N
32401,tis,N
32402,tma,N
32403,trh,N
32404,trs,N
32405,tur,N
32406,tyl,N
32407,typ,N
32408,tyč,N
32409,tác,N
32410,tón,N
32411,týl,N
32412,týž,P
32413,tůň,N
32414,ufo,N
32415,val,N
32416,var,N
32417,ves,N
32418,veš,N
32419,vir,N
32420,vně,R
32421,vor,N
32422,vrh,N
32423,vrt,N
32424,vát,V
32425,vír,N
32426,výr,N
32427,věc,N
32428,věk,N
32429,věž,N
32430,vůl,N
32431,vůz,N
32432,zas,D
32433,zem,A
32434,zen,N
32435,zeď,N
32436,zeť,N
32437,zip,N
32438,zle,D
32439,zlo,N
32440,zob,N
32441,záď,N
32442,zář,N
32443,čaj,N
32444,čas,N
32445,čep,N
32446,čin,N
32447,čip,N
32448,čáp,N
32449,řad,N
32450,řev,N
32451,řez,N
32452,řeč,N
32453,řež,N
32454,řiť,N
32455,řád,N
32456,říz,N
32457,šek,N
32458,šev,N
32459,šeď,N
32460,šik,A
32461,šok,N
32462,šos,N
32463,šum,N
32464,šál,N
32465,šéf,N
32466,šíp,N
32467,šít,V
32468,žal,N
32469,žně,N
32470,žák,N
32471,žár,N
32472,žít,V
